Filename,Size_Bytes,Date_Modified,SHA256
sample-1065.eml,24540,2026-08-06,e738826f0f4339b353ad39cca2a70073b3e834bcdf6407833f6535edcb74dd4c
sample-748.eml,22120,2026-08-06,399ccf5dfbf99f62d12362e4a02b3045d7e4c99b1824e6f7c7a21dbf63eb42fa
sample-1050.eml,20229,2026-08-06,45dc6d0f1b299c52cc914beb5097b917339d0685e45ad99cb306b1d341def9b2
sample-2233.eml,15927,2026-08-06,3e0b7f7504a676b2a06d7a09c931a36c886166d0f6a45575b848a153254a311c
sample-1820.eml,16660,2026-08-06,1c4f65519574e175dec480c72ae70076c2c1d8b0d92f7dce81aa42418f3c47ff
sample-5566.eml,34298,2026-08-06,dc2556887922e3990d6a20a525714a08e486800ffae8fcb10c187220fe5430be
sample-1456.eml,22101,2026-08-06,2d4bc84ac3b3f15bb206d8bc126185844f1932497bcab4f63f31dd79706a3e83
sample-6259.eml,140783,2026-08-06,ef5f5ac07b002ca2f5bf79f84bc8fd9615fac5c6dcac7511af2293efd97cedaf
sample-3600.eml,13320,2026-08-06,ab0a31c38df4f3e0e1186ee433a840bd7c87f2f9be5c5bc3e06800241ebcd3cf
sample-2119.eml,15596,2026-08-06,d38fb34cbc9412904ad841dd53f20ace2f9718716a5fa49c25fa9bb192e70e45
sample-1469.eml,44256,2026-08-06,e0bfc3830f21258f2369422be170845689de1d131516d189b2be762d8c3603d6
sample-2138.eml,131298,2026-08-06,c2d0c1f1a08f8fd62042b69ea38130e02160d1ac4f08f0eabed3d3c5fe7be9b3
sample-865.eml,34486,2026-08-06,cccbf209e85a162b52cb0a10e9b7dfcc35c3b66881d0f5040270649171e8b650
sample-5621.eml,31654,2026-08-06,c82b0c20f8955ade5c0c2bb8c4f38df28d8c90aa710e33c20274481f87812bca
sample-5125.eml,15003,2026-08-06,1d0b42bcf5eed5272fc5f09421b7c98c1ab3f031f7a358022d516dc5517f0b08
sample-473.eml,21283,2026-08-06,75c6656ad288c3472923d34c490d3b56f81b0a9c6d4575fae5e0686ed37bd9d1
sample-1839.eml,15633,2026-08-06,957fc0f497d28b573d2db31ef214db3f4132a8db41165b27c50544789fb434c0
sample-771.eml,46465,2026-08-06,414149013d0c892f006d4c11f635771ad4294909608176ac1df04182892fd1b0
sample-5897.eml,47648,2026-08-06,377b472666f6fd920f640341614d75fab49702cfac7ff08d35fc7023368f7114
sample-3784.eml,28299,2026-08-06,61821fba2680fa7adf72f509f580d59285c15c9c14e3e2c9b7bc9f32d978a97d
sample-264.eml,18314,2026-08-06,268109581d15b24a0bc2b0d8cd360d71fba3b06f82977d30b88cf738af096713
sample-1818.eml,14699,2026-08-06,8c5664858e1e09b5fd3a8ee96ee88a134ec8695522c94871d0a3fbd5de55fe26
sample-2542.eml,22380,2026-08-06,c5f5ccf3fb18dca3f0cfccee8ba2d83d725a96095221ba4b4a27cb34eeed0520
sample-3877.eml,19555,2026-08-06,d62cefc176dfefdbc1f1fa96c302eff5051db73c4e55b4eea3c9b46c7ba0db1e
sample-527.eml,14979,2026-08-06,8b395aca26b8db3850bfbeac595e3a773efd01170c09340d4b0b8a8fd4981beb
sample-7466.eml,25043,2026-08-06,4d2b8ff47b8d3bb30735bcbc3fe6827e8f2512f6884fc94456ed5d0e889fa6e9
sample-7331.eml,29485,2026-08-06,278a5e8a3d35ab85f0320346c7b701c66d1467acaf9db318c6b82bf9de059abb
sample-4262.eml,131745,2026-08-06,1a313dd0e235ebf7dbd8afc9c09391a67bee63b920324c03fecf990c32f1a9e0
sample-7997.eml,40103,2026-08-06,f65206b31ebb6b4a79522499c0c253b79035fbd30a0bbb98682dfbc28dfc95cf
sample-3689.eml,15031,2026-08-06,7f95154b3cc36ca3305673ac7d45942058e8c50a8c2208b2c758a2aceebdbbe6
sample-1612.eml,25234,2026-08-06,058c592e996007e678a5003cc94cc6821bb97f25aefd213e9f43c215ec5a9be1
sample-8280.eml,25401,2026-08-06,93ee076ac945a808e282a20b913f5ca189641668f08d1b4cf1f50697fe2952a9
sample-1068.eml,18115,2026-08-06,adc3c24c64a2aa4258cac742fb98814e89d52628bc1b6af67c94d79cf4b693f6
sample-2689.eml,105159,2026-08-06,8af00efbca0688071f831f1d3276850975fce7fbbc82e9ccbc272ba7ff80c4f8
sample-6609.eml,14585,2026-08-06,ca87294f52fbe8643b83ac7ec88ee293e0c53a7a159ed33fb475539c206306c3
sample-7147.eml,27939,2026-08-06,3898083a1618ed0333376b15e8995712718e9e64b3eb3f01ac24fdec2f653f8f
sample-5662.eml,15414,2026-08-06,996600b82b49b0e278e27c7c2bfc37c760db1bd00cfbe43cc817b32cbb1b991f
sample-5020.eml,15456,2026-08-06,ea6ec29f3f8f3a0d27e0a7ca9aec0fb828ea79734de7851fcc31df8b847ac33d
sample-1368.eml,19566,2026-08-06,792622fd6804472a248227522d84ef116c9d5bf1c87fcdc55be698e575b733e8
sample-5719.eml,19325,2026-08-06,3f7233f65afbfd53ea01e2f0f44bb759fbfd884b2e2116407f1e6573de58c278
sample-8462.eml,14684,2026-08-06,4c9c3f051e5536ae9364bf8116c8dc62f4be49717cf1c864fdabbf50b5126a94
sample-6553.eml,17651,2026-08-06,8f1336d47b488052c44f553ee2bad7be1a2e86ac1c86f32ead00053f9f13cd92
sample-8446.eml,20849,2026-08-06,647153c88be503a4c4be27d481a8f6fb04ef2b408d2375a275e19b9f1449d4f4
sample-3002.eml,17487,2026-08-06,bed01ebbfb21e0668d84406f681a1d0e49013892b8bacfad3fe50bc1a1607c9e
sample-6364.eml,25499,2026-08-06,353cec3a6888732f0da33132c2f0575d4b915b557c5570cc02f4b821ea5935a2
sample-4659.eml,91367,2026-08-06,d2d75eb42e176b370efdd35297f54a54318255fa5c5b35545406c44845857a60
sample-2676.eml,104426,2026-08-06,5066a1693c21c9e40218cea6f4cef54af55d2e54a088390b7634852ffcbe702b
sample-5277.eml,13397,2026-08-06,c8fdd04abfc643f9b2c0f70b206bf31ab53b99510a9c3d7903636ac242b71246
sample-6822.eml,15892,2026-08-06,cc8e4c8def1361821219061b25423e48e20e47f973a0e7c88abd0e321e19ea82
sample-6343.eml,17157,2026-08-06,c3f1de566c3fc21df64ee8ac357544f87c39852725c4c152f8a9354daf2d826d
sample-1088.eml,167249,2026-08-06,5077035c7fb58512d24e71d40541ed4a5b510e27897e4657ffdad03936f5825e
sample-5322.eml,28459,2026-08-06,6ffd9ee6a276ad538fc4e688957d19c1cf05af50047dc06323c6cfadee8e7feb
sample-4987.eml,13762,2026-08-06,6fe625d940b40f32583fa8e279ef08cb7d56289f8968d1c2f1bf0d3d94862ec9
sample-7992.eml,24935,2026-08-06,1ee7497c42c6890581c03c44043c2998908d5a5a3221659c6e9045628c9e196c
sample-1962.eml,15091,2026-08-06,5e6f9c92233d812bdb9b2ba53018584effd907ce6d3f16a80b2768cf37ed08dc
sample-324.eml,20534,2026-08-06,08e015972fd501d2200ee52ea94fa0c5485a21857da5d0ccd2137cba72bb1cdb
sample-7006.eml,24219,2026-08-06,acff02494fdaf20759b340217c312067d26135b29898e7f0dc0965b55ee9083f
sample-2953.eml,15195,2026-08-06,3b3b798c6f6302c8e9baefe3b12b5fa905fa1ab8225938a863e6284ad17c3209
sample-8561.eml,20961,2026-08-06,15b3e7846def2bcb2bd79c6461c61e8fe0865bad42db149ca96cb6328fe310f2
sample-8131.eml,19632,2026-08-06,d0dab87c091d1ba5e3d46dfd34974eb32f5a3799c64868c4c42d62afe185e279
sample-4324.eml,12131,2026-08-06,471b34869c8c9aeab29a67b7764c1200dfd3f4260f951f4d8247c32252f806bb
sample-4635.eml,160759,2026-08-06,7abb48950919471ac260b7c0aae5de4a5079efaf79089c4fde48615c0242ba36
sample-2663.eml,105171,2026-08-06,c55067d2c1c539d89c8d2623620336b386312cd20976b5a545253100a266456d
sample-7042.eml,27267,2026-08-06,5735ddeb8f6c28fededf050fb2c79711e4150a7caae07e3eb04b788882b99669
sample-1695.eml,18319,2026-08-06,859d6704ca04d9a316b77d30054a4b73fa162f1db4d32e8558eaaf5ac77c6ff3
sample-924.eml,13722,2026-08-06,dc6b0e0b230793f5d8cef7727926a3b6e6f594a8f38019fc66958f32d8f53db6
sample-4308.eml,11625,2026-08-06,e3832bd5fc9443acabf263c6a6376db9e6878444fde190d6d82d0f3692024761
sample-6825.eml,25126,2026-08-06,8951acc681104cc438158d5eac676a931a53f5553cb4a00dd5fafcbad4d0241d
sample-1059.eml,9821,2026-08-06,f3806e15afc53ddb5f4d8765265e3313eefb7f358f99bce259274b14e1086dd3
sample-2118.eml,21239,2026-08-06,bdb045e41bc49c8bbabdc598ce084e0a9ead4322cdced5ee090b851bf26e5e2c
sample-4589.eml,16560,2026-08-06,20a27651437a6f5e04271bbb4530755e4e4a6c57328c27b349125360bb7fd23b
sample-221.eml,11015,2026-08-06,a833582cbcc2e7fcc105355cbcab81d42310a07cbb97dbeeca241d7208c1f79c
sample-273.eml,192202,2026-08-06,0100604b801f6806120e2d92256800bcf9dc78edcdaf0239e365c1dbb736214a
sample-6015.eml,18910,2026-08-06,c1bd5d96948e96dcd4534b29f8129ad7d1ed5d371262c15b6b55a0e10c9e9b7b
sample-3753.eml,28959,2026-08-06,61dcb951d3ef1a36de6cb1f89dc27b571a2f0f677270bd5ef9cf87bf9bde5d92
sample-3626.eml,34287,2026-08-06,44bd03fe3530c354156e5de60bfa8b338bbfd6a5066985141fc8cd7474313b6d
sample-3324.eml,11127,2026-08-06,09222ff634cc45f3800947bf4801157893821285d59de674cdbaa9def1a1e905
sample-957.eml,25155,2026-08-06,bbddff887d04b56f474bd7b71c2e4b8033249f1d4b2b94f7697ddf13a8f6eecd
sample-1441.eml,30422,2026-08-06,9f444b4b99219db93fe5287707b30640f1caa74c93c0dc07284dd5d6d752b84e
sample-1886.eml,46625,2026-08-06,e9e20762ddec312d0dcc65a43746481c44e2cf1d9d7be9b707dc6aca2fe58b21
sample-2631.eml,105293,2026-08-06,96b3cad8d6a71881c6051079be669ea0a2baa482b203ef4edddaf14e4338a18c
sample-8438.eml,14857,2026-08-06,74f539d324b1b34327ce81870a8c589b48be9e39c1632db17d3b34c951a52d84
sample-7258.eml,32584,2026-08-06,66e017a28b2e5223b01089c163206a9965c7611bfe47a2611f1cb983fd5a0134
sample-7903.eml,33049,2026-08-06,766f85b13469660ff1155713e6a9691d113ce63cd2cae339e14fe2f2fe4e7a2a
sample-1558.eml,25158,2026-08-06,9a064f0152aa288041e3380f7717537774aa7d7e5a281283be979a3475d4d1af
sample-7.eml,16041,2026-08-06,757f7faa61243c0cf47ac4c47e9d44d980e4b18d93e3998c6173e3c6d3c83159
sample-8331.eml,469347,2026-08-06,47b6c97c76f68411689e3cfbb2f20e265d46dcaf1b2fcaf4e0e20ec5c01f1421
sample-3375.eml,133161,2026-08-06,fceb7becb49c23b3e443edced2f30c373664d9e40726015084c32cc79e04ccd8
sample-7971.eml,16377,2026-08-06,2a3fbbb540e07ea8b2cf623cac9c71b9fba09988f292da21b41bd6007515c4d6
sample-6569.eml,19459,2026-08-06,7dbc9b62b5d5db4421730de03b15b0244af286e528d8f3d5ca74807af8d34ddc
sample-1206.eml,22614,2026-08-06,d152c7f3cde38a5a75203624991a2d5fb4ca044e49815343217343133f10ccf1
sample-3806.eml,29240,2026-08-06,629c001b02914d4d7070937627db6584d4a50d6bbed02b4299de71f905b42c97
sample-8580.eml,461316,2026-08-06,ded10e1b8e6fa06fcb02cad57f2582c5a7c2ff1fc92281ca781c4d4c810e54c7
sample-2320.eml,18962,2026-08-06,febe6cc41fd89ff1deeb9b9efa6202864e4b6e35db5fd05bbbf25646e5649932
sample-1628.eml,77469,2026-08-06,59abd5e114cc2e3e34442232f01656104883f6092fcc68955ac17435a9ab64e6
sample-1471.eml,17788,2026-08-06,bc010499297956ad146a45d1a39fa24ba431772078cf537185fe21fd501b5e7d
sample-2111.eml,12974,2026-08-06,9b4d2c68ebf04de22770a1214671194a59e8ac6c476aef21e280385effdb89ba
sample-4576.eml,70005,2026-08-06,f7cd855e6b841dc3a6e312cf9f493d5157fba40737ee873f75e60344e4f8fae7
sample-3065.eml,19289,2026-08-06,c533270114fbc88b2476d26eb59376628999f685ebd972897cd225173986af9a
sample-791.eml,46334,2026-08-06,11d97ee34036c3c658d0d38fdae236ae1244e5e54b21b618984d7defd395f171
sample-3165.eml,10594,2026-08-06,01574d5d8b29d88dd15716895f383b2910c1b95983a51eb195701fbd9090c1dc
sample-2569.eml,16034,2026-08-06,049c377e5e0f17ee99052408dd8d76f223076aa8404b387c14021548b2a4d635
sample-5346.eml,14912,2026-08-06,c19a16e7d8c0ce2bfcb3749fcea270088f5e6dedbd257e1b23263749f2e8aeae
sample-3798.eml,30124,2026-08-06,8e3f47ff7a2533bb01752a07c83b84aa1e1efbef302ee30bba421a4934dacd94
sample-5971.eml,17964,2026-08-06,ed760359ccd408749e8581989764e5cdb5e8258bb513e68184e554858ce16056
sample-706.eml,46231,2026-08-06,5e052eea485e524a835b11a0f5123edf4a573b9bf16fe4cc8bc704eef6083898
sample-7047.eml,21570,2026-08-06,8cf9c5898dced04938c7239cd5067fb5a1e35f7328cb4cf20870b93edf865cde
sample-8285.eml,12878,2026-08-06,2b818fef1d89b1cfdae025ce9b529a9c760bb725976c1b2bdfe8a84aee4384e9
sample-6293.eml,50488,2026-08-06,d4764bc0c04251513607bc37a75a177bbe343da1363257c4cd8c701bf227aa27
sample-2211.eml,11881,2026-08-06,52f0f8cbfda32730da2413273fb09058e5666d9df0d89c6c30549daca850d116
sample-3948.eml,30337,2026-08-06,6a4d4f2390b2abec73cf7c83aa788fabb34d1d5d0cb264b75aa05ad9d2c0ec2c
sample-4519.eml,15459,2026-08-06,8e2d877573594419c99a0fe523151404eb6ab2ef897e3bbe4fc44359e083aa41
sample-2348.eml,282224,2026-08-06,58d3a9270d92f1d47a1244b23c6624f3c59fcad0e028688804a9d1565d0590e8
sample-7523.eml,20038,2026-08-06,a1f4209442653877b3b0b434bca70e85109f7552e67c8f9ca0995cd9ce0318a4
sample-342.eml,8830,2026-08-06,7f528fda4e64fa465e34db429743fdfef30f006f1a96d8ccc6e47fa7b0bb5b73
sample-8111.eml,465254,2026-08-06,7f3a545ae25e04597d6996c34b8e8d83acc21d261092edfc09214744a08f2e9f
sample-6422.eml,22788,2026-08-06,cd09abdcb35a2ff8c37d77676ab5331bd86312c8c37552f14dd49cd121e1a919
sample-3466.eml,34767,2026-08-06,6a735a0dc7f68d1d91232cc7a80cf40b1e452991dfa08ffe575d6612fb0856e0
sample-6320.eml,10641,2026-08-06,e5a9fc67bf84199a87fbdd94c55445dab5f929e131486fe12d76a61248b9a5c2
sample-2259.eml,12182,2026-08-06,386c99c9142c54d554a92e36348ca2074455b7badd64279b87fbf5c7c78a7f19
sample-8162.eml,34941,2026-08-06,532d2335a79b8ca6cf95646a69388c8ec37e042dfb66016273048bcbad6e8639
sample-3160.eml,12694,2026-08-06,81d9af7547e5ce6f2c07e0d2cf2e4a0599ed57f970606b0251b740c9e83a348d
sample-307.eml,23931,2026-08-06,bc7a172f0291c439caa89a6bee8dd3704a6004492ecca79389fca02619284b5b
sample-847.eml,18758,2026-08-06,1d4682a945d6e504503087cba8e9d74b2a4ff37116e032916660430af580ca04
sample-2562.eml,105297,2026-08-06,ed72a53c1f22cdaab6c194c17fd388c796557a044ca0ea44c4eaa67bc428bf36
sample-1615.eml,16847,2026-08-06,daf271e3cabe280754e21c319ef39f440899fdc79281ec8242c8f0a554f4084e
sample-5775.eml,35538,2026-08-06,a5f2435af4c383bf2bb189e084235a83368f2675e7adeca46e047ab032e42acb
sample-4638.eml,23542,2026-08-06,aa55e98a34065c49800dcd1753961781ed869c7118379af5b9020e5e05123dae
sample-5148.eml,16703,2026-08-06,606b27abf45605037c3f94301bd3d681af4e39c203a49248773952d3a2109765
sample-2273.eml,18485,2026-08-06,a34865c2679626a82a8ca0ee7931ccd9a45d0c215dce205d1bbdb5626a6b8fc3
sample-2294.eml,15668,2026-08-06,a256d8003c349dad9cfe955ccd8a1474bb8150a3250bfc8f11e59f4d2ef98cb8
sample-6681.eml,18951,2026-08-06,ae41ac7e2b55d87744810b888c4d970503c4a5ceeb5bbdf10d7ccc846652fb3b
sample-884.eml,9376,2026-08-06,7dd2b1f4fdd598a321e0803bf2c69c2ee394740e329cb4887396304dfcfcdc76
sample-3588.eml,261232,2026-08-06,617f5d0aacdcfae234393f9488435e2ca5aab4637725bdfae9becea1b3735b81
sample-2787.eml,25658,2026-08-06,7a6412f5c4918b8354760216723003c1970c8e4bbc42875057b3c24e18977a19
sample-6300.eml,21799,2026-08-06,19ad907bd3f90b0ae71ad8a07410660a0fa7d100eea5d4812b6cb3f4cf89eea4
sample-2244.eml,19167,2026-08-06,f56e3bfaea36610bf1ae8a9a38fdebb5afca9c5a3b93a94c3a34cfa3021a090f
sample-3084.eml,335561,2026-08-06,e3453dd8cdcbcc6d6b5042dd1599ce345c396b13ec9004fea38ad72171718f21
sample-1357.eml,138368,2026-08-06,aab0c9316eb7e8cefe5d60ed81ac2a5c56fe20a73141166a5f3bf8d76585af09
sample-8475.eml,17067,2026-08-06,39e22e2f22ce686d8a79848f86d440b99f8b3a06f9787b65adefe3af9c902b2a
sample-3064.eml,18356,2026-08-06,89ccba3af03067de92ffb8e6e2504ddbb11e5769e68f0cfc892d89d4e82e87b7
sample-5409.eml,14883,2026-08-06,277f174e44335b6170c16eb5a6c48c880426d6764628ae1600635e3c98196beb
sample-238.eml,17201,2026-08-06,f1854aace28003eb5e245391c8a8fb0b6124fa0426853ef6303edf839758b726
sample-6620.eml,41539,2026-08-06,69ac392af65fb8f72f092918f176520ed5e537d939374000308e921eda6fa8b9
sample-8189.eml,36177,2026-08-06,7fd7df99450de380795ac3911f332f9ad2f3952f85b9fed60892502ca3e734c2
sample-3363.eml,20022,2026-08-06,8ae144f59bd18ac6a28086cf086c0ec5fe82fc69f4cd949f63f2d46d3f4fd087
sample-5156.eml,15527,2026-08-06,25c02060da0859775389f4484d606252b00fb0fbcc8e33efcad7e91def38c85f
sample-7333.eml,47632,2026-08-06,769f45826e94a09e973614ac0a9139abf0123f09285206e9b60b756fca8c81f2
sample-2298.eml,16612,2026-08-06,c8cc7a25909334ae6d0a9bb67583e7bf04d7438733f4664e78ef6c07dbf648f1
sample-213.eml,11999,2026-08-06,d6d56e48e241e506a21e3715fd6bdc15e3a92bb630822b1cd1aab0c2da548ee2
sample-8051.eml,18964,2026-08-06,8757410e1bca7e67fedf1ec617ca60538cb77ebc7a189c7ce3093730bd33513d
sample-2385.eml,36362,2026-08-06,043c3195b65b0ca839983460f49bd1f550ed266461dee2db1e67b10fbbcad901
sample-2745.eml,105051,2026-08-06,1b10a993b61d50e7708edf879d6abd10c531f5e7677599b2c264e3d9bc050e56
sample-8226.eml,24969,2026-08-06,8140ca73895e868747cc7a0303331e078c33b2e15ca4455a87749fb61bd06e6d
sample-1350.eml,18743,2026-08-06,a29c641c12917bdd4b2a842c2658f2a56191d43224780d03501a5e28ada9d5c4
sample-4825.eml,15830,2026-08-06,9495d1999d856552ded0f47805e16f1411a5842a01bf05627292b0204645ee08
sample-3541.eml,17219,2026-08-06,6d6d3c77b5871a9db96ed26b44fafb346f281193670facc280ed7ec3dbe58bb2
sample-530.eml,12245,2026-08-06,eec80189083cf6f526424bcce1d6b6ac42d7ebb8ed1685b0664fc6d729163ef0
sample-7038.eml,14788,2026-08-06,b75f32878c43f845fbaa7983abfea6bf9b2b163ef707f3b14a79b5413fddbe18
sample-7345.eml,16990,2026-08-06,dfc032bfb85683fdd31e454028827fdbc3d8ac650dc761a96ed1383ef335c133
sample-8017.eml,12828,2026-08-06,4efa56ad9eebf0f888dbc0bc38e99a6728c6d0919d65ddda8606b89aa3dc9842
sample-5634.eml,17180,2026-08-06,026770a568297994c82df11dfcf6dc0259c0bb91ac1d5d6038d3d7f56e7ffe7f
sample-3403.eml,13617,2026-08-06,cb1c87b9f2c7d29e1bd87bc92bc2fad8d498884ac15f41549aa31c40a85d138a
sample-5998.eml,19786,2026-08-06,d9c019dfe48b67a85226ef1f0b86bf841bcdea98942f5a20fb76f85c4f71fcec
sample-8552.eml,12989,2026-08-06,007d122c9eecee885088e880250ed9f7afc993132ed71b30779370d1b5d5668c
sample-4554.eml,17930,2026-08-06,fff0dd27b5059aa9943809d1f079503c450e94876472b54e190b753f5290bf10
sample-873.eml,15104,2026-08-06,886326982fa607d1d2db1da9e64898d871b8b1f33db9ccfc283345e96864e6d0
sample-757.eml,17039,2026-08-06,d63dbaeaf8ccf034dc4334ad373ee7a84615c4908e44e4f9732d13f99f66aa86
sample-3555.eml,31678,2026-08-06,60d9d5b8fc306c7cdbfac8168149ade6ad621da227cef0303db0659d9a5172e1
sample-3767.eml,27027,2026-08-06,ee070364b26b1489aa1272e14adcc1b68aeb611d75be3e3fbd7764b49c2da17d
sample-7046.eml,20711,2026-08-06,2605388f6ab084b2f4b9965f9a03148d3be733544da17964964caa8a35d3046d
sample-8609.eml,40385,2026-08-06,6e2d885763737c417b753e6e7f9bc775180e41f02d60c1c871f1a3f4fa65d009
sample-5645.eml,15115,2026-08-06,52af35486091f2f3749c85ad46fabc2a18cf6a1fe549e32d421a4b310bdcc3aa
sample-4317.eml,14464,2026-08-06,0e7683c6597366f75009f3d0c5e2d946aea8103f5a155786ee6002a3340b3aed
sample-3928.eml,31122,2026-08-06,017fdc12e8c66a7ae5949a3e23ab233ef8869deaef6a9d4ce192998d23b30e5a
sample-1954.eml,11544,2026-08-06,95a553c8d13e3addd352c513f3e0973d067f840830ea41ea256b3d076f81a1b5
sample-5212.eml,17099,2026-08-06,a7def690d19b6cc74570197e75a9532c1c4679f69cec9b3a10b72b9f56c7d4f8
sample-519.eml,14086,2026-08-06,66f5956dd9526ebf455bb36d2184b3964ccfbaa58a29abbcdc5819d54450440b
sample-6090.eml,13808,2026-08-06,1b14428e5e75e47ddbd132a78163273ba5b98bfb26193b94fe5fadce077e1489
sample-573.eml,19865,2026-08-06,2c868c65dcbd985822b8b5c796e65e436d12a45379b302adb9cb4fb2b006c224
sample-4561.eml,19529,2026-08-06,7938d80c66b0624871b47e14e113ae09d01a0a232a67b4336381b5d79f1c33be
sample-6057.eml,17936,2026-08-06,90afd3cbf93307b85ea2db19261a3dc1b11f2cb0090ab4b8fa1b1cef76089da2
sample-3423.eml,16284,2026-08-06,cd12248b83c3060db2f7e84f4a42de1531b88aca9faeb3a0e2098ac1e906c2d1
sample-3154.eml,21920,2026-08-06,82f65fc6a58dcb1c1a7c23d702727656b5219287d11d682444897f1d359be6af
sample-4388.eml,10761,2026-08-06,a69928ec309fba70fe160d278d9c8b5888070dd151b410f06471596eb901a000
sample-4948.eml,14685,2026-08-06,4c208fbdf3f4d70d0d3b7113b0bbd364b3aa839f922cacb57e50a665d36e5ffc
sample-7889.eml,50218,2026-08-06,83b742de65f8aa9c1e72dac84acae257e32d81b4b623299cd493596483d3124a
sample-8354.eml,465073,2026-08-06,500f04400d75fb54bc62034093c2f8ddba0fcc277b6f445740394ea83c80be72
sample-7788.eml,21554,2026-08-06,68793c27e0323faa855077be07739380af4f355091251a61930bc39e812f987f
sample-3162.eml,12170,2026-08-06,99b9a372045ecf05d715d95860e03043ab9203d8d8ed35c03610f31e76e4d6a1
sample-7085.eml,19631,2026-08-06,a026ca76d8659a920b3f13418557e49762e71274ca42225deb5e121be8b72e47
sample-7793.eml,20489,2026-08-06,721ec33f9303caa04b5748c67d8d7a464a2c9f39d292809524bbe2a4f087edac
sample-4631.eml,132198,2026-08-06,1055941e24e54e9f2decd4ece26edd9b432a6205e2893b12906498481387c190
sample-2551.eml,22284,2026-08-06,8965ef34df0f35995e20c674e1cb3cace8665937e9909b454ddca69bf30df445
sample-7423.eml,36350,2026-08-06,c72468d8c96da60b512c1d92e45ba2cadf74e54e67fc27aff778b6d8645afa07
sample-1499.eml,25154,2026-08-06,2182196454f343324577f6d4233702227c092dc2ae366a8ad3ea992fc824535b
sample-8113.eml,17130,2026-08-06,d354cca0c91986f9310d97a95114a2a084c37779f1b22eedd46d1a2915bb6961
sample-3388.eml,12148,2026-08-06,a87b0b7166504009b458cd57c4ef2d224622efde617a4164f53fedd81cb579f8
sample-4602.eml,19106,2026-08-06,a36e23327bda2ee8ddcac15cc4a667f44fbdd6c125184d8b5b7da93eb5225e7d
sample-1300.eml,25196,2026-08-06,f5b0d18ed1eb9bdcc5cce9d8fe3ac1f8c899aca0ae0de64652f730e0ae6dfecd
sample-5368.eml,17532,2026-08-06,5538bbf59883cdb961049011bfb98e1181718bf189dcba7b15e54f7c98283834
sample-2098.eml,28093,2026-08-06,2df38d9aa458bf7823a1d62c82486aadcb1f2f8df9c8050862ff90f073ff2e6c
sample-5674.eml,17025,2026-08-06,be31ec656d357147f8ef662053f6de106bd28beb87baad9f3c168243eacfc6e0
sample-7031.eml,22016,2026-08-06,36990114c0128d175c10dad65f3b9509447a25f204624ce9f656c765036acdcd
sample-1190.eml,22416,2026-08-06,3e90c5430f1963268dd8050378557c00113d3f018511df8974951659536f6041
sample-4023.eml,21777,2026-08-06,c9ae8e4c8ec1090ec9b583437be2ab521ba08709b322d883302150f330e10a4e
sample-2878.eml,21303,2026-08-06,ff308b0a2585c91a8d864d3a7bfbd36d1fc303c7b5549fd4b16b709f43325c3a
sample-430.eml,1539,2026-08-06,e91b9e3cf7d1492b77266566c742b255a7edad2234de9fec224afcd11cb09f7a
sample-4845.eml,14665,2026-08-06,e986784bb7239751b85d5b11afd253b312b2a9136e8244cb3aae0f6ceb539b0f
sample-290.eml,12962,2026-08-06,b1fcaee36395226d1a0d6f5ee2ff03e0b62c5810f3f29c752bb3f33d69362847
sample-1057.eml,15423,2026-08-06,d8e6bd7b865d66589d7e002a3059711ff55637bbb8ef2d78d061e4a46a9b9a8d
sample-1341.eml,23892,2026-08-06,b30820530f5368ba93ebbd4a400b679383312598dc8bc6975e588d207c4f0771
sample-7149.eml,29254,2026-08-06,5fa4b50eb58430eb19aa37b61c3a145095b090c74aceb32b00129f2d207d0f19
sample-7673.eml,36290,2026-08-06,ca58263b9a9bfd9cf095ffb6ab3213bc1287b6d94fa0641d11922a9b5714bc5a
sample-7533.eml,21323,2026-08-06,22e596b994e650859af1562c6a404166ef58d2abe50bc7ee86cce90794d250ec
sample-8461.eml,14683,2026-08-06,0690aad5e129209c7568d4604afb886d574e57c59e5cef1822f4878695739aa2
sample-6301.eml,27906,2026-08-06,24eea619a66fe38f30c2af47c7ea1c86a7b50d65492f5d220e6827bbc7a79f84
sample-3956.eml,33286,2026-08-06,0e696f036c038bd5a5562bcbfd1556c6f6a1e542c26e88685089ea4bfb0f8f5c
sample-191.eml,124376,2026-08-06,4d555b4e4b0c14e91f0dbdd5d0c5527a46f59b3476bc84fbcd9ff834dcb13fb3
sample-2936.eml,27622,2026-08-06,309589adc4b099abae636a0447485a04616ca5cfc2eea2a28648eee5f901b5bd
sample-3116.eml,11631,2026-08-06,f196b39ed9e712bf58f111fec15dac76b40e5b98e498f91e1796c008e70eb7c9
sample-5744.eml,109178,2026-08-06,88f89983427070ffd559682a310cfe248cf92dd9f9cdedf2ea0b9af398d4c75d
sample-7440.eml,21404,2026-08-06,cd009310f791bba810e19ee798f64a1bd3a0bdb15955acc586100075400d609e
sample-1565.eml,21826,2026-08-06,ac1dab1f67dad0cab1a2ca611212391cde471fc46869d73b14f06d3337597a17
sample-4382.eml,16195,2026-08-06,ae0c8aa7c8ec9bdc76024f611cea0d7e1b7db22c8c8d9ca3fbdc04ea4fc7db09
sample-5340.eml,13324,2026-08-06,1ad335a343de40676c5a69acef0b8d203fb0d853a1e0363c935491449a756a9b
sample-36.eml,89787,2026-08-06,6ff37cb78ac809a189bee358fda04db57c45ed201101cd6c23eff3b50e2c38e2
sample-5647.eml,9334,2026-08-06,f483f058a561e2ebdd2b195c5eca70f1dbd8c78a21958abac986efcd7139ff64
sample-3331.eml,15487,2026-08-06,83962942fe14c0c3fd31a2b3141de1a5e2e327b47eed874fa4e4de65fd7e36d9
sample-3472.eml,34780,2026-08-06,bcb8d2b96d68d2b853792737d92c3674778626e6336677193c7c437786f2ea9a
sample-172.eml,50884,2026-08-06,428e31ac76201cb0cc2d979629850239de9d06ca1d7fac0d410565f8507a7462
sample-3893.eml,23783,2026-08-06,dee7cb8b96ce765a96dcef3881d0b173022d32215a294bc1143717eb2561ba05
sample-5460.eml,28018,2026-08-06,193ead52492a560b49a065fbed80f1e7ab4b7c62178a15e79c76c6f51ed78a7a
sample-3716.eml,26204,2026-08-06,8ba89b08bf2aacb6a34c1a73d216e9b8942edc52fbe36c1e84fc7ba245f196c7
sample-2889.eml,61054,2026-08-06,b837d74e02c32886d26388cb0f2bafe39ac1087c4616c5e931dfde5adb8a740b
sample-7209.eml,27334,2026-08-06,2af4e95ee218d9029c7e5d7e260073a678c4b0529cb17a5b60f3c21f2c5229c1
sample-175.eml,20359,2026-08-06,a1627c7474eac787c7a879b58d5387baa05aa95c142bd22642860147f392a661
sample-5789.eml,38594,2026-08-06,96699d6be636597ebe9ce653dadc2c2c88f841dc7b5d3d159051d0a17befa486
sample-199.eml,16269,2026-08-06,f87f009b599a087f8d94f2e1b9597177d034fe0053bdc5bcbd159d7af98bdd4e
sample-7336.eml,19504,2026-08-06,eb8d9e2c44a63b3e6c9f33107c67ab5592279538224ed38173738b9a84cf5835
sample-404.eml,14725,2026-08-06,8110a10fe5a5e79475f1d65afb9fa03f8180ef8d3c2a216b5d77182e29857a68
sample-2152.eml,40199,2026-08-06,6f026f146f97e36d7d8dccdc877d33367b063f0c4fceb45da4a1b724e92fb92b
sample-1362.eml,18226,2026-08-06,f9b33c9062afd77700c2bce1add74e1738a3af09ba58ab00269a7bd0b27c90d3
sample-3906.eml,34991,2026-08-06,303e108d0ab3d5229a774f21114345b98ffb17b0f89b320a7181ac9a6632bd9a
sample-3833.eml,68104,2026-08-06,d4d5d6b006336531d73420708603ae77ae53f526663c5f7a3e9f997f7f3c1cfc
sample-7970.eml,12072,2026-08-06,2e7ccc4ea8ffcbdc43a3d1bebca7344baa48825004675fb0f36e48a21c5bb019
sample-8583.eml,469296,2026-08-06,b705ed27c47b4db1fc91dd9a28518460a013929f71baedb7181beee52983b2c3
sample-5245.eml,18407,2026-08-06,958dfdfb8b37e0ca24bf5273b03f4949a9ff789c9718feeeb38263b4b42a0ed8
sample-2701.eml,22048,2026-08-06,cf430ef3bb146c8731b7971d3b6e30ef30053fb8ab1b3bbca02413eb94dc3a9a
sample-5704.eml,99033,2026-08-06,4d3588387586dcc2e4e59191e6376445e89291724ac8b871d6f1ef3a70cc1840
sample-1019.eml,15072,2026-08-06,87a70625fad7642b1ca17995e5ccd3c707175ad68b6d0a1d734f974260867e13
sample-2206.eml,16597,2026-08-06,d792e0d064dafe82823a88036c3d779e81b99ea81dca85d7cbbfe7e1f8f9cac6
sample-7869.eml,17447,2026-08-06,24e550490af9ca2f0d248ef881f2635e218647d0eef4fc96a3155821422794e5
sample-7088.eml,23714,2026-08-06,0ad5d2fa026cff127a0c21941205d87d6ada0a981865649a530829314fdb1cfd
sample-6856.eml,18577,2026-08-06,4a4dd6dcb84a50486f4fa31cd5db93f9dfd999f8dc3e0950960b5fa202601b7b
sample-6668.eml,21424,2026-08-06,3f42da328fa99198c752cfc0255921f25ac16132bb0a36b2b78ce07c4e30c523
sample-261.eml,10076,2026-08-06,c6956938993667b64b068f2f815999761e9d7b806286c091c35de31916397ebb
sample-634.eml,19692,2026-08-06,62d58e8295fc887d674a5c20f2192b99cccb72c528481ac473a5819255daf439
sample-5416.eml,13745,2026-08-06,255ab7971308d072814a9e542e80d71bcaf116c8369804c4ae7ba492449b1af4
sample-3187.eml,27080,2026-08-06,688ec3df7023c394d64ee6fecfd5e9ce8b865bcfbeae05b345165990ae5e2bf0
sample-965.eml,14743,2026-08-06,2ae84d9c57ef48a7c8522a159d6e5bda6701fa70e8eeca83e51dacf1c8f9275e
sample-6849.eml,19819,2026-08-06,312d09af88e8134cbcf79f2d898b4f6ac280b3d61e60e474d74fd0d2b774f23d
sample-2847.eml,28450,2026-08-06,5a9ac5189304bf89a76ed69d3c297b9f4b85ce76dff0d0eac07948783d6497d6
sample-3368.eml,88920,2026-08-06,5951b9665f56a10f41767198ff5cfe8f822f595437bc6d056af482660a4253fd
sample-2040.eml,21934,2026-08-06,6713c2069a5ea319a7aa07556dd59037010cf06fb6bc97a7c24531cc05d1fdae
sample-3139.eml,8687,2026-08-06,eb18b370a142f5a8d13846611dcff6882fb0784cbe3d1b15110d1e3801089519
sample-4921.eml,13955,2026-08-06,442303f02c80bf4f25c3dc64ad68b4642bfe9448d4747acc902a42d3ab781e91
sample-7325.eml,50984,2026-08-06,cfa718f2e14624fe3e988c6c6e8feff46f096e6cc0bbcfc3c7a3058ed3f0c366
sample-3483.eml,41300,2026-08-06,5d75c91a275868e206bedcaee0c6ae1678e11581d63a17b938128dcbd424e650
sample-7296.eml,14811,2026-08-06,36f8846176748f07b19341c4d9e5865e69b11d6116335e3faa5065ba53c8ae9b
sample-4988.eml,17833,2026-08-06,1116e926cbc1a45bcd0904451def4d016c2d3a64f1668cb06f5856b5eae53db7
sample-7592.eml,20910,2026-08-06,f46beac1b20847f8ed9615f25b637370d23eeb2143edd724c9919793e2be3191
sample-816.eml,8534,2026-08-06,ba0b9d0169e64a951afb66c2cdac5ef96ddcdf5c0d7163590048ea3e74c4ccaa
sample-3292.eml,91309,2026-08-06,799f8c837779725906349f8607b6d6301811ce11a924c9af4bea7530e6ea5d74
sample-3872.eml,18632,2026-08-06,61300b1b2ba559f12fcbbe968dfe92389c20d34de2cd0833f76c7968b93f3ee0
sample-5100.eml,18386,2026-08-06,b66bcd3fad23eb7b2c3f0a446d74d5e9846361315ccb788f57a6ac037ca163d9
sample-4859.eml,13673,2026-08-06,3eb7e35480f499bffb6ebfb9588112ad9f1e98d308bf0e70c521720f5d67b1e6
sample-5181.eml,18516,2026-08-06,6bfd8070e4664b6834889385bbd8f553ffeb4c63924cf6481e819ca7221a8f7e
sample-8120.eml,15217,2026-08-06,76472e4a5d4c757fe50b2fb0f5700b37e3eb103164e84d6a95b53a91b5177be4
sample-4203.eml,12788,2026-08-06,3bdc67c47ae632704876f79f31f05fbf0da83d169bb6edd501654499adaf6b1c
sample-3563.eml,14241,2026-08-06,216e7660b2ec1ea58201ee4533c3ebe88d6ff6cdee1758cd552236d0efb8f96e
sample-1377.eml,15322,2026-08-06,21a9510f553582e81b1201a3e076754f6c2409bb7ea14d1eef76099e517d269a
sample-3936.eml,48773,2026-08-06,7a68d827646627911902b33bd8712a4a86068ebe88cec0aa0c3a743bef1300ca
sample-3787.eml,27149,2026-08-06,9ccd1692c8a40a78acd1781887630037462eaba5d0688417636e42eef539b960
sample-7928.eml,22722,2026-08-06,797c4f6d0149556c16a9fd84d5f66cfba3c586f152a62f4715ba6f661c25202f
sample-4906.eml,10474,2026-08-06,79b75355a9e22eac7f672ffe9b434f3672bb14e61e02516363c8964b4cc4827d
sample-4840.eml,10394,2026-08-06,820b01d99dcfa7c9d095ec14d79c76731dc2514640dd05d52ef51308e40c4a86
sample-5708.eml,32646,2026-08-06,4aed4d7809e9ef1546ce2acee3bec6efc046c361bb350f28c28af581cf5c340b
sample-5649.eml,40737,2026-08-06,0b8bc000ad70d81dee1854d8ac6402756695af80067023b9dfea0da9ccbda952
sample-5967.eml,44148,2026-08-06,4a632dc2576db646f565a66153b3bf8c5aa1e9b85aac8253cdf0f38d95d35706
sample-6725.eml,20960,2026-08-06,0580092e8ebb98c03065303b88d3224354e266dd924dc74e1d269cf82486598b
sample-3018.eml,24285,2026-08-06,a2743e5d3bc42fab49c98d110879e52885f42cd797181eecd565757976ffe809
sample-5178.eml,22933,2026-08-06,619a453bd0024daec58e144dffede7b761da18c208f1860fb437b0a20786db53
sample-4076.eml,12492,2026-08-06,909a1b33a0465af2996a590f861dbe86c9989de76505f7aa3f2e70c6bc54853c
sample-1805.eml,36911,2026-08-06,bebf07ba9152b5f7a07cd664ae7d8459f2ee2a7e62266bdc2bd893dfb3e06914
sample-7186.eml,10426,2026-08-06,54dfeee953a34a9075d97c861179425f509584e6c6d06e45182d222da26eb660
sample-3613.eml,13265,2026-08-06,91c733fb167de27bd5aff1e9ed447bb97ff156252f3f64c248f2c26ec3479921
sample-482.eml,24907,2026-08-06,1006a632cd45299675757fd6d6c74275d65bd0ebf588d6245ce3f401a4dace95
sample-3809.eml,23437,2026-08-06,b50f4ce1a19c6ef79b71fb68da0528e0ae18ae996cc4aafbb81ef1419de8b36e
sample-6062.eml,22471,2026-08-06,71475db4a59208b5c1589935c1dec0a2f4d01722f0a04802d1423a5a1ea89923
sample-8104.eml,19005,2026-08-06,4d4bee35243b9565de45c307bbb93de0bc4b1ee5c1c4d4e585e7865138a67d23
sample-3320.eml,17333,2026-08-06,3a5dc536b47057ef097c096bf36a34356a205577f46ed5e66ff8432c9f639a90
sample-293.eml,24194,2026-08-06,496e68db7f8d6676f229f76bc4177931bba28e3fce369a776c9c647b779987df
sample-5447.eml,16268,2026-08-06,76bb43294b9a033401872e5976c61ec8ebe10250999453e730ec2516a3efcb37
sample-4490.eml,17761,2026-08-06,7a4ea9d1d881ff7acab40de4d84f9493cf7c9b879562e3759ac86a0abecd9d1d
sample-4205.eml,261371,2026-08-06,e945a2fdd7d36a4f5f0d755aa4364b7e0d56ab72affa3ea3f4c9b8fafb494504
sample-2126.eml,10018,2026-08-06,23398f07aaa104bd1335ef4db5079b8402905f4d4e03133af707746b27b407d0
sample-7513.eml,53321,2026-08-06,e694159424a91d365ea2bf4db3eea66668dbe61814ddfa1e7f635a6ba6fbd0d2
sample-812.eml,268275,2026-08-06,7b6c9808809803fc3a54817811f7b11dc4aa79ebdb446da731bd76f1737e5366
sample-6837.eml,14876,2026-08-06,b7cf742a0e2bbc4e50ca2c5a5a987f60f33fbf3616065d3aa735fcb8cb971048
sample-4768.eml,18578,2026-08-06,5bbec813e49bc2557f6c7f76268a6084f8b9d65eae52120245778b0e7962d168
sample-32.eml,34419,2026-08-06,0ec5b5e8277f9ba582595cf3a5d04b2e4e255f2f44de4b1e3572115ce56e4f11
sample-6267.eml,35432,2026-08-06,aa24120760983543427412ae541c7a8ca4ce657a8a06a2ed4ffcd37f7bc5ff91
sample-4121.eml,20827,2026-08-06,59594316dfa49827a9d4ea7d8fdc25792b52df415ee767250d5765b7198ffffd
sample-5732.eml,22370,2026-08-06,f72593f7e70792076c15d36fc00ff59b69b3a09f990da1a6a47ceae8f28c5761
sample-5848.eml,48590,2026-08-06,2f1736bfda07b8417859f20f13c106277fefdef3735e3bf8392601ac010e34d7
sample-124.eml,16702,2026-08-06,291b971fe40c32c4094d2ff256a1b6a4ac4dccf90aff3654a9156da8075572e1
sample-6329.eml,10716,2026-08-06,069cc87ca76152d044e9f3fae32c6ac0ad634659b376ebaf9471b65b7c5c7fa5
sample-2203.eml,16997,2026-08-06,7940d1b9d4f5ad8117236492eda90a4c873dd8ae01e973b07937e7ef9a759a73
sample-6598.eml,122375,2026-08-06,8646e6a9cd474212fdf0e395a8c2d5ba91eeb7e568f5d04ea2707c7245e711cb
sample-2583.eml,30638,2026-08-06,46caaf9a9b8a14854204744593b2e24e6cc02f1a681392d497fb3930558e5655
sample-256.eml,32094,2026-08-06,c24dc1f07a86ea1c427511a5d62624a97a5294a6284d3e76f25be16990217400
sample-6307.eml,13028,2026-08-06,962af833eed9272d41f47c03853be58af78bb08419d7d503a547159be066dbcd
sample-1562.eml,16063,2026-08-06,1e68164c48c146e0a1d757af7fff7bfe4bf5bb793404be3f0dd828cf11514bf1
sample-6529.eml,13877,2026-08-06,38401319404b474e910c696d2a51f460302181479e5d92cc4f6e2e237737b4f9
sample-5386.eml,15474,2026-08-06,9d6595f26572c5ca8b3378603723e6d496d3091525338cd985ca4f045fb92ee3
sample-5119.eml,43042,2026-08-06,7cb132e840992b86aa696876887fe8c681d378bc49d2bd1d0ce6981ffc62c8bd
sample-4474.eml,11777,2026-08-06,54aa480348e689f7ff10a6e627f2749c77f1db424a06f4401f76d7578f5f3ee5
sample-1073.eml,19737,2026-08-06,d0ea5e90d3fef68747e8d44969027b53575f6d70283a83a1726a068cc4df3e64
sample-943.eml,14117,2026-08-06,bce7413b91e966b2773c58cc79e450f94878253a59fa8a680ed495029096524f
sample-2103.eml,19537,2026-08-06,c3f336de50ae081ec55769e45355a8786316a7e0d62a2c0e8e5ac68268a9c6ab
sample-3624.eml,32564,2026-08-06,a6ab26f600d7739a9345a4082929dab1d1ab930cb41346a44153b06b1c1b33b3
sample-7662.eml,38316,2026-08-06,83f6941959400e68b7dc9c9d210184d28c7f96c08d9256d7d60e73f83df8bf59
sample-7459.eml,23709,2026-08-06,b397dda9ac6c8fd1cb76f953af317a531bc020da7865a5990fee059a1da3ae66
sample-594.eml,10763,2026-08-06,834e143a0c88253760fd338743c22997e98fe0c3f8de91e08883851fcacc2c71
sample-3245.eml,23155,2026-08-06,9dd50f57f5c3b3a031f10684feae14c27db87a10b3b4dcf3601b258abe889e0b
sample-7546.eml,28926,2026-08-06,80474d81c4f50ce29869cd83e7346e579bb21096df0e0c1103ae2d141bb08bcb
sample-702.eml,20333,2026-08-06,9d49635a33b57c1fec9d7f9021aa960cafefb2967843976ad2257dfee799fd95
sample-3384.eml,25227,2026-08-06,22338d2a314dbc8ab693e52e18792667bc2c9be06c40a53647aa234b8ae19446
sample-6169.eml,19373,2026-08-06,4d9979b7fcab76ea4eba4864f29410af9cbe48feb981e6b951a8eaab2d6a7498
sample-127.eml,9756,2026-08-06,02444d20e8d29747c6402f302890dcbafb6ebbf08c7913c76df5d1654e1541c8
sample-3131.eml,21734,2026-08-06,dd970e5b9a5f4a6054f3a16979b069ba17c2236d6a6d83036c67dcfa53a65aa1
sample-1831.eml,19120,2026-08-06,e1ef67bf0abe0b321abef8a707c33d966905c29cd0ac40ee7896acaa56824b6e
sample-6568.eml,55796,2026-08-06,ac10cc5ce2b3bd8198b72bd70136b5cc0bc970dc72617b414f54d861f9f833f0
sample-6079.eml,12205,2026-08-06,eeed1147495e9f2411088fd397a3a5e26f7d496c71831ae96b1a041ac5258307
sample-7448.eml,22756,2026-08-06,e7d7af5ded906ec4ffe890c36e085da3c4c15d857be397891645f4e50d151bed
sample-8050.eml,17836,2026-08-06,470183114bf866198ac4e8ca65c83e80cae57bcd8b197919b643d22b73cdd20c
sample-3529.eml,10965,2026-08-06,d13bef639d66966f9bde0595aafe774446b434d15c121f0242c5f6f6fd691b46
sample-8508.eml,20711,2026-08-06,a7a05e332db04f49a1e8e125c75ad37bf579fa4e6fcd22821d402aa15e612d80
sample-388.eml,13394,2026-08-06,58f3b148b17f7126ab6dbcfea87d95b5fc1145e1ce6215c8f306473399977c88
sample-4116.eml,100585,2026-08-06,ddda5ccf4efe933821b8725de8508dda26ae17c1c6767d74931286b058b1111c
sample-7483.eml,21981,2026-08-06,3d22485f1a78fafb8f680d87a0134aa23f1e11efc2c0fa1fd8188f432e9b45db
sample-5767.eml,9931,2026-08-06,5bd4f58e9ae1ff6284e3c5a6925c9176eb4b5c41a3e4ceede877598a8ec7321f
sample-5436.eml,18190,2026-08-06,81275852538b4d075088685efc0bb9c75266b2c6df08672430860f403d4ca396
sample-7610.eml,23631,2026-08-06,75a7fe3baad5f145d730ca4fafaa982881db5c5004b6bbae7e2c6e41d9b47cab
sample-5462.eml,39723,2026-08-06,da1416acbc0a72ddc8a1b33dcb9e5e0455156d3ec3c78f9fb45430ce3bc28a98
sample-372.eml,32378,2026-08-06,9dc4bbc520cce9e1f0747ffb158d1d57c07cf061ac9c9ace20e4b165f55039ed
sample-7769.eml,32845,2026-08-06,cf1eab923ad1d39b1c662e046b8f233d5de0586bdae8170a2360014beaa022e6
sample-2845.eml,104580,2026-08-06,c0aecf93f43c2f2891c277e82a5efcd8efe5ef7fc5a19b841f63ddc917b52774
sample-7314.eml,10196,2026-08-06,4aa63a0ea6a597f576bd8726afd1856caf9c972cfa931a4d2e8a2a18ec220a87
sample-6018.eml,58914,2026-08-06,55bb8b47ee91f1477a56d355d38a359dc75acd98e1d7d680d4fd39cb08765f24
sample-1955.eml,12712,2026-08-06,186c2c1e322051c016798919d99687650679acb928d4c7b1372e0266cdddc07d
sample-3698.eml,27454,2026-08-06,d4841a2d88a036fc3c5f76d7505732683fe6946d90620134b084d986b009e033
sample-4468.eml,23558,2026-08-06,2b447dc048a3abc6852a662e3c6ec6183583638ab1e27306304da8755f3b1d91
sample-5172.eml,17163,2026-08-06,0e8a2e6cf5d2e6e1bf02acc3a2e88199f6e478f76f5d013c4060dc384a461f84
sample-5781.eml,12559,2026-08-06,77c271ad85ecd8050f4e87e1b88251d54f2031d6e9fad0165045cb7646a18aaf
sample-3690.eml,14966,2026-08-06,f34de7dacba72ad920492334c30df60ebe6f890e40fed11569bfbbee77529227
sample-5079.eml,62908,2026-08-06,a6b659dd7369bc33b01d3e86ff8c83e81ba3da714e15e46ee62094791e382c20
sample-1890.eml,9704,2026-08-06,3bdba68cee634573dec1c5152b22dd7a4a312af8f373162bdbe89113e1630723
sample-6393.eml,19220,2026-08-06,df5c886c5f065fb13129e34ed2df8da22bf019e79530ba990ae3cf21b695d37d
sample-8121.eml,15117,2026-08-06,6f1f3b1c0916ba3fe9eef91f38087047d4c828437c84497b255e14aba23107ce
sample-4565.eml,67012,2026-08-06,14c43e28166fcc27f119ea1f1e98cd3338843e1b9f0112ae040f1f07b02df204
sample-4612.eml,27114,2026-08-06,b0f22c9619745412a72fc633c5f561f9c1cb9ec1b28c164970793af108e26e0b
sample-1549.eml,25085,2026-08-06,1dda7b013d5e43d83d80b13eb193d952801a88fca6a2c3907d24ff8d9203a808
sample-6398.eml,26434,2026-08-06,2c28f24aebeeb6206bbac039e7d55e6299ce424e0145d1fecd7a7e3abcbccb1f
sample-7864.eml,16518,2026-08-06,6001882a2256f237f32cf967c8ab7483a66a4e277f933d4e939c9a0ec67f7d48
sample-5391.eml,14089,2026-08-06,6c05979a85a170cb7dda8397c97c04e04938c2a725787bbbf06c190abf2e7f8f
sample-926.eml,142503,2026-08-06,e7bf77afea4f7c717cfa438c792d3d3e7eae32367feaaf709eb17cf97a82445c
sample-4158.eml,63614,2026-08-06,ec9e85a259716308d1233e7f2b651b99e966e6357ad3c7b7963b7b04da043380
sample-4862.eml,32718,2026-08-06,458521e360006c09e11ac6747237ecdba0a1863d93e55bd57541379f65c72fe9
sample-2557.eml,26066,2026-08-06,212af41f13a3a56e02d82ef0b27bf03a3e46936872779128356c983d64112882
sample-2857.eml,18566,2026-08-06,4b7ae2ab92423e4feb72ab675431271f3d02b564b590db52855078926d586f73
sample-6645.eml,22441,2026-08-06,0b1bfe907e50fd4ccea7ffd0400590780c3e2657c0f0a73436b2dd95f98d13d2
sample-5293.eml,14376,2026-08-06,bc0de1dca55c595a62cbf3c60773f9cfe1fbbdbb5766b9a4232230501cda825d
sample-2353.eml,10872,2026-08-06,3b203b2ceb442547c58fa989390c8fb7e36c9540ee57f9615a3e646bc304eb1c
sample-5568.eml,12033,2026-08-06,18a105b9473ac3b8220d90e62ce9b20cf781c00f04270b4b4317f27f46615fff
sample-6560.eml,955905,2026-08-06,6c770629afa58aba3efc3f6fed067745e129226cf00b075b006dd7214ab07319
sample-1452.eml,18393,2026-08-06,2b48d6709fdff540d04c7a94f3dc9fd06df5f24546db3fa24e319413c4fb0925
sample-6068.eml,22829,2026-08-06,413e3a0d6a12a1d39cfa07445d7faf3d54fc080ec3feb79cf649b6726504d0f2
sample-1461.eml,39463,2026-08-06,214642862c4d1e2c07a2ff34c48cecebd27488d0e8b3e41888b78937623a4005
sample-2923.eml,8711,2026-08-06,1dea62690959a51fcb7516a5358c0c4795838b5066e644746b25b2c12b7f7b1b
sample-3879.eml,33012,2026-08-06,2fb4fec6c672b1287ff7b53156687e7522050885226402f27e36f7c88a684de2
sample-3188.eml,11604,2026-08-06,319d0737ff1b694611a4fecc1cc9e27a46829b00af146bd45bf05ce8df08fde6
sample-1785.eml,12826,2026-08-06,073a5dcf062f396d1cd73ff97a5b4a09cd5e3ffcfe2d75e5e4ec48ed2adc0105
sample-2489.eml,18503,2026-08-06,4a1485d547af5d57b559eb0a31e33492edf69a2937444c8e6c5220f50a56f69e
sample-2042.eml,47383,2026-08-06,b525e2e93662592afe08892f03e4207d1f5c53e2835a541f3f0d51a3d7af7430
sample-2133.eml,24665,2026-08-06,547d72a6e9d057782d9d62d25846e8418ef345d6f9e6ef30f591968c4b24c519
sample-366.eml,39884,2026-08-06,fec34ec9d6205988991fb1f947877b80fbab14c3a4044b549566961c89d6caf4
sample-1623.eml,131473,2026-08-06,39e4b206afbff4aa00637ffd91500b91e122f12f4402f2b68a7bef8462e3c9f1
sample-5249.eml,20248,2026-08-06,2dd7fff6dbf9c23b96e442bae809192794d74f2bf8b5cfbe3b35f92b86e3d69c
sample-3133.eml,26773,2026-08-06,e5f4fcef6c6317a5dbe4be73f3f346580d4c277263ff6e2954a794d2c47f1743
sample-3571.eml,12579,2026-08-06,22dad3231b0b88754a4d435bd7338ed0c7f0b7beb51b2b5a22595887597776b3
sample-2070.eml,42387,2026-08-06,087a9910ba28e77291420bcd6643d3156058063b682fa6a1bfe972a207598d50
sample-4415.eml,23553,2026-08-06,ea90c61f58bf99cfc3ff5f6e9ec58d96d37f039d6d5b9c5db22a1a430fa02163
sample-3168.eml,27648,2026-08-06,731564ded07c03c993dc02cb233835aa27bf6fe98caadad713194b37f2c3254b
sample-7540.eml,20663,2026-08-06,2e4149adb0e33cd4afb96d3c5b4ffd957744efab0ff4e1113f6fa8fa7776b0a4
sample-1037.eml,142253,2026-08-06,fa4eaa37324a8c3a2a32c15a05727ddc34470dcb5929a5c5d94329a18e60026b
sample-6392.eml,18123,2026-08-06,7fce337946d4bfdc79cf7ee99729f18afd742caddc59075cc0ff6016a43f2ff9
sample-6035.eml,21197,2026-08-06,b853855801095a3218d1bc66bd516160cb41da3f211f5580bc4b6e2f85ad795b
sample-1223.eml,28371,2026-08-06,0342566611cf3f6f7f344ff76c215a9b0ba53a738651c4985acb59d46bec92a5
sample-1797.eml,102557,2026-08-06,4d5e15894d9a27227c573f4635a2e9eeb1ba7c3b5d0cbce37efc079b242e0dcd
sample-3145.eml,38672,2026-08-06,1b1870ff0bc0415d8ca2ee3c016bfcd0a16c7a808483de5f232868dd450738f6
sample-1290.eml,28608,2026-08-06,f0cec379ede26cf2cb2f9d662fedf379befbdab456ecde85759aa35edf1ca3b4
sample-1942.eml,271314,2026-08-06,6a0b81b299e221a46d963f8e7176a903ba1515e4cc65ba9134af11f8c5213d4c
sample-7826.eml,25939,2026-08-06,0f1ffd3dfb647daaacc667d299806dcaa0a18ddf06ed83368f0465eeae08efa2
sample-4569.eml,79138,2026-08-06,fa664b8ddc648f1ce276d50b05087c92e1a3c6beda7b7bb4a900eb9a1b18a760
sample-6193.eml,16474,2026-08-06,4474543a20d844ff540c4ce807802b748d33d832475b6e1e729f0b9fffdcae43
sample-4903.eml,174407,2026-08-06,2ea2f9582d906fe0f5f8686fd6d2d3b007b427f2288573fd33b18be9ab756d84
sample-2789.eml,25647,2026-08-06,d3f7f745367c62d49d053a0a24490de37502875cfb7513365f7a75f130aed7df
sample-7011.eml,27823,2026-08-06,25c48284cac3ef848856a34ca6c521835c2124d8aff90827dd3c2ff61a755389
sample-2493.eml,21023,2026-08-06,c4aeee3107ffca3e60056905ba74c4852ae9867a0b059ec550f4607ce545e288
sample-5218.eml,12554,2026-08-06,aed8964d9dd39044cf33f78c4889953a0716c41f6af3fb067490e16e74e6d8f5
sample-7909.eml,21893,2026-08-06,de40c8d4fa168f517fb004b1e12e92b780812606906d856bcb327741ba11b41b
sample-6432.eml,118292,2026-08-06,033ae4bdf3fbc9f4ad6c3d1aa8e1bb784b682a4124b45d7ee715ca78cd7a1d7c
sample-1513.eml,15599,2026-08-06,3ee675671dd6dd634e6c7b00068be455e7b3dad4bbfa00024261b48bdf4fa970
sample-3062.eml,21204,2026-08-06,42eea2363b88f18494437468cc8a73769f48813783196aa8e751686cb30cfc3d
sample-4910.eml,39276,2026-08-06,195ddb9fb6ace975b68b70d40cd61bef9d2be731e7bb36e6c4a2ce43e5965468
sample-210.eml,12501,2026-08-06,e56dcc45c0e3f3e77323421314c63457c5836be94ac096fe5df5130bf59b3a0d
sample-3068.eml,26800,2026-08-06,aba2227a883b6ad93c0fd7bbc70377418cec815a18a0a5e342f261ae1eada09e
sample-7806.eml,22010,2026-08-06,5a74ecbb0c9f50574dd60cd508d8fed14ef24ef802c7e7b9c6c4bc234b81f5ac
sample-4655.eml,155035,2026-08-06,957126bee889d45f5297372d81d0a9ddacf42f3eb8e397547f56b6adc211ddb8
sample-7332.eml,10893,2026-08-06,f8ccebc8181147691d12bafdde9fdcfc8b68f25d5a5e4fafe8174bf87c396254
sample-2243.eml,10959,2026-08-06,3a268726d380a10cf410f2a6bfcfe14a07cb44ce468ce1ad3c8e8024f2365e02
sample-6585.eml,46352,2026-08-06,186e8508afb2b27b3a5750eb59c3247e48844bb32c5b905ff5db1d0ae4dce599
sample-697.eml,19563,2026-08-06,9091db25afe5ad88b8a9bdd1314cacaae6d4e6ae884d01e3545e42f138d9ecb3
sample-3837.eml,26623,2026-08-06,867c1c2ecb70dab72a12d0f8b5fc9c777ef647c2e44f62b284a921fe4d69b935
sample-1651.eml,27306,2026-08-06,839b82f3d1b294b00d72eeb4addce5dd5bb41d9c3ab3f28d9b04d06e4ce06d2d
sample-6457.eml,17960,2026-08-06,c0a789b4db53415ddb75b3215c3e726363d9188ce89e77d3bbc86d8945bbfe57
sample-6536.eml,87281,2026-08-06,dbb1e9b493db254548b38fecc7aa7d8164570ecd30e0e1fa5eedb865e75e16f7
sample-7316.eml,22917,2026-08-06,0d975eb1537388d88f5e52f1eb4f8f95c4cd6783ecd81827cec7453b9f1b2cd8
sample-2252.eml,19096,2026-08-06,841f28eaab5f6a9beacbde33704df189dd73ce395b11ceb748e3955880ebc92b
sample-4183.eml,15552,2026-08-06,359fc4286cc8838eb349266c83d303d8cbd8f6ea1e7b0cc1081709ef05164fa6
sample-2695.eml,19195,2026-08-06,8c0b06efea343e757892709bb7af60cacf86f89c09d907cf90448e5e7c86d6ef
sample-3815.eml,28232,2026-08-06,b20d050f7d7c0152bbc383606831ac4208a1dc3ca19bf4ed801d380b44bf0983
sample-1532.eml,8210,2026-08-06,55d334586f42e95366755abd205eea322952088c34113577e22bcd64696b4271
sample-1027.eml,25211,2026-08-06,7bd869005ce437787ad3a66dbae44d41c10e90bcc1d1a3fd75620cb005e80d48
sample-3357.eml,25140,2026-08-06,1f0861c1415266c99620071be95221bd51f5b838abf3903afbe624c66c9ad048
sample-8491.eml,19952,2026-08-06,46d6a0703c03f0060cbb4c88ba34a195cad7d4ef5c09deb864aa492656e8f979
sample-1874.eml,18508,2026-08-06,053a4c1b9b076dcc32ab2125bf2fc7a718e795bb0850660332af92d745f878da
sample-6103.eml,26966,2026-08-06,bc3563e924536e0caf55c976d469f60e8257e1011617dc5304c426ac1f007dd6
sample-2032.eml,11544,2026-08-06,5f1da86431ed4dec7866efba363b3d486f2749d54bc313539e749e52a412055b
sample-5821.eml,118937,2026-08-06,62f316ff5214b49a85f0b7c8e7fe63ea543c8430d145d44202021aedaedcec1f
sample-4086.eml,20046,2026-08-06,884f0ea9b8c8e2d8c093a035369c0597875c20d7844a9a78f4f77978d3a9d227
sample-7705.eml,28303,2026-08-06,178c55db65e2c9eef481adb227ceadc71818280bf3a5366296995613576aeef4
sample-4694.eml,26741,2026-08-06,196fe652bd83b82f40465c7b29f87538640face87dd154cffb3074d4d2c4c346
sample-3987.eml,27144,2026-08-06,f7d13d857a3692ab27e6ef00b848703c14c40a58aa5925825648ca42449bf6c1
sample-5101.eml,21301,2026-08-06,88ed297e82a306db09a7588e03ccffd58cd74726bfdc7b2751963eff4b8ba502
sample-2654.eml,20924,2026-08-06,6c2595cc292b8cb524f0cd1bd0a5617a1b5daebc1107157a006b5125f57ccd98
sample-8447.eml,20845,2026-08-06,6096f3cdf87d7ca7761b29c78b1e59383c37185fa41eebff0b129581425b561b
sample-4157.eml,25722,2026-08-06,1f2fb64c9b152b31bf7ca44e84f57f31bf5995c6d3f2f70420215a68fb7b6b6d
sample-1625.eml,19256,2026-08-06,f9f332a95491ae8ba2d8a701891538921543e96cfe65437519d771dc8f17bedb
sample-3334.eml,13950,2026-08-06,94553654a2077fbbc632ddd95cb2c59e160b6321ba7bb7938e14b9f44f3a6afa
sample-5830.eml,40712,2026-08-06,5337156c3acd7b5114f53f49f38f4ab9a9cb271c6f3854cb83b829b9e1efb92c
sample-5394.eml,13133,2026-08-06,449875b1348321497dc2bed90528984fdeb7d04b26eb92998db56611302e15d5
sample-1246.eml,213069,2026-08-06,7cb59962ee638010b41fbe66a3ac6d48a3d730f03cb12779f1125c2650a74d85
sample-5272.eml,13741,2026-08-06,dd08aee13922f50d9a7a4817f5aab38fada7dbcea3fbae807d01461ccabc9d7a
sample-449.eml,25537,2026-08-06,3734b8543aa4f09294189adb2162d43bef463c80237ccc5feb135a78692a1d71
sample-5275.eml,11377,2026-08-06,01f2106f9bd8411dc4fa8ad735d864f67465832ece4803b5035562b665b4597f
sample-8409.eml,24101,2026-08-06,1ed6be576b156ad5223a91e903837e17e7f0f4cdec62163a1015ca918a8e1d44
sample-4991.eml,15169,2026-08-06,8e0506c17c2e00480f1d01c2124d3d9683f9b875ca0489a52242b32e97127076
sample-2572.eml,20937,2026-08-06,68b920bb55e065e2a4b7e8fef324624c098f44307a837eeb8d4e51b13dfe0ddc
sample-4098.eml,12877,2026-08-06,08a15f406800e849b79c5749b9685083a09316bdaddbadafb683c98799b52394
sample-6001.eml,23316,2026-08-06,95ad86bc91b1fc975c8791e2dcbd9a76d51684dad5aa8f804a281828f1606237
sample-4301.eml,17601,2026-08-06,e99b0061e0ff8a3db15d76999257c9f78b69a314afd5ddfb6fd6b3e378044eb1
sample-3523.eml,14784,2026-08-06,529cbf8be24614d4bb7859eea7f632c7adad1e88c8a6a18fe6e308f35a4078d1
sample-6345.eml,16600,2026-08-06,41a2fd4c3bbc49158d1a1a3355ac7a4802960854332877e68a7ca7cae2503527
sample-2443.eml,21862,2026-08-06,aba31a93a5876c3dffca0b8a03fda7f547e644c23cf19f95cc115998a2310276
sample-1080.eml,19947,2026-08-06,f0366d6a7bf3143637b53ecbfde543a9dd14694fa47ccc0a9f11dd7e9a653a9e
sample-6157.eml,22407,2026-08-06,559812546a0df3897bd3bda708d7e1067929d628031d56d955a060fbc4102821
sample-1825.eml,22570,2026-08-06,546cb58c2e67393bb4cec08a9d02fc47ae21ea734c4287860f6086355be8eacb
sample-625.eml,20077,2026-08-06,881e91f32ad664e5102f692ff725abafffbcd417452a3472a9fd051176dec9ca
sample-7388.eml,21762,2026-08-06,b3b174b6fe53217e314cb70589f910a96bdb0765c3ac46593c549a685d3ec383
sample-3297.eml,10538,2026-08-06,a887bafce447fa3f005ad909da607e3a0220e269a53dbd883b576f38b6427278
sample-2578.eml,105283,2026-08-06,5802349290b3c346e70b68417ad92a6efe0c783af2edd8d1bd020c0d12f958d8
sample-7438.eml,25153,2026-08-06,50d5f515638b9c8e565bc7d13ca91a3fd78cd66cd0e5dac0cd399c009bb77a2d
sample-3754.eml,26692,2026-08-06,100c08a4a1ae93daad5acfbb13e1b99f0753fa489bc8b0ee7bcddec4081b704e
sample-7847.eml,19745,2026-08-06,d6f3d2bdcc9ff647cda62bbbe03d1479228d2178b53ab18b4e85b9ce1a5c2c42
sample-1225.eml,21745,2026-08-06,d55eb1f7de665182b6fc52e6f677c8ba2f10350e1b00b7ca23e18071b42f15f9
sample-4746.eml,15528,2026-08-06,1693a39054c165278da7af8b2f599d883269bade168207fe091cd5b1aabe5194
sample-7162.eml,25795,2026-08-06,be916dc7f4b12719edbd9b6b1fd3d6983143df60d571cf8a158521f11371f6fc
sample-6473.eml,18338,2026-08-06,0500f077b4b9c900a36f54a5db00e68e9087b079b46f75cc4afccc0ea9db57bc
sample-7267.eml,26930,2026-08-06,3669aafae46573d0634f1a6711bf955131d59875350533183820a46a5cb11f3b
sample-2967.eml,35641,2026-08-06,2c68c94252bb49bfe23e1fe729622f48618de4e9a0af2f2a074c7115b9ec15bf
sample-5146.eml,16219,2026-08-06,01f83b433d96775876f10b44626e65425fd5f23dc9c59235d9cd1eb87c0b1af7
sample-7317.eml,48396,2026-08-06,8b6de527b544fc1cd68f12e9339686a63602df3dd334d182768eb67c39ad1adb
sample-2819.eml,25484,2026-08-06,2f40b075f196a82dfa657ed870fbfa5bb4514a44da8308d518db94a882605abb
sample-5412.eml,16035,2026-08-06,17a59de284198f115bac92077f8852e84c57203831c88f47d778a541f6194192
sample-6049.eml,39815,2026-08-06,696b0c27677284f29d0f02152b09492b8fa07e4def071bb0e7d4e986bf7c087b
sample-2989.eml,19312,2026-08-06,7e1b650cdbf41e2a4d13349159d5723c012afd422950531414a5036af920f2b1
sample-3318.eml,17301,2026-08-06,a94d3eae8ca7933272e15eed7ceba57dfe9b060ef53de24054a775107935dcfd
sample-2053.eml,44070,2026-08-06,91c8e3155c9ff5caf77f246d29735e1a6e215749c14981a7531093bfc1f6039f
sample-1678.eml,20350,2026-08-06,f08bc52d19f392cfde14fbb27afe0642de2a81766e4d290c6ea7191d9e07dfe7
sample-4015.eml,28823,2026-08-06,8a34eddb6eedefeee0bcb5813eeacc0ad5945e64b4adcbc0dcfae513018da28f
sample-2121.eml,107118,2026-08-06,b8abc4d7f936d944cf62e084ae64c43fdad075fa73ceaf50227ce55f08652088
sample-4660.eml,78466,2026-08-06,ef7b48aa3523783548e5141106ae0c5e1f37ecd1e310d2fcbd21aeea8087479b
sample-660.eml,91831,2026-08-06,a88dc44bf85aa33985e5b0f03a5189e9bb8766c4f081454a718c9b18786999f6
sample-3952.eml,8906,2026-08-06,416605baacaf123707e6aa72b0ae916308598a8a452ebc00aadd74ea5dcf122a
sample-5483.eml,22387,2026-08-06,bb6bd03e89a2ee712a54e32f1adf2c5285dd3ed7c8b40c367b072c7c70e29876
sample-2150.eml,33777,2026-08-06,4769674c457fa250d54253aa45e2121e6a324fa25d80d7e0c1061128466673c1
sample-7522.eml,17555,2026-08-06,90fdfc0c1ef17ffa9b5d151589a438f830fedf6fc1a0407f0e52afb73431f99f
sample-5337.eml,13650,2026-08-06,1d34d21c2f0071c494cb03c0365145b5ab6b05a90aa473134bbe72dde76fc187
sample-2006.eml,36837,2026-08-06,8581891830e203cc089c811e565fbae0df9028dc05761bb2a6632f07c4f0df39
sample-8012.eml,19979,2026-08-06,3d8c0db288a77baaa453f159d35989e20a82230ef63123b194e9aedddcc69135
sample-1963.eml,16812,2026-08-06,ce3b2203d8dc8efd91eff15b9ebea90ac9461186939c568d7030fa3fe1f6f1d7
sample-862.eml,137721,2026-08-06,fea44088185dfb46f21ba3bb7266dbef2159aae0491ee26b6633401475d44146
sample-4472.eml,40413,2026-08-06,892ea7ceb736b63874f1bd953729d9d9290587579ec289ddb91a5b1ca3737fd7
sample-3130.eml,22291,2026-08-06,3874821d8ff8c4fc978bd6bf55cfd0e8412e2372aeea72f066a55a623585d8be
sample-2380.eml,52543,2026-08-06,8c6b4c5b8db87b478e3cec40b251717685737016d563713956848db5d6117363
sample-1957.eml,8265,2026-08-06,d7cff0b8a1ac8b75a19e2c1a076b7a149ede0237ebd4c11f0c30aa8ca7bb8750
sample-6379.eml,20134,2026-08-06,d5dba4b952215f9466c129fb6a823569e3f5335ee4fe87f543c17bc96a125874
sample-5247.eml,18962,2026-08-06,7c025d1b3e679458e63b1d4cc3f948d7f97a2167acde48487b8318184e5da0e1
sample-7678.eml,16839,2026-08-06,d8ac6934092695e478f96f9b54b48a31a626d581d00e6e923a6b2ce4f3ba13b1
sample-2733.eml,18705,2026-08-06,f834ea5c88b1189986fd3ef7174861c4960100994953b08a71fd271dc39c2770
sample-4834.eml,37790,2026-08-06,45899f2eaab732bef827c2ded5437221567d824677ef18c147a9624c5ce55853
sample-8153.eml,468453,2026-08-06,ccc303be0001bc902e6fe0b3e170c33f3b8c36bb693e6a2c39c2b0db76b86acd
sample-8054.eml,12149,2026-08-06,3fec23b57d2b0a0d1b4a381459d8ef9131f2ba595d9928ab21b36a73528fbfd9
sample-827.eml,18902,2026-08-06,f71a98c692974ee410b30b9bcfadef7a3f990d994f544426f97bb4adfc5337df
sample-7471.eml,13080,2026-08-06,8f21ca797063a9868b8ddefcef25a9d059f55951278abe650ba90f824a7b9469
sample-7517.eml,21778,2026-08-06,d85aafc9654c18acb8633b3426ad6af22eee1f5f9df4e3035a6b28f82a0cd04e
sample-7577.eml,24720,2026-08-06,a76a745d0b90d71ea8f4d7a550d1b2c437ec3b8e8bda94e5604316e352020a70
sample-6615.eml,295474,2026-08-06,1f21f4774be9902aa9e9bd3855bc68db4a5edefafb242c0756a7aa42f62819b3
sample-96.eml,13724,2026-08-06,45fafe2b7f9573b25e771595f6d8c84322d4c7bc3e780213d4cde28b0982914f
sample-4448.eml,9499,2026-08-06,15282e79eae4bfe5902c2f931cc98e6fa94f5449263f751701d12563dab6e8d2
sample-689.eml,57647,2026-08-06,ec9047def8ee2cf636a2206116246a8f619d9756c3e525cf91b574eda9c07f95
sample-7987.eml,13278,2026-08-06,93461b806a4cb5f82327ac1dff937e474725cb92b86a375a9ac722501589e0f1
sample-914.eml,25723,2026-08-06,a2e7651475181c1236c1d1b5dc97a9df5b98d2bb503ed8ac009eae51bf659b36
sample-980.eml,24912,2026-08-06,47324d76bcda44e6f7746d1f787bc2fc1a86c0abfe8dc97117d16ef269f8293d
sample-7212.eml,46899,2026-08-06,590536feb551e2b24e8111addac8b5eeda933a0fc41ee7447cbb9a8d6f6feeb0
sample-3573.eml,27068,2026-08-06,df733c39167b036e36dc56bc6c8ab0ef5d38bb213e1f59d62998ff70e95ce547
sample-3364.eml,14121,2026-08-06,2bfcec1811fa6b5ef39260bd14a44303813440828549f67337c8d17e61d02b84
sample-3039.eml,18397,2026-08-06,8602aef6d19b25c153c543ff6154d3fb99ec901a13065ff3ba6052667b177c24
sample-4962.eml,27011,2026-08-06,1cb1cb76f5f8386c231a9efd2ab5bd44a844641b29d7e12165ac9aff9c5ad9af
sample-7015.eml,16116,2026-08-06,54d79452e23b2549a38e94cebaffeb8588c6055bf85f52a36b1e641381015c66
sample-2712.eml,105413,2026-08-06,707f7c5911b5da0bfcbdfb748e5d811bf6c3f1d7e93335b8d679f14a6b557c18
sample-1706.eml,18820,2026-08-06,abc4ee0d422e6fe6d6833180d8f7b3a7897afe19b70a22f56cdf97d11885ce4c
sample-5258.eml,15830,2026-08-06,dfe5a9fd91af816c6c02262a96e058d8b6bb44016ed4725b54b3d2d8cc84d3d7
sample-8384.eml,16695,2026-08-06,e6670524442c4e78eaa58d5cbcb710baa300fcd07a72e19a08073a4ca9f46485
sample-881.eml,25489,2026-08-06,40b16a4d910936bbaa4a88337086471026f3c370d7f3f2eb38da88e3f0a10a4d
sample-4328.eml,86333,2026-08-06,776eaedeb2a6e87bf26be167fa9973b726341b6a5b9423359afec09b215faca3
sample-2748.eml,19964,2026-08-06,d660f9b8fb2a9f89ec3334576bb9b51242a65854e1a3c6ee7d17de77ed1195d4
sample-8537.eml,18306,2026-08-06,2e8ef0ecb39afc6c2d915ad30e7c7db054d60a735be5b1efe01df72fd8152565
sample-6467.eml,25577,2026-08-06,01e8c517137485d176402cea1c6777acae16685017c773cee3b6da3b82e35061
sample-4532.eml,19478,2026-08-06,e9cfe11efd559a40b57bfd0a062133c766f6b58dc8c18b31be2b62c39d1674b2
sample-5924.eml,34724,2026-08-06,e7cadfcae8c9622cee53a8b04dca657edb11f06a86bff1ffb7831cd3beb6096e
sample-1806.eml,36914,2026-08-06,78583318e7d830340cf14e2f6ea27590bbedc606b5f13684511ab115c2ff773f
sample-896.eml,16771,2026-08-06,fb8c3d3511ebea8d60cd6eae7064bf8902c434e7a3e185f815d50c5702fe6288
sample-418.eml,15740,2026-08-06,13e7dd38e961256c31a0a938b78912cbb08cb7a760f9905be90e7b1b598b136b
sample-414.eml,20010,2026-08-06,2ae9c1e207274f6d9f555fcfa6f5aa726d3626a21ecf14f693232f3d35709e42
sample-4126.eml,30133,2026-08-06,0cf00f22a16fa7507d7fb2e8eb7cd984af591ac724b172f83df260296441b18f
sample-6779.eml,19533,2026-08-06,ecf29198cad7b7e8bffdad9ae3fb96f188d1f6e317d8ef8ef54162c515951359
sample-8493.eml,35987,2026-08-06,2f84470c80f2590551151968a9496adb4f4c2585b1c952ce311d81b0aa1ed2ca
sample-1991.eml,46594,2026-08-06,0b09c7db1544fe201fe709651ff88a8fba09ed0f844e7e0f9512dcd39d1fa0ee
sample-2177.eml,18896,2026-08-06,b14f7bf9b5cb6c2ab85251511ea9a4b15a18f4a7c083015beb1bcfc708a8bcfd
sample-4165.eml,9398,2026-08-06,f270c799eb410852b179955aa88109334a7995399d1403149ab97168d9ebe073
sample-4340.eml,28255,2026-08-06,eec03d0403a9099d3c10ac992a459a270f4fc10f51125dd5a33e5494724a4dc9
sample-63.eml,13695,2026-08-06,b685bb7979af4cb0b60d7e2463be3f2d240940dbd1369ad4afed78ed106ab619
sample-5731.eml,22544,2026-08-06,2c31ba998271bf113f277aa81dce6b0c14b885b68148dad689deb6a5f1ba3c7f
sample-8551.eml,21424,2026-08-06,e0d054a5c69c2aa329716f9b6f7d87fd2bc383ebf7096821a16967963abd111e
sample-5955.eml,25319,2026-08-06,9226bd107511e41569fe33b9377fce2b3fbbfa89683fc637d80024b0587d317f
sample-1083.eml,17259,2026-08-06,56a1b44fe69f1332e4b53f2c7ba86453b8130bf85b68eaf84062777c72a2975c
sample-7740.eml,17335,2026-08-06,767b79d7f653cffd06a2bca29e2b29e0bb55fd45071fe9499dcf7fa471c64329
sample-2376.eml,59187,2026-08-06,2ea501c1fcd575f437d8684d95b32a284dbecc7cad0e44266ae41a9984567d1d
sample-516.eml,14886,2026-08-06,01b9331746db4013f02a1f7a57dd71b466f70985590e4f0e78fe97d8c39006d0
sample-6879.eml,26161,2026-08-06,851b05d08c76217fef13b45f7399b02caac7687d3f1ca7224663900ebe03e03e
sample-1739.eml,18514,2026-08-06,fcb12de01d785fc942c2f20faf4eba28d4f1cabdebd73d560565c15525df61ea
sample-889.eml,15304,2026-08-06,e41ee4331382bcd0f1fc13d51a7fa87e2f555c522702e962573067efc85c2af7
sample-3014.eml,17658,2026-08-06,6554659f093d7be520160053d84d7d3b9123f2a91ef25712058b041cc148d9c2
sample-6100.eml,19761,2026-08-06,5e58e074569df4b9173e3332a1ad9f326444574b61b65dc25b48e7d16a87034b
sample-2099.eml,19929,2026-08-06,6cf07e612dde3ff9409882b0a60615af65ee442c63c8e2d78aae5ebc90961a56
sample-481.eml,54632,2026-08-06,8219ecd9ebf4b3ecf653e3ad0778616e27c638d9a9b555bb46de78f396e679d5
sample-8238.eml,14549,2026-08-06,e4ea75f8226efb4017f8ce20ceee0fd3ba8aa472f5a745f44bfa9aabae17c934
sample-6766.eml,14255,2026-08-06,0e9570519b519f5fd27c701dc78ac20aaa8cd5777e1c3bbd2bfaaf1dea3b9fca
sample-1024.eml,24839,2026-08-06,4017d6e278f9955fa4ffc9e979e2fd908de8b806078c5c67efcaa74821a3d380
sample-7750.eml,41927,2026-08-06,ec29c57281172b37bfc8e72e45de91475ce2a016db52d0b33d28b75df7cec84a
sample-3937.eml,13512,2026-08-06,8fb1f84609f7731153e7414dbb5c345b2767cd657d3e158c8086662e92dcfe34
sample-947.eml,14595,2026-08-06,4f7851230df8a1e2fcc9e2b9b5d47ef7882378142b0e9372ea74e1200374d6f8
sample-7360.eml,20764,2026-08-06,80cc5ff1c42f1cb8d9a2693c806eb0de0a80f63010029dcf0c2e54b89477b3d5
sample-1289.eml,17807,2026-08-06,90b09f4ee11e69b258afe53a1ee131f6eacd392a797fedb7d907bad63841d303
sample-205.eml,53663,2026-08-06,6207b6968cee361c281d9a9d2ca071d61ac16cfbb759129833a64c76f554668e
sample-5851.eml,16178,2026-08-06,daa843e467befc0c4a44f54ee0009fe4ccab3e2bd498c2a1c45fbbf15812ef24
sample-4689.eml,24619,2026-08-06,e9fce2e1c613070748aff9844e3a07395e6b21aa248242586c488ae15623a226
sample-5993.eml,11123,2026-08-06,e5e73f5376cb5658d8aaa05a11f3f18c7f31be7fd8592a3491e3262b908534e6
sample-2736.eml,21412,2026-08-06,b810050a7440528f8031436f3ac7c25d668501e6b8e1ccf13e31f96a3ae46a87
sample-4164.eml,13515,2026-08-06,2083364063db821807455e95aa18ef75ef2820e85138968522d1e44875ba5edd
sample-792.eml,13327,2026-08-06,9754cc4e2cd07f27fcb2b4cf888ca1c5762b3cf0af259b6e002d2835c2f53590
sample-8035.eml,20265,2026-08-06,2615129add07e29a40fb695b9ad8dee09205ec5b4993a8a76c234fe258132f3e
sample-1631.eml,17986,2026-08-06,8b4f81ef0a653dcd78c8d6bd5c60cbc29e871feee06ba0694642b08089ea7431
sample-2874.eml,13237,2026-08-06,8673a7275affa79b22abf1f2d21e3705d0695aa5d1fc692065495e1bf5014564
sample-1320.eml,25690,2026-08-06,2ff9db08a42b2e1867837053a34082fd5e554b0f567b8ccf67ecd86741742f2d
sample-8283.eml,469000,2026-08-06,87f010a08339e2b13f6c1b0911ef7b5ba9a4dc3abe5e3ee9b4459a7e471d59f3
sample-6359.eml,98017,2026-08-06,440752686e07ad10de4a827d931b8c46b7d1e3fb577b4985c5b696b2d2c06572
sample-7818.eml,23861,2026-08-06,3b055024feb27dd80aa94c26a0bb1630286e0379cb0228c8611c34d5333b5977
sample-4177.eml,13078,2026-08-06,3174321a7c855b00da6b3f7e03969c40344251586de19247cc00a3b3a85633d3
sample-8182.eml,16422,2026-08-06,a83e05b254173daae7bf1e54e482234916d248886cd2b514f9b2887d056dd6d4
sample-2750.eml,32177,2026-08-06,eaa39495d6002dcefeadf0919b2752ad94930a756c1f62870ca9e599d65e58f8
sample-6581.eml,17845,2026-08-06,c9f0aa25a8a6a858068c10b71f47ccbface663ff72f15329e7fb411d6348cc14
sample-3166.eml,16910,2026-08-06,81c4ad65b6e3c73daa891b238adfeca0125e7312e541718214ca832ae289feaf
sample-5929.eml,34739,2026-08-06,c68895e33966b2432d7f2e68160f1c25b7f95ab92d8049c69cce1e219c1844d9
sample-5398.eml,14023,2026-08-06,80b5dd28e0ff47d76450d83f3747f0dd0e3c7e24b30857e66c93406aca0ca905
sample-4563.eml,98386,2026-08-06,965506db919b78af64e6a63252f40db4d6c85eafe8080705118e896fab6c3392
sample-7498.eml,24466,2026-08-06,1425b9ccecd3fd263647406a3a66fa7473a9f95af3fd3aee36d50acfc21f5281
sample-2153.eml,123775,2026-08-06,2eb76ed12e09c65f98d2f339edba9b87ecb71c75d20498435cfdda7207a96024
sample-2535.eml,25359,2026-08-06,9f01e1b0d1b2b6538d71577536874e11d76fe1703ed01d40b0f076f164eb21e9
sample-1405.eml,101090,2026-08-06,782c1db374cfaeca4cdbcec7ec100bd0f5bc1e520fdb84a2f647d8173670e051
sample-1275.eml,18397,2026-08-06,02b43156de16e90e5ea2dc9229e9970f51a3ac2c17405c92e53ea27d3b160d1a
sample-2767.eml,105232,2026-08-06,c06edf870dab2434b3339b0cf2aa2014d28c2b0301548db7666a634993fdaa8b
sample-5430.eml,19718,2026-08-06,2b93267376a2ee8d57f352907d7884329da9a3d7c7d86f53e0122ac0bfc22755
sample-7855.eml,41214,2026-08-06,4e95f4620c4f22095eb4e70aa000dc55533404437769f8c4a03bc9beed713f15
sample-6127.eml,12920,2026-08-06,7d2ada0ac1d67a97ba650f21e90b5a1521e8238cf65b46ce3ee26da328369ba7
sample-2737.eml,22184,2026-08-06,82c5a7406b3a0ec95ee831587b03b27f12968078187b8dd3134c3f23087b2546
sample-184.eml,125187,2026-08-06,455522fa6c3583201cb6490a9b5f69e1df67b44eb32c6016ed368d026e3cfeee
sample-5905.eml,21575,2026-08-06,168d549a162206d6aa00773257c43453010e3815a14442c1c8eab99b8418e3b2
sample-2769.eml,19750,2026-08-06,c8a7dd3f9090197c0aad5397ba0ea14faa7ee03d208223dfadf71c163709ff71
sample-925.eml,149361,2026-08-06,b5a6fe319c0cfbdc107b9ff4c2956c54ed12f587e55d5ee13993a51570338844
sample-3550.eml,22223,2026-08-06,6fdd5a60c71f6238beef7343c8390e53854150674a329cc9563abef006a82403
sample-1968.eml,59824,2026-08-06,f70bb6c1b325cd11cd0f3c3ca641cbb71b991b3259a330d13a170c081c7b2a27
sample-8517.eml,19873,2026-08-06,d70bb9ffddef3b1bb1639289018da64dce0ca7f7592b28b70289a30c267bacdc
sample-3532.eml,18023,2026-08-06,1c129bc728037eed0c7b717e8a90a6a783ed3a665f344e3b8d1b9788bba49512
sample-4055.eml,29183,2026-08-06,6415799dc29b4efbe5814959639cc900aabc0d805c9f27bdf97d8ed2caeeec3d
sample-3615.eml,14029,2026-08-06,e465de5fb4bb3bb9bfad7903ebea897cffeb71c75c5794d7eb045a0326d95735
sample-448.eml,10209,2026-08-06,b7773440efbe46c190469ca572bca82bc8aa0c2b69200ff94b538e855d197d91
sample-5476.eml,25976,2026-08-06,2382495fdba8dc142d595e6a32a3351c980fc605479d5aef75009e53e468eb7b
sample-5525.eml,19928,2026-08-06,6b756d206898e4139af2c3a9234fc24e838b2a71f6b48a8359dff3d2acf1a3af
sample-7514.eml,27036,2026-08-06,61fdf47d9b647f2db61b9e252a1d754094b0d0ae94e3616e2f0695b1d75f7363
sample-979.eml,24911,2026-08-06,66d05484f0bb86e2d8db161abc0503ff345940792c70dc9c6f77c9bbf180ab96
sample-2975.eml,15687,2026-08-06,9dc59aa888bdabc180b3d0ab31931a77a435406186ba2f9e002a4023b208d9ba
sample-5376.eml,15785,2026-08-06,bd231a81f4a01c229803f19ea36e88ed130af2778dfefe9bdb9c8021fd049fb0
sample-6224.eml,12822,2026-08-06,ed398cc530e7d0603174401783766cfbf7e449d96384f4c37e42e45e05014c8f
sample-4190.eml,17797,2026-08-06,3eec895878da3f5ce36de3a7227de8d7b89ff625f2ef24b52535ab2190ea3f81
sample-5745.eml,14613,2026-08-06,36f977a5a207440a9571e7645860a8dec77f0bfcdd8548d299131783c9421f00
sample-1431.eml,35000,2026-08-06,fa7260156c131854ff394608f4f9ac481e6fac8c6d67b743699b845b500e4b94
sample-4320.eml,90089,2026-08-06,b725a2fce51893f88152bb26c02f526376af58aa9f95c11416517385f6ea0da8
sample-5433.eml,5023,2026-08-06,fc5732cc2e55a46ad8fb880782849207bc7d5db4cc08f3bbeeb790e3eb5018d5
sample-7849.eml,21240,2026-08-06,e31eb26f0f154569d288587467cf81850043b5ee81510e7389553224bfd42df2
sample-2358.eml,18419,2026-08-06,bcdf25d5d047cdf973270b8cd756f63da553dfb57b6ce174e4e678a94ae41a4d
sample-3695.eml,12826,2026-08-06,aa736ddf02aee604980be713128a59bfaa0f1ae41d97bfcbaaa8bac25a363cdf
sample-1054.eml,15369,2026-08-06,71d1914339e55f483a9153594c4c36d020dea76c972ade87732640412a26f4e3
sample-385.eml,23643,2026-08-06,a5294e5ce713eb1f7cce75cfcaa46794158fdf79cbf469672e290be4e1b7b704
sample-440.eml,12930,2026-08-06,fdaa05d7d6855f8ddfc1783af1ad7c44b7e735acb2097fda87dee93aba8f1b0d
sample-6405.eml,18632,2026-08-06,cca365b1e5426932d8ee21713328b8ad9be655c724d27aeb5902a83201f6b1ce
sample-4300.eml,18452,2026-08-06,190791d805edc2b6fe589fe6674e39125403c9702b63a184ff0d5e96577363dc
sample-7816.eml,24305,2026-08-06,d4ad85d1bdd4fbf8ab07a3dd358d459c6130808934d27ed02b768de8479fd0bc
sample-4251.eml,39930,2026-08-06,8bd2e87d1396cc93c77c5d7cfe4587188856a23fdf894bccf469e5b773852acb
sample-4067.eml,19228,2026-08-06,6d43e5ba71ff5779b6b17066a2229b082b8d81840dc3612a6fd17cd4732013a1
sample-6829.eml,19072,2026-08-06,d0154b493e607cb56d57b3b05366c3d6686cac53cdf75847f10f12d367430ff3
sample-4789.eml,14994,2026-08-06,bdac1c6fa9724b2cda4411eaf794483c819cf358ea669d8f4670643e3da5b799
sample-427.eml,1254,2026-08-06,ee093ae981a6216f6e728ecd46e917d4f8f4197ef187b6ddbf8016ebecf6f4dc
sample-214.eml,10916,2026-08-06,8a012f8aac1fdd298a31fd2a15d41a5c6ef485df352f95580a3fa007fbc96f9d
sample-6556.eml,21912,2026-08-06,0e816c044138773cef5fd1219880437aefb414298b71053af7cc0d0751158ba9
sample-2334.eml,21691,2026-08-06,b1065483dec568e58ddf4e15c17be4bfd1489a13846d02c7aa8565faa6420b5a
sample-8524.eml,12089,2026-08-06,6eeb201003ac95b4d95a50782c0cd6b2a8c670277f5b72b06359befb5467448c
sample-1932.eml,19751,2026-08-06,775c25c2b43d533227d5ce41c4e9277ea15596be696341741f1630eb1bb5a30c
sample-2041.eml,20910,2026-08-06,f29730d38dece36e54a06ba6c752ced79fcebce26a79c406efd3042757ee5a81
sample-4514.eml,22540,2026-08-06,e4cf8758f31108bf71009570d6cfc21275655579e54c8539d393fe04445b2787
sample-621.eml,29070,2026-08-06,1153fbf10cd9203498493a211481b769041aba3356c50c5d156d41bab457e0e0
sample-3732.eml,27232,2026-08-06,d5039e6b7f941ee1b8dfdb438f47f67558826636c7ce539d3e96da30fd4daf2b
sample-4650.eml,18424,2026-08-06,ce5dc8bdc51b43b74f58411cda713691299590d87abdbd4d6bda1bb6f39041e3
sample-5227.eml,17980,2026-08-06,55dfc19c47e2cc3656b4197f06254a956a861b913f355e5bf9bc8f5ca156c1b0
sample-377.eml,11479,2026-08-06,4da89b4c14345153dcb61e41290ca94da91d27236b6f6d7343e5b0d116703a4a
sample-1445.eml,30650,2026-08-06,cea2d28a7319c298f4f2acede36651c2f89562a7d2f238f2822361b86b5c6d32
sample-304.eml,28601,2026-08-06,46552c6525e1e76b19e5f40a52f86362a8e1ed9cbb3299d46307187724c3bc30
sample-1808.eml,36645,2026-08-06,25fbfc159ae2bd8d2c6c5ced991733a0a67fc0d80658271ca8c17151eeb85291
sample-6260.eml,136533,2026-08-06,f08d1c7553682808e7c1df795729c35e164e07960e7aaff29bb86690199f4b3f
sample-6319.eml,51211,2026-08-06,51230af3eba0521f8721c79b697aa7f731dea5e3ce546d32e75cfe713a2ae1ff
sample-6789.eml,22647,2026-08-06,83e4bcbcd119d66a939d75384af2759f832103e403c9dfc9ae4213f05e61b089
sample-259.eml,54141,2026-08-06,366b0081e8536c33e11e90d989f988c924931cec028061051871b5f5edd16acd
sample-5031.eml,14994,2026-08-06,6b990e81f3100ddd48e81af0fed63c64dfbf4bef929e1d606df4b57dd3c3172a
sample-3366.eml,23833,2026-08-06,c6ba070ce46336c99ae63b57e8c666bcc9aa3166f06611c27eaf2c515c8d7d3d
sample-7381.eml,16690,2026-08-06,4ea26b65e451010776308e3fe89251818af399d73c273185534503fde5a5830b
sample-398.eml,30160,2026-08-06,7450da10cb2234f327eb0883d574c6d909b2e81097a1fa3c7ff82044f9539f06
sample-2231.eml,20027,2026-08-06,7a49194a8031100b6d41156c72435a93a01d51a933c9e46f9719580f088f1d75
sample-6684.eml,21356,2026-08-06,a8fe55bb85e66ff80b912344e05b5bb861d4397fbba52ddbe0829e4917056f5a
sample-3238.eml,17958,2026-08-06,d5a38db8d16bd78b451ef48db0f81bdd587a150f826847e0dcaa5ce02473289b
sample-7249.eml,22022,2026-08-06,30be5f86539ceea094b3fc1d7094366d86eb1ac955df81bb5cb96af784cae5e4
sample-4470.eml,27518,2026-08-06,d4137d3359f62a018d39aeaf2131238e6a2d02dca36d0bba55550aa4667e6b11
sample-3094.eml,18005,2026-08-06,688724c8b78c432470fdafac1e718f608e65d1068a237d6356a98b0b90075f4b
sample-8031.eml,29682,2026-08-06,dc5290655df895db5ae5a3898d274c310ef45f3795be4b3867c1e7dc44ab897f
sample-6603.eml,29217,2026-08-06,7149950b81bc91001ddf0f55faa2693ac83c513d48a7050afeed0a322a10e9dd
sample-3347.eml,8134,2026-08-06,dc613609f63b8a8b4420d9d31e57c83ba64bc5c0726c53c64e92b3d44d515615
sample-3775.eml,44765,2026-08-06,399b8157b79cae21965b548a08018f8cf146d694502dc06bc44e6e1b34f7b9bf
sample-822.eml,113216,2026-08-06,c730a5764a7898d47a4f75b4cba1d03b4fd70bc883249b986dd714c855ab7d34
sample-728.eml,13936,2026-08-06,ce1c23a63f4dd7be511c4612303bf1106f75054ecc4eb8ec8ebad99cdedce062
sample-160.eml,32543,2026-08-06,b8d83a407685225b27972578e8d9fffce9ac698d66b145b5797856c00ceebe51
sample-8538.eml,24817,2026-08-06,12cb75903212ecdbfb8127460b78ef4e489dcaf42a74bd4ba1cf96c9090995ae
sample-8137.eml,21017,2026-08-06,16001a6b593c96609427feb3ef30fd78a84aa730a10b2a39b41a23efd311df75
sample-1228.eml,20385,2026-08-06,6031d744c475868381dc7ca910611194392353dcfc8d90dece71248767683c9b
sample-542.eml,434627,2026-08-06,9a8f7cb609162a7ca1de24c6c220cd32caca5ef72f12ee5ad5ec56b7d0d53d84
sample-2756.eml,105345,2026-08-06,0be0bd87aa9ef121a80e5f9d80a93cdb005c2bd4f0723b9a84a171019d17787b
sample-8201.eml,465556,2026-08-06,b3b7b842758f8eb5d4b11f434d907989b62c6d4d76e8bd11c21a6bbb7dec593c
sample-3408.eml,28606,2026-08-06,a95937036c0b87aee885f0f9fc9df154e71a52c1e030de6f3559f1a1f5dca8ea
sample-8388.eml,474082,2026-08-06,8d8b992a9cf5133fcf97c7dfd4aaddad3f1ca0b081b50ffe3d1e5a5c309797b9
sample-6003.eml,27225,2026-08-06,40e260f29ba9368fb0f1457182408d49e20c6174766f5a04de21dc3dab1c9d2a
sample-1788.eml,15911,2026-08-06,02b031f61cf50f8f4faf8a12fc30f084c7ecc8b5c2b304313ad776978bb06ae9
sample-4677.eml,11879,2026-08-06,c1edef600da81ef582d175a90d46ee2f1d6f41035ebd05ad46076324ddad846b
sample-5958.eml,23775,2026-08-06,35608ae6c0fbe51b6e6d3e08a6b19ab84a46fccc29c35f3ad77a69ea3659f2ba
sample-1448.eml,56230,2026-08-06,2ffe891a8df6af58978997ce2aea1b3880f0bd2394b1c0727dfe5a4b8c3f18a6
sample-7437.eml,21829,2026-08-06,38b55081c032fd5fd7db2aff21d0491cceb28c43e53dcf8e3c28925242583177
sample-2920.eml,19251,2026-08-06,95e08c4302d5ca68f16362669e795b879798875d581244777b9b273c057e4adb
sample-6225.eml,25514,2026-08-06,52c5dd3dddf6f51b382fb6bc297d363b64b8f05731594a31e7256ea5795fa364
sample-7923.eml,20527,2026-08-06,8893b35bf1e49a71a860aaf70a6317c524b533b8d3c07faab45718048ec5642f
sample-538.eml,55491,2026-08-06,f32ed62888a8f893aad33f25e309836391e1c1c2ab4d28cfab41a9ee1a4993c6
sample-2064.eml,24063,2026-08-06,90a3db57655deae9db59f606aedb85631af05019ed7bb3d18b9e9d33a1ea19ff
sample-4334.eml,16366,2026-08-06,33e1ad7f4ec2b7e277ccc40edf2d5fb73c4782f8d2c81aae28fb4a2362fec74c
sample-8327.eml,469969,2026-08-06,ecbed99dd894e3e6300e2f1b7580b95507c8b836b42cf9b701b3bdd9e166102b
sample-3903.eml,30412,2026-08-06,b90fa13a921b0ca9b4e764e76c7ca8f202c7e75aacf22a5a17513aa7c65b29db
sample-3821.eml,29114,2026-08-06,219623a91617a3cf7d8a6ad7577eca6c646a33a51edb9404b38d8b6bc01d51ec
sample-3747.eml,26440,2026-08-06,32be691d06c847369f32fa3dd711f46daecf9c581a957454783ef2baa539bbdd
sample-5837.eml,51339,2026-08-06,31ebd64bcc52a39278f42c9c0e9391351254cd07056b40fd66f01848305dc3fe
sample-4911.eml,14520,2026-08-06,8ba65b3eb3e834f9b4217a25d6af1dce8a0eb9da7f883d2ee3790344c63c4b6b
sample-1605.eml,20600,2026-08-06,8ed01819cff561e78c3f253afa160e8143e63d7b6fc1cf8dbe264c668a9cacb2
sample-747.eml,19605,2026-08-06,d7f94b038e498018f8cccf0e6f13e63299c9d812f63a8e30bec077d4932ed2c6
sample-2082.eml,38211,2026-08-06,8c7b6810a95c47e98965b7fa39886cab742a49a90526707cb55b12a841c96c13
sample-3095.eml,17987,2026-08-06,04f5e55edfba23e7ad7348a674e2abd4ea955b79864fbba6f59fbce0d2e71b15
sample-7835.eml,27230,2026-08-06,190daf0b380f057ce57c8532bb2b5c950851fe3e668751a0686fa8a9d547bf3a
sample-3976.eml,19360,2026-08-06,277ef0ce0b82ebf75c6bb55e539fc8ae9747b4ff82a99f0bd9c8feb4063b5c65
sample-6056.eml,18185,2026-08-06,f800f47445419a42e9588d2c478bcaeae5b00245672f5a8f738f1111a836ca03
sample-244.eml,13761,2026-08-06,7466c9be3426df9ad5c0516d5ac80354b8ae36456e480d8f2eaa8747b83ad5ca
sample-7949.eml,21446,2026-08-06,4a8578426e6aa7b6c6ba0a99ffff07d9158f067b100ca619f307f57eb66129f7
sample-8172.eml,21657,2026-08-06,68507f3c0ba2bf9de6d65c57cf74c292040dc5fdf1159d511f9dcd7a211ac97f
sample-6447.eml,23824,2026-08-06,11e67fca86ce67270c17aa9ee225230b8b7b468186e7c93ba9597a8573dc8abb
sample-5560.eml,14296,2026-08-06,342ed2bcb81fe9f0ac34b11615555c1dffa41ce4ebadd64e97b45243faca1f2c
sample-3548.eml,17450,2026-08-06,603af494795fe8ccfe6c8cf3fc9d30a772cb58f36daaae28381709919b6a1c4c
sample-1457.eml,18958,2026-08-06,5c1993c7ffa1c6c737b853f583c582697c2e857443a11a93be4d242be7cb9022
sample-7462.eml,39510,2026-08-06,f5e892d8f25c2bb808abb99dfdd928a03cb7b6a4becc31425bf539a7dadeaed8
sample-6782.eml,49074,2026-08-06,d572b436e755474bccf9e944d8e8b9899ae49aad6659ffb9fe9a17c35c59d3da
sample-6818.eml,12617,2026-08-06,b228df6e3fa2026db6d12c38fef1470bb2b720125ae9dd74d46df27f8c7b6f7f
sample-2469.eml,19735,2026-08-06,80f436ae0f9ebb1914f340b327d1c2164e2837f64c4f98baaecb5b33a12d6eeb
sample-1878.eml,50846,2026-08-06,51ac47e2c74bfb078ae89a51c40bc8dc9e2409b1292dab87d0d822d1ccdcbf92
sample-188.eml,109435,2026-08-06,e9ab8d8b587d9d3d4b5c283954b77e5d6025d87a0028c371303e23de9eaa1468
sample-65.eml,13325,2026-08-06,33f476aeab1c59bf2bd67c9e5d5debc8e042a28f7c54fe6fd0c3af65e148bb41
sample-3383.eml,25305,2026-08-06,fc212fe23ba3572733a2c2fd6a3d71a98e2f60eba3360ada47796d8b38df1689
sample-2672.eml,30908,2026-08-06,1c544ac292b87041cdab0f15a50f23e579fbd846efe1b3b7c8edb0d9589da677
sample-5363.eml,32806,2026-08-06,ebfb2e271052b815816bebe5ace5e6943b80ba8bbb6cda521886ce4f60feb633
sample-1866.eml,104520,2026-08-06,864380429e45133234970ecae7562df08dffe7eae0177f45350c50ae7b32f951
sample-2933.eml,8912,2026-08-06,59e29f644da9065f74cfd19c6041777fc4203ab0bfc56adc6cd03e91978c2ee6
sample-5503.eml,15453,2026-08-06,ba057621c3935d6994681c86f12b3378924d53e76c50c798f71d771d8ad66533
sample-6131.eml,24824,2026-08-06,a989e578fa2d0ac5a74419e2fdeeebda01f9615c28479952f5d436692231b558
sample-4950.eml,14687,2026-08-06,bd212c1f72c61b5f2466a9ddba408fd5ab56c0bc2eba05ffda61996fb6c7b354
sample-2960.eml,19539,2026-08-06,192d7bd54abfc53c3992508228a2feac6bfe293f4a3bcebca956ac0a4187c043
sample-4428.eml,23445,2026-08-06,344b6770dfd973c590692811885a7c18655b3f55b4a37e9f92a1d522c21c0cc2
sample-495.eml,14842,2026-08-06,4ad79e453c7ce601675c890680df72b76b71b9a264e3766c6599cf0e13749b36
sample-5033.eml,14689,2026-08-06,427a1d62bb256b7a80e65d754cbd67371fd0cb15ef6a3d642e6a0bdd953ac548
sample-8573.eml,33723,2026-08-06,ed2091327330bc75b788ac7776a8c26a1e246e6c200c400340719c9b220d51b5
sample-3167.eml,26018,2026-08-06,bef334fb5575228623910904b2f4c21f89c4b595bc1fd5dd63d576b687aabaf6
sample-3692.eml,28333,2026-08-06,7261517b62c5cac74f888b4e3d387e5f0568e758a33bd6b9d2821e46f124a2a7
sample-3478.eml,13406,2026-08-06,9883a6367bc3d94732a75e8456ee0db066a16c5ad78770ac60ad7e0eb8721586
sample-39.eml,14348,2026-08-06,b0a295430d5612057e18773c198a681c6b7993c450bd865a1ca8886f9965f3eb
sample-5338.eml,45236,2026-08-06,bb3766249f2eef9be0a274e659446fca46cf7e72a5dfeeadb21d80a27d5d574a
sample-3618.eml,13986,2026-08-06,a85a8cdeb7836be70dcc045ca1b224b7b5863e9c096def2e3b151f15821c072b
sample-2044.eml,12482,2026-08-06,b798b9b82e5fa15d688f675974e58dbdda3880d21d4e012efeee732d61cbf48c
sample-5712.eml,10731,2026-08-06,d7d9bf582f61988ba7d09806e5868284256e47605c62cd015c3eb519c87888de
sample-7340.eml,18293,2026-08-06,6feced9560ebb6634aa0be33f890a171dd8884e77e702062dccdc8330f596984
sample-2423.eml,19562,2026-08-06,ffc4a35e19bc4f492a96eaa87f6e2b428632f3df7d513bcc3e6ae0da1cce1298
sample-3233.eml,14624,2026-08-06,26ece8183207752ba69888b41b413898bba9d389c3603a43d11361689139aa99
sample-6397.eml,12955,2026-08-06,49b3f008f8b2e293e69b7cc50c75f83cb03d53d91f2dcc9d4292c5b0ac19e65d
sample-4056.eml,28221,2026-08-06,b7d65af0bd3397523e50a0007f58b5b86c5bc3e50dc29a2ddd2b5147076232f8
sample-4236.eml,14487,2026-08-06,81493b80afad8d73754968c148236ec6293b2d1867772ada3aab0f537a70fd4a
sample-6823.eml,12206,2026-08-06,a58c049272522a5138a72dca5b061ab2e978fec196b3598a304a02a0ef176fe9
sample-267.eml,12774,2026-08-06,83f753761f3ca1567d866b0e4bf99a22e880b2774aa38d0c830229338281f7ad
sample-902.eml,12544,2026-08-06,54317e3e69875032a31ed60c1c6f80c8196f366aed1d36b6b3515026eeb37199
sample-5646.eml,14384,2026-08-06,163d059d80ad17148cf9ac8d63db3c7b3b4516e34f2179976e0dadc545aebdba
sample-6518.eml,980812,2026-08-06,ee5d001202e5ab2190a44c9921cbb487d72a251be555b2bc382a1b44b46062b8
sample-3080.eml,23116,2026-08-06,8da3e10aad13f16fe9fd79a7d69be65f16eb71b4445770e56f0c98557ce13ae2
sample-6771.eml,25815,2026-08-06,ef9d71a3a75c434b5383743253ac62590371451acbf282d756b729d8fd800d74
sample-4610.eml,27179,2026-08-06,701de68b09f9d3c1154cfe971f094fbf929f6e2243a16ceb3eecdb7cb2c1a749
sample-3502.eml,44839,2026-08-06,7058cf090da312967a9400a0c1c3b124d61b937b639f0e898382da9ab244cbcb
sample-3498.eml,12773,2026-08-06,667ffcacffacb649795540cc9e311168a7f38fd1c2d919fc432b395494af91ff
sample-3855.eml,13398,2026-08-06,05cd7db2d78f27e203de360ae7cbab8df6943a1c5a8f10ce3c77d1d2a1bb53a0
sample-423.eml,11404,2026-08-06,4f5858bc4a20cf9b4be5e5762ddc83787a9cd16071e6284d7f237a09bd8120fe
sample-7667.eml,19234,2026-08-06,d1f2914f6c7c259b6a3388fd2d30ef6496602f2f794b1e91524414449c9965be
sample-18.eml,115502,2026-08-06,0ec1bbf7f8fff5285c3a233d40a7029fb803dcc8277814669314641a0166b892
sample-4375.eml,14974,2026-08-06,8d30c2ea71801fb5e5fef48b0b63ba14303762c5348501a90e4148ebf26a5b02
sample-1089.eml,15511,2026-08-06,191e6c818057e11b2504d385c0c610f35bb5a570a347f136b251a654b0f83af7
sample-6898.eml,24251,2026-08-06,3d9340056a320810e793333fbe441bde5bbde9f3a08ea829704e5543a8ebb587
sample-337.eml,10905,2026-08-06,996e5ed79b96f05748c89d5b18d6f4d76ca11b9b908c1811130c0d8273b73689
sample-6780.eml,26893,2026-08-06,fdddb770727a1dc5f08cdef7a8f4349cde5f07971852826e1e074e7a8447f21f
sample-5358.eml,23442,2026-08-06,13f6aa5c488d3829243a3cbdac0352c46ecf8a911783bc443454c200567ec118
sample-6691.eml,27023,2026-08-06,a4878f8efb305fb6946d87463ca624acab372e414cda78d4d6ee4d2b37bea1fd
sample-6509.eml,16642,2026-08-06,c1c410be808ffae2e34b5a4dbd96f42bd9b51a77e310d353acdadd01b0e10f4b
sample-6897.eml,22642,2026-08-06,70422fdb33d83f26e9bdfe051ce52403c9271d1a32c2ffcc80d2aac8c5b9e34c
sample-4188.eml,22885,2026-08-06,1e50971f7dbbdbef2f677ed41437e9eadac0eebbae983023ba81f03da60db4ef
sample-7700.eml,20093,2026-08-06,933a46a16dbc5e54016c8c21c5cd7cd4b4b3a84e160d4e6b571971c65ccc5c44
sample-1538.eml,18383,2026-08-06,831090bea28285d1c0e55eb339294dbdd020c7e297a4204aca3418924b5901c0
sample-8596.eml,465704,2026-08-06,eec0ed94dba802d97523d768aed3070eb4b3531d4719293ef740812f5eec0814
sample-8186.eml,17140,2026-08-06,40aa88705e066d9bf64ba94d0ae3ad248174b6c8547d5141ff18325ce1a93135
sample-6718.eml,20162,2026-08-06,4939e98d7b8757c95da684dc7b96288829dd8c5d8cb89543812e69aae1709e40
sample-6887.eml,30541,2026-08-06,f3478e1779826371d554fb47575e01bbd7c44505e058012f24b95c002679c4d8
sample-8591.eml,469189,2026-08-06,0c39cf8fd2792282c2e3fdd7a133c3cd214db02b42f8abd6d081a187e6b05a75
sample-2637.eml,105223,2026-08-06,633ccff1383c668c4cbfef10e53057f3dd15a81375efdb342a81395f2f7dcbe0
sample-7597.eml,20736,2026-08-06,8306b306cb7cfca0bc8d0a1d8054fa491880319ba2eb2ab97214e65fe0ddbbb8
sample-3574.eml,25376,2026-08-06,8857d03dba26f4b7bdc9de776d65cf3a44081cd8d7bd398cc1e25bc5d56bbc66
sample-2388.eml,19885,2026-08-06,f912fa80fae110e14696de776dbf74cdefcb83c7e512f83810c591441a4904a2
sample-4.eml,8799,2026-08-06,b0984674655246216dfac4cb3ba49fcda123ff5cd48746cfd5bcaa2c013c384f
sample-6039.eml,40463,2026-08-06,ecc0679fec74c72985d6cd9b28581ee24ff8806d18a79869f76778e415a1f11a
sample-1884.eml,105869,2026-08-06,410da499e767fdedfdb5b4297f1812d9fd4cdd8890bfe0e166d870d38e461c3b
sample-7195.eml,23288,2026-08-06,a87ffc8a25a51d7dd1a7b764aede6dae060f995f99602d78019916217f6a27a7
sample-4479.eml,13951,2026-08-06,5099fbfd91ff4ca4c3191ddb3072714fea90764138061da6211e4e99a9bd0da5
sample-8322.eml,16111,2026-08-06,0fa5365be4f89b5d22d7ddeacf6c56b3742ed396800e5e7597765d45f6993daa
sample-7115.eml,26366,2026-08-06,15935d0dc2c1b0cca0977feffcb09b7b7548e18deec5db5a3c3ea10114300062
sample-6619.eml,41138,2026-08-06,a7b84615335107476ed594f716a72a154deb14dd4bb26721b262a43b5a032fe7
sample-3788.eml,27115,2026-08-06,de4fad8c3efafd3a05f427819909619bab67eca6f3db6f9c8c7b365bc093ba3f
sample-5304.eml,24754,2026-08-06,008aef786ec26935523dfadec2eb200a6fbc58de1f8f5172559cd3f72b97e3b6
sample-1137.eml,189979,2026-08-06,8767408d220346623577744caf11291fc5ef699f590fc4312f79ba9c067a8afa
sample-8090.eml,18740,2026-08-06,81756cca6a20844ef9cdbca391e98c85fd32bf7c825e1c4e3bdb7642698ea990
sample-4972.eml,12608,2026-08-06,251f7545bb41b2051a850d813e30b45960171f932c680a7efc66454014bb8fde
sample-5904.eml,21636,2026-08-06,e8c32744bde12b7777e342e0e32634b326bc2661c619dbe5cbc465cf1d272829
sample-2357.eml,18335,2026-08-06,1aed02d9687e2fe3dd58f6546e2d5584b474c163127f8462e2349f746974a07b
sample-523.eml,23133,2026-08-06,898e4f68cc720e9186f9443f8e9c003d70e0db7f9b1d403b3d5f29a667499187
sample-990.eml,13887,2026-08-06,47e1cf897b19c0780a8e6a99aeb3acdeb0efd86755b2e421f10fa8deeb6da116
sample-637.eml,19639,2026-08-06,f539fb128fe7ee1031b62d2f3ae65fa4554e2d9499126d21646d14eab4747812
sample-6135.eml,23944,2026-08-06,24d7f20adf510acdda5cd60995172f955150a3b7249c4bf5d32d7d719529d8e1
sample-6214.eml,28434,2026-08-06,ef233a73238a6a26366b4b011112520849882c3e6355a69bb131affd60f32988
sample-7632.eml,41782,2026-08-06,28bba4ef9310e3d0403444d13f08616cf962c1a90f736b61e50cf8a0d71f386c
sample-4349.eml,21094,2026-08-06,46667e97b695c5fa310b8f406e7c766382db9436f963f6a43f4e0ffedfc090c6
sample-6831.eml,725717,2026-08-06,d0d03bec93374ffee5189a1676af1a574b67fcf654e2d8798fd27c09332f84ce
sample-8403.eml,14307,2026-08-06,4080ec8d4f4d9c8b3012f6def31b1e84a2cb0a53823a2493300ef109264d16a7
sample-123.eml,29643,2026-08-06,5a4e7ff2c1fa6dc4bd48e91773f4b3eaf26fbe40a717ac4e9723634e66bcee9c
sample-996.eml,57941,2026-08-06,d6f4dccd1708fdfcf298d0c98e4d4f791bd2424e552bfe63772db883a6f3ca29
sample-4648.eml,37696,2026-08-06,ae2b9ae9b1309b424029130d8541d86e33a6b67983459259897dca8d5bbdc8ec
sample-7868.eml,32944,2026-08-06,f1b7a5c58d03ef62f50931dd239fe3ab8cf4953d56812514dadb89f68af6a381
sample-6993.eml,17077,2026-08-06,1efe893415b191770c008bf7922d0584f7d5168ed753e6f2d09a32549ce97a61
sample-5196.eml,15700,2026-08-06,2f3a329b7c9b540eae0177f4db7d4b29a2f71637c58b9a7e7c50fc8a020cf1f6
sample-3005.eml,21780,2026-08-06,43ae4eeff921d317bf675905af2ac35e0d78fd0f47b025dd49a34d20db24ec96
sample-7898.eml,21034,2026-08-06,76717bb328338c3adcdb79f5cccea6101827922334e671637ae29e3d05ba7ac1
sample-2425.eml,52658,2026-08-06,4d360dbfff4ffd17f8be5e467f6647317037952852d6ca0f27071019ff96c0a7
sample-2706.eml,17072,2026-08-06,bacd23a21eec083b28f328ca0083f55a82ec05c251733b5fe9553bb188df688c
sample-379.eml,12219,2026-08-06,b4e489ce7e901dc5cb29584f8ec4e948914290953979c924bf95928f6f683250
sample-3719.eml,27779,2026-08-06,7af884476ff70b1da66d82be250780b85c39bcc2d217d2690c4c2be30460458d
sample-5053.eml,47666,2026-08-06,2aa00aa9ab8e12185292c260ed2af6e39bb998d756d4e72760963b012f15c23b
sample-4226.eml,12190,2026-08-06,9147f00376102aea8af35f864792d2504377182314f09bf30ffb4aa975949201
sample-8473.eml,16008,2026-08-06,6448127ddfb30bde01b5770bdf28081ff8412682302b7ae839a2d3df7b001fe8
sample-4021.eml,28485,2026-08-06,429fa86d06064d55b183a1049edd24aa7af05a62a696c3d2a3b6cb87239e21a0
sample-587.eml,45553,2026-08-06,4fd649d75b5df3d0efa97a2ee54440a95a12cab93cc65ce12b9a954cb98fb619
sample-919.eml,322474,2026-08-06,01ed9108abe0465b1478846b1a14ab12009be33e96fcffb4de59494635f059e3
sample-5009.eml,45067,2026-08-06,4907d62a715b65bae3a6dab375609eb79b0fb0b3f9380ed66fbec4188877c197
sample-3525.eml,14320,2026-08-06,ca82e868229e522f1bd72e8c9a6ea80fa0367b0c70464b1acb3ee757c21591e9
sample-1927.eml,16212,2026-08-06,d8a6a9020cb86175bc2b73b9a73a8c1333edb9dbaeb00ecd2c2d4e47dd900413
sample-1126.eml,191764,2026-08-06,a08f758f4eaf7013fbbe18f171dbd88ef7b5c8c0225786d4e55fd8f3bf5c7f79
sample-3078.eml,26953,2026-08-06,cacd74dad45cacb0cb2956b2df563d1488ab2973876cce33acd2a4a09e0ebbbd
sample-2285.eml,150628,2026-08-06,c2e19a296b3c2faa2e5a7b9648b017600e95bbd60940739a25793b87c6ac53f8
sample-5254.eml,15876,2026-08-06,7b5ca6be9a3f7f8baa4e2f1ae9776c399f6baf534d5589f93b26a73fd4f6c509
sample-3267.eml,17180,2026-08-06,7a04065ffa814511627e8ca948df8f4d1ab768f40dd136ad61dfddcca4c11f0a
sample-861.eml,18794,2026-08-06,90597a9364fa6cd1f226886da4a2b2d339faf638a0ac1696e753e56502f325d5
sample-6594.eml,25914,2026-08-06,68b01836956337cbfe01f1c6271196c43b3e1dc3c0c0d69095441627148cd48b
sample-5760.eml,18533,2026-08-06,507eb6d0fcbd86640487ee3f0e9c93f710b96de040e82eb11a9aeb82ca53fada
sample-3458.eml,20343,2026-08-06,2e7da02b8abf87cfe3b0e2d59ba89d47dba595cd25e58344d6b9cf317cc8b32e
sample-1950.eml,9771,2026-08-06,01428782d4a1fa749e9e21e50612f827cc178d007b5047bf2adfda79a90c47ae
sample-3100.eml,194126,2026-08-06,97b71074adb1f812096adf4801d36d87fc78f2cdace14aa3086e964ded3ac551
sample-8034.eml,52273,2026-08-06,73229e522921643e9a50955964ea16ede9739cde0ecfad3d91c5587e9c013c98
sample-2811.eml,18936,2026-08-06,d2f9f61e9749e54c8cd64a0b02b036cf9eaa40ba38940a6b8555619c3f7b5dab
sample-5440.eml,10641,2026-08-06,b75ff8d3c386987a82ba4bd4a93b91b9f49304f329502626e8ab787e4efa761a
sample-6255.eml,27168,2026-08-06,9c1870cfb2905e2c38dcd5f697f99d5d46d3a0e83bda62fec02c8ef24306ec7e
sample-2594.eml,19954,2026-08-06,6314566a5f21e621476875880947b7d448d553fb2b15d7a853fc9b3f77b70436
sample-6749.eml,24622,2026-08-06,950155016d500fe0a279c0646893db0bcd73d304f0039f9dd4e7f7b69d9617e6
sample-6065.eml,25594,2026-08-06,3d115a0af8f7433d8d694a79d94644d95dc23f614b17f58599dcb8a0446a9b43
sample-5950.eml,41284,2026-08-06,13cdf0b0398f1b49386ceb379dd8345adfd5e879e7ce4ab19579295c5e703238
sample-7422.eml,17704,2026-08-06,20c7ae9717dca74a7b067cda0f35ab33f2b071e0e250191034832a83fd74b1a9
sample-7852.eml,24781,2026-08-06,edad7b32c99256c4d156fa0b08bf784245b707f9f7eb7c5ea725d7945440c03e
sample-5159.eml,15494,2026-08-06,ca1f626adde163b38c3de12e5b8d6d8bba94b7513ba7e16443b65aaeea04ca8e
sample-3019.eml,18339,2026-08-06,2097a2a6cac85fdbacc41f3bd358eb7dfdc463f0f37cc5c4b99efb8ad03d03b4
sample-3290.eml,27165,2026-08-06,12fe7f08123f74cb509533f80cad66bdc19c3ac90e419e28325aa1955aff8bdc
sample-5816.eml,16787,2026-08-06,94cb1be1a18ab3dc8290b3c1022bf70606b171689af7d712604d51e6b0eab417
sample-4599.eml,16369,2026-08-06,f5947eb28cdaaa7bc1fe692faf61aa83ab780eb2235091d35c1da3e8f3253cf3
sample-2401.eml,10469,2026-08-06,0b573a181fd4b4a5ee675f676dd4f2a9fb0ebbf362e1a7d9cabac3d7bb59d7e9
sample-2169.eml,68930,2026-08-06,d9f4b94fca05d4dab5d112c417bfd34a921590079fedab2907b758bd9dd4292f
sample-2902.eml,20814,2026-08-06,9ef7b12cf8367d5d255d56c3a37ca90438c6371a1af045de24b37779ba668741
sample-3830.eml,41244,2026-08-06,58fac3de7cc79eb55b341a9a5477094ef4269b11e6458cd6d33077068d70c41e
sample-3056.eml,19027,2026-08-06,c151a42784403681c548f683c1fbb93cc26120cd3fa451102bdc9e37b5700bca
sample-2886.eml,21362,2026-08-06,1382e2136fb0fd6c0092bb8b71b1a100e4ea089d9cc891e88fef59785c2ff25b
sample-1654.eml,18733,2026-08-06,45d852d64075c5d2642cea1baaaa72f9c98e803a6ffd67316b5d2b18b390d128
sample-3381.eml,14161,2026-08-06,d66c5807d6297b1ca05c71e34dd3bcd45553778f81d1685343944072c26c0f1a
sample-7628.eml,23660,2026-08-06,ecb3712691129d2e68e00acd0e197645d9afbacb49afda253cc5c64b47765bf0
sample-6806.eml,14096,2026-08-06,78d1658259c18f11c035fa74980790cdb305ebaa3f4c1f1f2f41ef7f710ca442
sample-1144.eml,24800,2026-08-06,ffc94bc7c1981bdd0480333cc4e0809a3469571404098a777e74825350569bd2
sample-805.eml,17996,2026-08-06,d37069927a8dcc910dcb0f3511f1691ace44420ec0431875d4e0e431e711c70f
sample-864.eml,47680,2026-08-06,358954f5c903b3eb7914e9bc6f8b7bab8b66dcf534c2376cb5b036d232f52bd2
sample-4759.eml,14173,2026-08-06,3a4c0d9091b2662942cadf3adaae0a8c4142f5040b6036100fb0d434356b8bd9
sample-7653.eml,22024,2026-08-06,3dd9547edd374c912af9939bdf548f1c7787a2c537bf325b8a9c4e936d76a8c8
sample-4184.eml,17396,2026-08-06,0bb90b214cad6e3aa59fc14f933229748e811d16743406e05c944682be89a0ce
sample-3577.eml,86587,2026-08-06,7e2fc2d28a5a4a68d65d3d778b84faa8748a922ad23e5e007b4da3ec430c12e0
sample-4994.eml,14533,2026-08-06,857337bfec4d7af72e26d183af8013a0eafbe3a438eab7e74191c77c07437179
sample-7731.eml,27730,2026-08-06,e1e5dab01e4f7cdfd6e053a0cda5026295c10171ad0d6960571de0af4665d532
sample-7795.eml,20710,2026-08-06,5f8c31cc56f88fe746874825e450b714d658b2fc4ffcec6226b645befc39375d
sample-1353.eml,30609,2026-08-06,bc531233d6877e30552d3a223e38573003787e2fcfb4fb3aacc05dd91ff39dd9
sample-5820.eml,19569,2026-08-06,eae0a301654bb01817bacc19b713b3983d456d2d9588d169d2900107381c9e28
sample-6682.eml,20942,2026-08-06,3ac1299e5e264e307a3a2c3636364080c5e8969e2d347d35756885ef2a6e1193
sample-3671.eml,23361,2026-08-06,48d36d912ee19460f23ee6357f05c7571d4e0bebdc9806ccdaa024f14adcf1f2
sample-5265.eml,15657,2026-08-06,7025f9f3852123b3479476040ca72adbb5538db1abcedb301a1bccc25ec9fd6c
sample-8011.eml,12304,2026-08-06,94f156c8d0855a2e758163881cd64285e7af615890d005329dd8e0c12dfc3528
sample-642.eml,18888,2026-08-06,f8a4fb6768c2f519d2108acf225231effc37a1eaeff0cefe094e465293571aa0
sample-6859.eml,24228,2026-08-06,41252cfbd2164a322d71fcf5b426550ce15a7ff9a5a8cfe35b325f922acd01b5
sample-4642.eml,20873,2026-08-06,6c8bafeca3fa7ff2d1f16c594766f4d4b045be24957071fcdb6d4485024a58af
sample-7309.eml,19144,2026-08-06,65ce0f8fd56216b3781889551cf3250856c203556b74e50393a5dd295fe1af0d
sample-4822.eml,18223,2026-08-06,6fa9a1938851c95cccb62bef8354d0053bc24a3a0f70ac8e875f6f7fed60c224
sample-5066.eml,15328,2026-08-06,0747c08d23d5d71ee202d489301a525662b4adfbb49f857f5f0b44f1a68e084e
sample-2834.eml,19753,2026-08-06,d86eda21efe40b6f9e6e6f72810c692f89f03b7423fde205486766d55326cb46
sample-778.eml,12304,2026-08-06,552411e6bfbd1b097d44b852045c43dba8f40c3bbd32de209f196aaf4f715489
sample-2197.eml,11867,2026-08-06,393fdfe671d2f535999985e6f388c3f7c1ebdd38129b59d65cf6bc491a7a4a6f
sample-6698.eml,18472,2026-08-06,0253d45f00e3ff949f33696d1d2c529bd4f63660fbf0b1ec0348f8517c36b3cb
sample-1409.eml,22467,2026-08-06,4efe59cd67ff1b0f54ed767cbecffb629b538d6c3f62d323165fd7909d523450
sample-6074.eml,26681,2026-08-06,3fc9344b47519f4307ad9b0902029c7b949488e35a56e85a859614c08a399563
sample-5676.eml,20236,2026-08-06,7322243f1579a08a1b3ad8e9f9423d9d32989bdae64d751893c4515525ee9097
sample-4757.eml,14598,2026-08-06,6d13c3f96b0f8a4c1edc07542b33938c2f7215966bdd3171004c0a6103e1a19b
sample-3666.eml,32483,2026-08-06,9496bbc353597e95de2e6d4e991e4dd63458627ef99f4a957e3c071e4d5b8e6d
sample-5927.eml,34725,2026-08-06,de92240a18bb94cbc5331801ea62ad067daeb0f56f0db3d7b4798f4e3f368f08
sample-8346.eml,473893,2026-08-06,aea653fd5a329755d71bbaded0804e75a9cc3b1038664e059da81e0065388c3b
sample-5970.eml,18421,2026-08-06,d2fa53590f482836272eade40a3062ab00c76ec01a1801c8e7d1ed92e065dc8b
sample-4237.eml,48740,2026-08-06,13148a6fea613997cd9e2fbdeca2c37e4a0c20a65b7b59c5296e012cc0df1569
sample-2584.eml,23480,2026-08-06,08d1a082c047de65adc2ce8f7f287eda5e8b0ffe6fdafdf3f009c9538fe5c313
sample-2774.eml,105138,2026-08-06,1f95bc67e4d57c5f6417ab4457130921d749412ff6a8d2e41e00c74ddbf5029c
sample-4449.eml,13693,2026-08-06,91fe1c2959e99e8cb0bde7965490f3b21f41dcb9dacc8811f0ac208686347c58
sample-1851.eml,46387,2026-08-06,c60edc993a713d53f77b499afca8a590823bb7222d7c647697facf44a28f2da3
sample-4654.eml,20925,2026-08-06,aebfb744aaf8c707e5db7646ce1931a4bfab7222529665259f510de13ce72720
sample-1620.eml,16677,2026-08-06,a522a836452b01498c6d9de7e462350bacd34a0ee4189071d748f9b4d4c3d3bc
sample-4501.eml,20152,2026-08-06,460a95db792719d674324ed870f9108ec5f94a4036dc433262d8779f6fbcc0f5
sample-3481.eml,13630,2026-08-06,7a685653ea5a785dc7e40bb69ad5059fa62b04d206561262df0274a97e66f1fe
sample-699.eml,24823,2026-08-06,a24244388124be309885c78defdfa682a90b3df63dd9b5a90965ebd69a1465a2
sample-2791.eml,25844,2026-08-06,e65c395523c5a46f16f071124ab4c359410f84cf7bebb9271342160dad4dfb20
sample-6453.eml,21393,2026-08-06,05243d3c19206c417b059119db21addf5a319f5c807ae13116e5a7c69c339c5a
sample-5294.eml,14676,2026-08-06,e1419c3bf208c69f816b6d951afd314940e353958bc27df0b9b90a532af701d3
sample-6402.eml,20848,2026-08-06,3ae563830333b60c29226d829b2c905e7223cc648e15e6a3160f9125c4eda01f
sample-6799.eml,32372,2026-08-06,46b687ff35acfc18bf54e2f013a727b47a162a894760e0a5232f779a0e0ef488
sample-7989.eml,20025,2026-08-06,daded4d8e41637d44b50f620321f35197062d5fc0e5dbd46779d61d1ed73773d
sample-4709.eml,15667,2026-08-06,4275c79071d81574138eb314fc91d562c3cb73906ab8e1e6ab4e2dc06a79767c
sample-1130.eml,17499,2026-08-06,b00218d24f808881f37bdab8a74dd28476c9cfc38d74a2cc8d6213498c3cfdbe
sample-6419.eml,17487,2026-08-06,a02d2b0376ed63c9d8839d611040027f73825ecdf19932d1b81f3ed975259835
sample-7372.eml,22245,2026-08-06,52c2137bbc153bbf818025261a988e47f8ff34aec5c724c775dcf6f03eba6518
sample-7139.eml,26813,2026-08-06,80cacdbd3bf9687a357b8c9e9f5447ce8954da8dee922bf1df8347e8ceb646bf
sample-2060.eml,16037,2026-08-06,5d7e31e0ca9ba7fc1c79c22e8196a894f936f8d914c7601baf3fe412290c2e6a
sample-1419.eml,15713,2026-08-06,fde049fdf760d31bcf3394d8912794c362447725b0fe5851a77c5d66f7d17dba
sample-4024.eml,28065,2026-08-06,5aa8e3713deea54f966fc1f4186dda07c1dc8da807b068ae6d848b6d7786dab9
sample-7772.eml,25138,2026-08-06,56ec4f5fce2a80c0ed1d7f196739edb4faee1f2795fb327290bbd8158b4e40b3
sample-4697.eml,26669,2026-08-06,afc4a3b6a0caa37698d27dedbfc0f3859298935401b02fbcd8a1e299c137c69f
sample-7124.eml,40650,2026-08-06,29fd534f64be4709d4409c6ee2485efcb6b876bd94e55171aa6f59e93a5ed8ec
sample-6519.eml,14218,2026-08-06,08f282f6704d83ea8a09841d03d2be3c4f23b20a9df2a221957ff06a994afaac
sample-4557.eml,18330,2026-08-06,d349214615061cd91c3ba2700289b8d05bc3305b4b7f86f12b184e9edac6ef56
sample-2181.eml,73123,2026-08-06,db97f2e5c2c5090e9154d7017e0034278fd150cbc1869e4c09a75868b8b722ad
sample-6805.eml,21496,2026-08-06,d8a9619cf03e8d6006edc8ca4b319944e21bb7b5f92d8bb25dddaf6ca6871fe7
sample-6218.eml,13247,2026-08-06,d0d2492e02abdc6c9bca700377d845f472f0770bb4ced96176db77544de7751c
sample-5466.eml,17693,2026-08-06,3a9a69a80cfbb466ee8e740ca9b3959d60ca0b29d40485e4492b1d60b9b7d4b1
sample-3031.eml,18427,2026-08-06,e1576a10cb90e181085eddd8708ff399216e62f6dd04377a19366608a08ced7c
sample-8315.eml,465081,2026-08-06,919a04affb0e5e20a5e06501d1ed4e6054f27e1ec2967c678fec3e5cade9e46d
sample-4339.eml,14805,2026-08-06,dbb0fabe8025b934e96c2edc73018a750504bc644628e1c0d025adfe5bd2dcaa
sample-6973.eml,19587,2026-08-06,4617fd9c50d21bc798319c9700dc24c8903d2d4990baebca1b23df7cba5514c1
sample-2264.eml,18316,2026-08-06,88c123b3520b070bb6c28310d710bdba1e22208371efc07be43e8b58464f28ad
sample-3434.eml,90772,2026-08-06,164ef3ef35a5b44699511dad6dcffc9895af8d7b39a0d44ac075b6d07c2ea9d7
sample-6817.eml,30589,2026-08-06,ae7457240c20316b425f747ede826f04b01794d36d75a9052f6fa03553377cc3
sample-6938.eml,20965,2026-08-06,eafd351cadc25474da9e1be66c0a82d4284fb1db44f49294187cd9b6cb0b168c
sample-1521.eml,16442,2026-08-06,1b6f4ee02f20e4d3bd075f584944e1d7552beee54d390e4f9499cbb6bd37f067
sample-8550.eml,50070,2026-08-06,0c9f24a3e6f1c274f91fb1a0a1fe5b43cc659232133b970ef523b74dd8dc7bb7
sample-1787.eml,11841,2026-08-06,466c9c45b0e0580697f3a7e5a315c32608d73b359d7bd751889df807da2824d7
sample-6847.eml,31392,2026-08-06,043c9bf33b361747e1ec1857905e12a40b03e29bb29fb02367149264a409cfcd
sample-633.eml,20142,2026-08-06,b0342aad5b934781c2e14ef3d5bb48e384c25a7583185b49eb4244e348be54a1
sample-5035.eml,15076,2026-08-06,f643204cbdcdd93b38aca4789481248297c545fcbca4f2ab536924dcf7be9ab6
sample-3221.eml,19029,2026-08-06,f0c710cfa4ae0aaa281b7e96f03aa4a06be77e1278b835684badc7b1e925f55a
sample-2935.eml,14806,2026-08-06,0ced04d30d29e03904550aac6e54c5d600f317adb8b9344161e8eda56d8e8f64
sample-7693.eml,20940,2026-08-06,4eac817d207113475191297323ea3c011ebe0c649840f5b880ceeca66faa1963
sample-6308.eml,12773,2026-08-06,235a3d32704f6a5d1da881f2c124bed80327a4184d8eab9f7292db33fa60e24b
sample-971.eml,151253,2026-08-06,8335112e4050752319cf467080976bc695d23cdf454765cadafd217cda964ce5
sample-6150.eml,28129,2026-08-06,bf6f3167a7ed53340e263fdbae298b81d1e5264f30be2c3f3fde786ecd5adabb
sample-6119.eml,26699,2026-08-06,e49b06ece031106cd4c9b52e7e09f15bfebef5e025c67266179b51116988de29
sample-5480.eml,18116,2026-08-06,86b6a906b3e12a3d8d9da9e77de53acdc9bfcef7d916fcbc4f175cc8234a426d
sample-5869.eml,54920,2026-08-06,3b3153db284ad658e4cbd04c4a3fcd2a977e9a9bf33068e38ae517cfd716dbf7
sample-3189.eml,17602,2026-08-06,5325af12350d9efc67d5d7dcdb44e04d4b2f19142db39f1bb694c00400a48eb6
sample-6567.eml,39636,2026-08-06,84ee4d925161f9621492d6a62bd059cf8225556deef712a1b625062faacc185e
sample-4416.eml,13675,2026-08-06,cd043e1dbe7bbf22a368b5b63a32a8ff16eea84aa09c2fa8bc5b75e64f63483a
sample-2983.eml,18632,2026-08-06,82c8f11b3a4a3ed7a134198cbeb7a109fadda99a78bb7f837dbc8e5da801d456
sample-1617.eml,16044,2026-08-06,1be21360ec50fc0544a831ed22c75d051d42e6d5e522e3043f413c7bcb4d1805
sample-3950.eml,12866,2026-08-06,96fd0a00bc4da70ec14f5b63a48fc63309b8a03c1740d90d03a283f2ab409cba
sample-5866.eml,55660,2026-08-06,91bbea6016d8f3fbdc61f064200ddfa2feb0a7ed01e208ba2f9fd416fd519737
sample-5756.eml,58582,2026-08-06,1b30165b404740a54543cb51b80a8b03f7cf6da6c080bd4af4b7b4b177c5a1ab
sample-8175.eml,472321,2026-08-06,c1f01ba7dabb2939fea262e068bc9ce358dd2718da8a2108aeb18c5b3bcf9f1a
sample-4935.eml,19807,2026-08-06,a59b8e2dd214ef32a0f71057d3f5059cf7773fda6d73cb7c492d25c2fbbdbfcc
sample-1692.eml,17866,2026-08-06,0d5abd6b20cbad306403441ac0c129bb053ba00ccb7232dabd1e3c111218f7d6
sample-3467.eml,41116,2026-08-06,c60d77223fe08fcd585ffeaaadc5e8bcab8e2586fce12ca2ce7509952f03169b
sample-4046.eml,102987,2026-08-06,e28c07a34d52a0cfff4e263ffa625ec20cd6f52314fa42d59b8bf575bbfd874b
sample-3220.eml,11896,2026-08-06,56ce5151552bbcda538a07a7c0ef41b5195a045c1c2bc6076e4c301a20a93478
sample-8007.eml,23955,2026-08-06,4d1c09b60a98f628784e85b71bd5f130805e6c62ca0a2c718558d51aec00c31f
sample-2628.eml,105864,2026-08-06,fdfb1f1ac58c0d0e401f269a20054254ea5f27b57d5fbed3e2ab125f866258d2
sample-2761.eml,18234,2026-08-06,e0268624a8a64e3d6131e35fe2c4c397eb540952058940ecd7a7a847cb941dee
sample-1242.eml,26543,2026-08-06,44041e865c7245b5586689db1afdfb2d18d5fb057240ae901947c67518fda09b
sample-6223.eml,24609,2026-08-06,60820673d8bdfcbba20431a5f1f4f540b5713fb29b9d620d775fcec3b0d739a7
sample-3096.eml,25084,2026-08-06,9664a847665de0aa59e6c38532bed288a264efcc870c0221bd816418bddd74ac
sample-5133.eml,14612,2026-08-06,1a0c69d53e245e7bde72695fdc0e4ea3636626289c33b1588b9b00bb4b4bf265
sample-4192.eml,13831,2026-08-06,3c6fe1461f6955b048355053f5b6225e5d64724a38f2f4f18d019e6680991fa3
sample-5786.eml,21581,2026-08-06,5b375e6befe2ed0cc5f4300658e03f052be7151fa2baa7fb5f6de84104f13ff5
sample-8406.eml,473712,2026-08-06,14083f5c1c2fe3d309ae788df84539852e42fc7f3c877ccc818282a6e02230fc
sample-1411.eml,15568,2026-08-06,b04b04af97c35ada807011af50e1fd238abee6728f1d050bde208d7fab02f39e
sample-3908.eml,32868,2026-08-06,1f685666ec3d770cb4b2d3036bb8130c4928d3d37ac39e98263926e25e30e5f8
sample-1439.eml,55931,2026-08-06,085b58f843a902e1b130c94703bbe28d8e51a62008cd7cabb817cdfcccbb1a6a
sample-956.eml,25132,2026-08-06,86a9e496f8c787ea70ac40f0116b0e8649be57d4816f32057594d258a59d786d
sample-3559.eml,18752,2026-08-06,f3e805618f14f9306066382d94367617cc2908b755319bc05cf40ed3c470ff44
sample-2317.eml,105890,2026-08-06,6f050710ec436381a9c9e6b76c8cf68958a7e5e95a6000a4a94e862cc751e672
sample-3857.eml,14170,2026-08-06,348fde7830efb9c7ccf830fb9dc37b0b61b4d907cb0050ed3f74f3bdcafa98aa
sample-1684.eml,20351,2026-08-06,589015f56d0f1050760b139521ea93b73082a0f15d164b8cabb2b7bec2131177
sample-5379.eml,3761,2026-08-06,9cb801755331fe662610426186c2ad49f5222493a1ab2c9217b5a45f70b0322a
sample-1033.eml,25002,2026-08-06,56063160cdadfde352c9e25cd1f03e1550c97186ba36e1264ef37579bc07e754
sample-7600.eml,23748,2026-08-06,2d4fd1a22250692390e6db86588c05b7934f36fedde266baabddab8037b5ae80
sample-416.eml,16535,2026-08-06,6f9eea7e948aaf2de05fedf30abb6a3cc34f6b3ec4ec1311c6137cc25cc4c9a8
sample-8516.eml,25160,2026-08-06,e720f5b952280f71d2cb9007bf74b80c2473e9cd7f13a4947e70d90e94862587
sample-6205.eml,30297,2026-08-06,9ecf176a1b35fbd5b7bcbd66b80d13f21ff8785d4ba860bc63eb0bfb1c768539
sample-8070.eml,468803,2026-08-06,532e8337f9f8d44155e0789af4b9e84611057707d8dbe348e70dfbca0339b734
sample-3951.eml,14578,2026-08-06,1900bfdfed2fdac87aed9e92a32590120a18d197b3324154e0a34686923e95bf
sample-1523.eml,20735,2026-08-06,0d1749d303791da03136e2314b65512c8c9fc6eec2d2fb021e3a8b8ced7250d8
sample-4913.eml,15067,2026-08-06,08aa799886666d9657dd20cadba1d90099e2f73da6c25d451e3f2664da5ff2c3
sample-7394.eml,22843,2026-08-06,98c540e1a72435fc087544ad69bde1aeaaffc85a54ee183a0fc2fb70366c0ebd
sample-3328.eml,18017,2026-08-06,8c29b393cb99b23848cf361227bf728d12c5d37b1113ae238ba2e41c22df68da
sample-8529.eml,15195,2026-08-06,0f61d03c0a80de4c477c9f644c3283cb92ca782cf20cc152a1c7b19ed0f134d3
sample-829.eml,10142,2026-08-06,474e701cb2adee7c1c5ff6648ad3c3baf5414b718249352fb8f22891767de4de
sample-1997.eml,18919,2026-08-06,e31c5773fffc7b9aaa6edbcf5ea5563d8c4c7ff738f2dfd4536baed8aa0f3693
sample-5783.eml,13510,2026-08-06,1485c2a84281acdc2d289ac0855395ee26ac63f32c14491aeb2d802379ce7897
sample-582.eml,29665,2026-08-06,93b1a9f5396dc523101d47fff0055278d060815ffb9723db62bbde60cb9d8113
sample-7324.eml,28293,2026-08-06,6d6c571ded37ce107f3ad9404e986d55b312c3e39dd01e71cc16cb9e1c6789fd
sample-113.eml,9172,2026-08-06,af7c8cb8eb96576295c4067b173d9d08f5bb8da1b85d6638c5c7e45bf42f6ab0
sample-906.eml,25136,2026-08-06,a5e6a3445baa015c782479792671e6a386f3a6621837347c48c5609b113ad626
sample-6962.eml,26943,2026-08-06,0c13c6d66483379e7b1615af308ef73438e06f192216d4df5bf51f666cbb8d87
sample-2741.eml,106152,2026-08-06,b9d7bc5fc99a514f88b25599b1b7bdc91fb0b74ec5d8d23d9ea249e1f18af8a7
sample-7311.eml,14820,2026-08-06,c3e2966e757ac0ec1fe95e78594fca300e1b0d89cdb444edce5b27cbfdeef9d6
sample-3336.eml,27605,2026-08-06,2af83640f8e4b83dfbb835ec493764f84edc4a7a70515000b50bed8683525a16
sample-3669.eml,157707,2026-08-06,cbeb43b62d416786e4429bd0a74c8ecb858aba22767af2a8277a78437b9b9d52
sample-7650.eml,26538,2026-08-06,21c41fdbcd442566b92c5a2569e8c2011c0e88f06e2935e9fe470efcd6c39300
sample-7142.eml,32426,2026-08-06,a56a96b894697764fb1960198e8b1c6854d98801a7fa36776ef84cf553c48807
sample-3461.eml,14430,2026-08-06,033ee912cba4cb0ced3d3943f272ef6171a50ee68b2689c0c75e5eae76865355
sample-1573.eml,23365,2026-08-06,6516eb673daee76077cc23e5cefa0ed5f459aa9c7694e6fd8aeee193a385328a
sample-6179.eml,17409,2026-08-06,08f96e9b06571d7f7ce83b54eb0ccf3be63ea344f84aa993193e05e3607f56a3
sample-3751.eml,20769,2026-08-06,b88017f9b444ef47e5c559f4df7320f4a1ae604eddf2079ab910c8db6ed418a9
sample-1791.eml,15703,2026-08-06,e1203afe98b9925eaf77b9a017c5152a4773f214c4ab06bcef2f342cb6b434fb
sample-83.eml,107433,2026-08-06,e8825655cf3c3c88f008f1d9e3e8c155985eb37658ebff3fb981dbdcc95b892e
sample-3596.eml,12557,2026-08-06,f2875aef4eb0e1de347ff636b9e02e993c90e367a85890e0c71e55f1c876b097
sample-7482.eml,22890,2026-08-06,ca0db956778b9b84af81a5e9d2067d2b961fdeab25038d312fe548be24c8f635
sample-432.eml,83793,2026-08-06,03b3fedffa56510ebeb62c6cede91cf7d84efbb43e22fa9ef064eba82da33f83
sample-5942.eml,20333,2026-08-06,59ca202c1367ed2b121e18c154756b0d448b9999ec69858df7350ca5805c6f22
sample-4369.eml,19370,2026-08-06,19694d03a44198af0ce05890310386aa6a6e96b0e3393e8daa80b62c100641cc
sample-2511.eml,12650,2026-08-06,79099d27bd0c3bbd0d3643b7459c12d488b96ea111ded8914f45445c0040d17d
sample-2581.eml,105859,2026-08-06,1a15ecf6734b7b162bd9fe5bff3f84012ebf2b59798dbb82e70444acd6029d15
sample-837.eml,9337,2026-08-06,ab9eb079cea15435087abdeb5d878d11da02409135c703772dee0335c02c972d
sample-6624.eml,25078,2026-08-06,23e7b473d3479b783640337e6890f4b14d26d7e405f8e4dfeed4f83f990c5e77
sample-7962.eml,18459,2026-08-06,ee55bcf5e25d376e840114a8a170c610fcc31fb8b778498f2f2df97cd752f5b2
sample-5052.eml,16328,2026-08-06,42f9517d94a190997fc8289866d19a0444ef98e22f0f7019bbf2d5c87b28e1c9
sample-6012.eml,12974,2026-08-06,d0a1348146cee6013bd2e344302f1d961a445e242d7dfff291fcd33979072f3b
sample-1286.eml,24665,2026-08-06,7b4e28d9d75cdc67543c43da9d3d9101db74709a64fef346ed038ab4a32d175e
sample-4775.eml,40153,2026-08-06,9f31e93c365e3903a75b6e9b730f975da53e7c3556c337cc80477293537ddc91
sample-7789.eml,28619,2026-08-06,b5a6035b52ce0ccfd20df54f31530d80a629c09f46137bbde705217a2e081d01
sample-4517.eml,14664,2026-08-06,c8ccc84b253568a1a0f746beff0771315e5d02d1e2ed30ae51cda82547a92fff
sample-899.eml,14488,2026-08-06,8917b5187780adce890efcd252157f20652cdef4c0bdd5d5f11f55120f09722a
sample-4475.eml,91991,2026-08-06,8671468b48cf0428959d9ac49ed29d885fb21b45bb603c8b36a60f67d977d099
sample-1914.eml,18497,2026-08-06,f2a2e0201d6708a5f01944871c3a3e75e9d13cfc3f2d577e53b8f3d08c524f04
sample-58.eml,21447,2026-08-06,a03e3300e01c6fe714aa8f304a6570945f76743593ca60cf62e7d0a5f40e3aba
sample-7112.eml,27777,2026-08-06,59c041943f519255d6439fcde5298a289ddf49f3e7ca4c260011f2f09b0c5d61
sample-7811.eml,18097,2026-08-06,ca423ff2c32082cb0002ba1fe14222a74a6cc9f4bd9714f025a837f1f44da8d8
sample-4944.eml,30999,2026-08-06,605b336987de53522dd90dd2247e222fdd0d2f9bcaa6f8535a796b9f7d9392a7
sample-5567.eml,20209,2026-08-06,91ab06b0263f686265c324bdc460a7fccaa70b6d3b4fb3564044385f90a949e9
sample-731.eml,57397,2026-08-06,e72832522648ed6de36ea9fbf64515ee0058b087c4cdb7b456137e04ae391cd1
sample-7460.eml,21808,2026-08-06,9fe314add44592b80c537dbd69a3bd9b7c23b6f5134b4264e47db6da591322b4
sample-7773.eml,21392,2026-08-06,c34f8664e3d2560074886290fa023e1d2c31e0a71f183d6ddddc55fc7151cfde
sample-6772.eml,21696,2026-08-06,dc3e6ed16e2af816aea22aa9b0f790afce8ef0bca31437f23398cbe954510dba
sample-4639.eml,18527,2026-08-06,1d967b53a73c6c0dd7f350f3b2238d883eb4e8d63ee49cdef34e69bbcfd08b3f
sample-7026.eml,17291,2026-08-06,ac79a0e643118569579b9485c51fab73b79031d9773fb6ffa3ab536fef2003c8
sample-332.eml,20396,2026-08-06,272ad84a6cc426370adfe7cfdf6927a78e08ec2b5abdf6e2095603b99e5ebc6d
sample-8128.eml,14230,2026-08-06,3b96ed8126041638c01205f88d664d03d9aa01e854136c4e823165fef4d89162
sample-2446.eml,34132,2026-08-06,001dbdac38c77a020b6bdb6daf3c3e077d69f743108629fd0b360a9c8a17d51a
sample-166.eml,34699,2026-08-06,e89d0a9cb308b91831123e8fcce7d29f1fa56f0dad4e90dd82aafbee22a0961c
sample-5075.eml,14145,2026-08-06,29eaa828d1400ab2b4c732f49383cc316f680e0e999b5c1c199788d044246570
sample-5530.eml,19221,2026-08-06,a18628b5e4e51c0a665e503f7fb7bded86686bd3cc61c2990dd5283c1b75a104
sample-629.eml,19572,2026-08-06,db518202be183acadf72fb204ee91707ee7565ffd9d8ba92cd2988d63852d818
sample-6248.eml,40911,2026-08-06,ef32c48b4022e483401d72e53baf347cd390ad3a5d8a8db7e80e9cb52ca93b61
sample-452.eml,26484,2026-08-06,bddc9f1efc4e5cfc27bbc38672bd34a24905ffd58135a1f5640a19b65bbef254
sample-8282.eml,14854,2026-08-06,090060a8f6096b4c26d2d4ce5381f9c5291c26478af575a1c3a202ec0dc06ce3
sample-5908.eml,9726,2026-08-06,d21eb86522fcca46cc790e82df30a2f90348cb02dab2e6c23389137d5d74adfa
sample-6604.eml,20555,2026-08-06,3f1c11aec0adbd6c513de8f5dc08211f4ff2389dae8be679f769728354cc6046
sample-1848.eml,18596,2026-08-06,9dbcadeeaa4da2397cc1afc9284653552c522d2310410d5bf95e6995c8c1f70d
sample-2640.eml,16589,2026-08-06,9af3156463c1cdc400e66b7afd10bdfe6d1d060f5336f9ecc35200fba8ea7da3
sample-149.eml,19683,2026-08-06,8796285c6cb13970c7147d9c26136f0df7a8c1e7a5d0962db16dd91668bb8187
sample-7985.eml,22263,2026-08-06,7b417c7afff7f4514738d8d039c4a3ffccc663dadf35bf103f84d59a6fa39d94
sample-3401.eml,16787,2026-08-06,02ad64dc2214c82731df4997b51f93fdeb6deef2072d0aed1ec3a29d0ff0c2c2
sample-8060.eml,21453,2026-08-06,e22ca61298653bc75f07df5f6a0cc641a2cc8d278acd3fa05d4bdddc572527c1
sample-3911.eml,18205,2026-08-06,dd93e5e51a3c30a03305a7748c822c533527a001f482141d33be21c80c806c7c
sample-2554.eml,104699,2026-08-06,0186f181d7e53ec7432aa7546ba8810ab23e74213b0f0915df3f4d60c59b364b
sample-4881.eml,29351,2026-08-06,1824b0fc616563dca69c18278b055cb6144e2e678e8989ecb686d4eef6a43fb1
sample-4790.eml,10849,2026-08-06,b4e6251bd61cd99c2fcef63c583240842c84411b4d477948eb6699a2c5d508d3
sample-1208.eml,10234,2026-08-06,5451daab5973428ca9a60ee9235ce0148f3d4483f7ba44018ba3cc6a4cccf838
sample-1203.eml,20527,2026-08-06,2c867c7d864c14b91f9937ec256117e165396b02db4a7ef262636c45aaff78bd
sample-8347.eml,473031,2026-08-06,33fe4401e6ec091d154aa1839a25236dbb5fd66e41c0196f267f283eb4ceeb11
sample-434.eml,2160558,2026-08-06,4bba75ec3b908613a379b2919bd3a03b929fb6442fae3cb44dfb0eddb0727c8d
sample-6053.eml,22716,2026-08-06,e98f3c83a4047a762f836473ff0bf62d5d5f069af2d5ec49a2b135f2dc71d509
sample-453.eml,20543,2026-08-06,237e2b4d38cd2e6c41d511f7621e5215b37300b0df50e5488f589df0b6d691e5
sample-3333.eml,20412,2026-08-06,35be60449f23a3e0289a36912174a63793acf2e532131e0c2dcc52e4824f8deb
sample-1235.eml,52769,2026-08-06,1002993f28f48d0ab1348085bba52cded27f80979b3e2a7a1c6834ac5b9af366
sample-4524.eml,24841,2026-08-06,3ef26e5ca928301fc92ed99c1f642d7b1e63d4662c79af1a5d8a66b642e8a080
sample-2890.eml,24098,2026-08-06,be6a7dc38030fd64857361f55d6206e914017e4004941879d25d9db287201082
sample-3659.eml,17635,2026-08-06,c24eb140da38aedd182819186c373f318e6bb84599d80e414028c5e9df5ffa45
sample-3966.eml,18730,2026-08-06,dae111b473948c8f536828472ee439a801b39221088b902f56fbd9ef5876a160
sample-1771.eml,17500,2026-08-06,837ba0381c7c309ef527ea3e0a09abd902c9b282ded4f896f79a300c7b2b3c86
sample-7686.eml,19920,2026-08-06,9281ddd1006c932e690023c5407d6389e0ee475b9173e423a47089dfae91bee2
sample-6330.eml,65501,2026-08-06,5bebe3434ab01e45fc53f18c2d7c395ba0f385a2cdce3f27b54819618d54fe4b
sample-3231.eml,18107,2026-08-06,90bd748df1d2093a97e9554f2bd1f4ca20f4dc2884bfa5a729d4921fbe6e6af8
sample-8301.eml,14396,2026-08-06,c3ccaeda145005e000f21c5a6e3395b30a25c988575b4c96d021f6ca395b20b9
sample-1265.eml,8341,2026-08-06,1f61ebfa3eb8d2422039e7552df8a5f555b38fdd476622f28d598b87b719747e
sample-4331.eml,13363,2026-08-06,80e69b842a0c866f60f328632b33b19615d34a24c0f37bebd95bb9a9855ba742
sample-2359.eml,105501,2026-08-06,293bbaead94a475278f714290e96992d1be59c913e533b750494195e745845b0
sample-5501.eml,10146,2026-08-06,598c8560c9c2af530f23666a52a98b92b17561ebe2e7f9f1204f94918135ef17
sample-3729.eml,28954,2026-08-06,a2902458ebd19f74ef5198f6533bb8ae54fe9e45f4a703d1adfd7995334d70f7
sample-5213.eml,17064,2026-08-06,d1335821c4023a33b3362fbfd07f5da425f5e49b378a4c66fb3a5b6e3aa28f82
sample-8324.eml,22589,2026-08-06,1bb08b694cda411ad2d048b9d7b3904705357add98b6750692d609cbd977349f
sample-871.eml,46883,2026-08-06,59706fc3ec007135edc3e493d8a646de34d6e15ca3f4faf3cb16452bcb7596eb
sample-6679.eml,29787,2026-08-06,3a9d667c320aaa1b78ad087387e3314a9924498b4dc1dfa978b48132b4d462f1
sample-7389.eml,17415,2026-08-06,80f942296601708533cc5c75d07cb816b949fd0ef6ee6612f9d78e2601f3cacd
sample-8266.eml,14399,2026-08-06,31cc35a587069c8feff7b8c405ca60c34bc5510dbe11b366958a94a13655558e
sample-4804.eml,27050,2026-08-06,8d92822570af0545a44c1aecb67cbfd4c04d9e2e3ffcd0edf5787b80dd0937d3
sample-687.eml,43242,2026-08-06,0ea70d9ba1e474f8196a23088bf9b19c248265c85de6c9e0b4ba5e77c36f0862
sample-34.eml,11061,2026-08-06,c995adefb0acbec51ad396d365131ed3b5f03e97b57eed83ecd4a9709ece2ddf
sample-60.eml,10679,2026-08-06,91201757e5068aff0f55c1a2925849ceae5b760088af5fdccce5b97b7fefa0b6
sample-391.eml,780,2026-08-06,040c5a6c0b101ddb50e6bdeb4e69dede72f4a5ced106300c8cc599208523f9b8
sample-4047.eml,17538,2026-08-06,b5dda818d556faf76f70569551f60a4dedc8bbc5e89ec144b9fb54e58d3cbda3
sample-1011.eml,18290,2026-08-06,c6a38c48518fc0b0c0136eedb50862d05a7bd5df6563c1667e6a89fc7086f54d
sample-4882.eml,14305,2026-08-06,a126d0e17b972e8f9310b1bd9b06347e95b85aed6a168b65f69fe6c0bfb4d19e
sample-231.eml,10708,2026-08-06,f0e89fa39ad4924ebc0bc7430d409be3bfe1030629a66ecd12cad4eb6813b3cf
sample-984.eml,16101,2026-08-06,a86a8c027c8e867ab264a228becb4c81a29de7db8dc670fdac11897551f4b413
sample-3803.eml,26752,2026-08-06,a4bc8fd0ee52c104f54f99a738ac3c10d1c30ef02be15d40a31006d3c93fc789
sample-3625.eml,32150,2026-08-06,33cefac08688d470b98874922cb9c7b4e1d196c68224bec2fbfb3c9bf95bb5d2
sample-2120.eml,26011,2026-08-06,e74e0cb2e2d99bbdef70faea5cfa6e3f6e8e447cfcf986c06ede24b5bd1b3a38
sample-7201.eml,18757,2026-08-06,e30755e699091ce18119c8881c11f89c5b57d445ba957a5c92f8b4808695ce54
sample-4432.eml,17324,2026-08-06,31e51c4868aa7ccb177d12e7f4c72ee7e2019556371c76878d3024db1e14be5e
sample-1119.eml,168003,2026-08-06,412d8ed7242f7e8d8e19abcfe5f15100af2a6e62804a42086bd6f03f2667ebf7
sample-2841.eml,18747,2026-08-06,bc1ebf5e90296b02ae6c4f4069f9dbe4892ff00342bf3e78374fabc085c72d18
sample-2444.eml,12199,2026-08-06,e3966283e0497d59817f0deb6b539142cffdc53d681517434302a90deb49c325
sample-6544.eml,28496,2026-08-06,1394339c73ed71b0386a18b7aa902aaab8c4ce39da3da0d9b22bb97337a18782
sample-7220.eml,16644,2026-08-06,cbada9f9854bc898160d929d83dad92747f130a4900f2ddbf9f9cf798464af8b
sample-2198.eml,105225,2026-08-06,136689896d2cebafe2a07c6fcd0b5c5171fe95140570094ded02e19d5fd3f38c
sample-4842.eml,11131,2026-08-06,268e4bd635668b31405881e4051aaa8de08a5a6dff347c2f355f89b4dfa98eb9
sample-8115.eml,19006,2026-08-06,e8ebfcaeccb57684cdb6b8636e2f73f9154cb2b17cd29d919b37f9a04f571122
sample-268.eml,273828,2026-08-06,8ffd438e357d7f7a30e4be2cd968344671e26b38ef383450f5edbd28caaea5ba
sample-6644.eml,28975,2026-08-06,d566d2d129fbc512089b4c8a880fc836e0400d78fe92f1e4678680e05ba3da42
sample-2.eml,30291,2026-08-06,cd7cf5bd51735184850f8ff10966ec15a93f53f4d976f9860a359528359e62aa
sample-291.eml,22960,2026-08-06,aeef58e224a7bfd2cab2d3a86996c78f099091c5cfba407d690bad440bcc24dc
sample-2035.eml,12243,2026-08-06,6cb97faf39eceb83a186fd29ff80161e0fb169d44b156804e343dd71ed2c708e
sample-1188.eml,8248,2026-08-06,c997a9142445985194bdf9c678556525fc7ff845f2074167941e3361694fdbea
sample-693.eml,113766,2026-08-06,edd05aa466fbc9f4cfb61a834925a9ca7fd07f0fb7caae97847c0189f045f575
sample-3730.eml,25601,2026-08-06,b0efb896b1a0a0ad8f735a6f0afff316dcdaddd08372a6c327c0e91f5e6d2c3b
sample-7356.eml,18461,2026-08-06,91e6b123f53027a6c7b1a24d43c76cbe190542af67e7745e8488f7f36030bb94
sample-8257.eml,470921,2026-08-06,7383fd866dbc9a2a28b782e26760e9616e90a627f6350626535ebe1443fdf028
sample-2816.eml,26272,2026-08-06,b52dc05517e0e2409c8be1ad13d1bde0ac7ad638addd38245e5d4cedfb2d43be
sample-4578.eml,48271,2026-08-06,2fedddd258c180d84838c0beea35efabe55821c297d034d1fc1ca3a24fb1a12c
sample-6471.eml,18832,2026-08-06,a5de8fbf3fdee0b83c3e8cac36b2e30bf1bc77d53f6385f77a1858c669635a87
sample-7875.eml,16131,2026-08-06,f9bbaa43e2ed994c0dd7f11162deb548550bee8228b343a7fa4c6418c6ef0b77
sample-463.eml,99973,2026-08-06,5cb415361862ac14870b7962dc38231154bd1ba7b67bcc102174ea4ea0f0b89a
sample-4374.eml,39994,2026-08-06,384ad195465f4580594df01807aad48582692352c783b4e6839c562a4b00a953
sample-1316.eml,15715,2026-08-06,d7bba4cc554b94995bd723605d21fd5dc56377884606c5204066a931aac771e7
sample-243.eml,14256,2026-08-06,a19f321e2453f8da1693663e44b63e75c5d7c696f524936a9db7d72dd6b0561b
sample-3983.eml,27670,2026-08-06,6a47c91004cf2b6c866ee29356c799a8de8293ccc61f43f6cf0838c00e9c10a6
sample-6511.eml,79231,2026-08-06,edb27b9c2b21d8c903d6eaede5de1b046a68e371d9c993a90f65391f89a75b22
sample-7696.eml,19233,2026-08-06,c79e6e3138c80bacf7a5be6099927172397e7da94f9f1d8823b7f57618aa63fe
sample-2209.eml,13757,2026-08-06,e79134a49b412cfed6cb707123d1a409f1015e40c21f5f1737cf8171331700c0
sample-8577.eml,467697,2026-08-06,f80ba28af70f2ec58d3f053b450dd6c2164f9536587d334d51319fafa67009d6
sample-1061.eml,24541,2026-08-06,3b6dad43100803bb480775ff68b2fee13caa51b8107b9ded36366376958a01aa
sample-1424.eml,16173,2026-08-06,fd1a1d5aa513da728883baef018aaae8a99c1d5d87e11fea3013753f63bf8d41
sample-3301.eml,13635,2026-08-06,2f6922ae85ad25db79677b794666f3597fa088e7fb0f273d092b0769aab78218
sample-2255.eml,14160,2026-08-06,517a8958a6a7453512e81ed72c9050d3c5dcee6af509c205961ab341cc65d48f
sample-6866.eml,19729,2026-08-06,5e7336a55b3889ba8126e10641e59886a7e83b1d48b3debcad21bd58a43f7886
sample-6640.eml,16179,2026-08-06,3dbff3651a18424032f2b80758a7f16594acca162badae6c01020022d188e645
sample-7377.eml,22216,2026-08-06,d3720a9d3db0a96f8dba7d2a74cad5f36271123839b268ab6608f240ab7f1fea
sample-2937.eml,9708,2026-08-06,e0252690dc5767c884dcb2a61ebe40f8fa3bf24c5d966dc915d2ef71311d954d
sample-6796.eml,17018,2026-08-06,bf93e715b2f68555a2d7cb700841316639e9463128233b51962b596bd41e563f
sample-4118.eml,15092,2026-08-06,50510e1f8547a0df717dc10997400589f054ee5f41937997d2a118027a309fbe
sample-1253.eml,3962,2026-08-06,89465e9fca0def64e07bef31e67dae3a26ecabae2f6856a781817a5bd440557a
sample-488.eml,46256,2026-08-06,e5266b48081eae1f144905a4415e1086229cf6cdf96cc8befb635964e82f020c
sample-8536.eml,16191,2026-08-06,bad9a66af00acf9946dec0c3baef2b0369e478b2f62126e1c4181c594209c396
sample-8190.eml,478131,2026-08-06,a69a788bf723aea5c8a41b858764c60a52d1d87a1a0829ab63eef296944ecc64
sample-7114.eml,4079,2026-08-06,a52af734614c2a485840e916cc220e7ffed534c3913672b0c1e4fd29032c110e
sample-844.eml,19080,2026-08-06,d3c88aadef8e1cee241317d78c1db42d9c041814e6f11c117ead488d1b5a9055
sample-6752.eml,18129,2026-08-06,1ffe96e28eac716bf2cec6367a2f89b74bef6b696d110c4a7b3540f92cb8aaa8
sample-2104.eml,107416,2026-08-06,d9c9d1283b62486372075720aa5c368db9730a351a1d65fb6bd696b89476f0f6
sample-380.eml,11446,2026-08-06,caafc8ec19972922dfa7063011ef58cf95a48f34018d961790047c247fcca15d
sample-1400.eml,15428,2026-08-06,4b5ba52ea91092d983204e6cb7df3562b325d12840a44c3f121e8512c47de06d
sample-1600.eml,25187,2026-08-06,a1dfa59b900de4adc1a74e33eae3a23909e21c5427adc7732813b221cf94a40f
sample-4371.eml,11755,2026-08-06,80a873a00cf4382ed0148c7d6e2b7f4f38b4d9aeabf48327ffc56849fe3c9247
sample-5777.eml,18017,2026-08-06,1e961aa03d4b9334b0e1bee10a60612a45c738669db12690a0df708f39cfee2c
sample-6557.eml,22025,2026-08-06,aef40fa2d5430c905831fb31b0da144f265e368dc5e82780428e7a7e26430191
sample-2603.eml,105675,2026-08-06,2aeed1e6c9a2aba5fc1bdfa1fe95e98eb0c466d43f36e972e37c09b22f6f4d54
sample-7563.eml,23880,2026-08-06,bbcb57ffdcd34ab1b6f1b8ccee36704cbf61d1c10abbb0971c4a805b31e70d0e
sample-283.eml,18043,2026-08-06,707c250ea2813dfd1043655215add977b41bc51fc3378d7de45caa73f6381031
sample-3812.eml,21534,2026-08-06,79ab69efcfc61c9b6cbb616c95ea8b4be2caa166dfb4d8bf1c26160cc26b0d2a
sample-5415.eml,9008,2026-08-06,3809ec95dca10500b6c9050f90778a73d6cf438562e441ad4472e129ea1c8698
sample-2645.eml,18929,2026-08-06,816284e3d2bf77d34960b2fdb21acee146fafd4c6a6299f3976ffcfc6a0dc68f
sample-4817.eml,34348,2026-08-06,1b58282b7d824e62ea37dce7ec84092c29cec5d257813ba9d8b970d349a39d46
sample-7774.eml,41305,2026-08-06,95da510b40ba3249337445597ec31247de1d96eddeb52136ef218a7b10455c34
sample-7675.eml,17442,2026-08-06,681880c809ba6ef6dc73c1040eaa4defc3b115a3931b1b37b23f0ca53659e515
sample-1752.eml,17504,2026-08-06,a2f77cff857d907fe0a2f5cf04b5ebce92472724574f984abc3b59c39789efc8
sample-1056.eml,15192,2026-08-06,50c3f593926353eb75005397ad0289ce233c4547478d43105346ca069675faae
sample-4420.eml,8489,2026-08-06,5a6b6747863245bde29e5f7503fb0ccf17c5a1af74b17e7871ab2db5da3e70e8
sample-4505.eml,13121,2026-08-06,e936aa12686bcd604a32bfe633f6727290646314b892848f0564762691e23937
sample-3598.eml,12764,2026-08-06,de03e9e2bf9fc94f697a20aa37b21c05d55377e5e23f48a75603cf3501e3299b
sample-8299.eml,20033,2026-08-06,0b83d296cce8d5e1e22dcc8e2c61d880b4c87b824bba69a43a196d2e8c9aadff
sample-2567.eml,16029,2026-08-06,0a9aa42e14f08bf063f72572e6dade27e19d5e80f906a064771e828b33af186d
sample-2826.eml,19421,2026-08-06,69e719ccab6b159af1f61e163ceba3a92ac266b5ce3514b56eaaa82f4f367d44
sample-7532.eml,23736,2026-08-06,6dc995c200bde2649684b1e4acbb30fae1fa2b459f42b8070e2999112169be17
sample-2815.eml,104474,2026-08-06,cefd25713998871a97db51990f8e047b39228c69dfbfb8bde82abe6440a0bd64
sample-5577.eml,15987,2026-08-06,cd178605fdc01ed0a0a65bb8f22dd6f24e86912486a8a38ba3a3c1617c307acd
sample-6264.eml,27774,2026-08-06,ce519c3260e2c30b985bb5500f586fc485a214d01284816dc7cda32a85c7f627
sample-764.eml,19424,2026-08-06,ba75476b7eaa8819a2be14b2a12a315698eb6bdfb659d66245827435406d3d72
sample-3862.eml,40366,2026-08-06,22ad7f6d9b916126820abbc5c91ed4a50ddf6586dfaa1c0888772a5059131a7b
sample-1200.eml,23529,2026-08-06,fa3d8502de71d27a9fd3270357e8c568779a4c1e8d493d2467fd423e386f7500
sample-6080.eml,13938,2026-08-06,2e1c9889171e61f7657a2ebe0109400f1022002d266267dc7f1cd1b82ad0f5dc
sample-4538.eml,18412,2026-08-06,2817c6a9fd5973424df94bbff2caea0ef8c588e6e224aa967e120b83c148f925
sample-7179.eml,25995,2026-08-06,578e2a8d45f3bbeb93876f01481ca65ccd7e873df9239abec236d2212ba23bf4
sample-5730.eml,17144,2026-08-06,9efdbdbee4df549aeaa9c8a8866c50b1d9d10d0bfe2aff11ca3b53c0bd5f5e7b
sample-1336.eml,25133,2026-08-06,3fcc700cc0652750bc61c0fea8ace6d559f7f1d673440c0c7cd13dd6ffb1aa08
sample-6315.eml,24313,2026-08-06,aae92335ed93c0eae2cd2a1dd6d52387b5ce2793427f41e06fd814197e8cd251
sample-5332.eml,14142,2026-08-06,8ebefbd93059a88664da8668383078ea49f547ce7702bd5e140f7c211c85c81c
sample-4765.eml,41682,2026-08-06,7094df6fe4593ce8f7c4f8f8cb9ae752753bf4adec3fa06a3bb4cc4c81e537ea
sample-4865.eml,26829,2026-08-06,709b4ca11e9a242e2d6034b004f227a15aaf93673215ed168a8b5b596fd611bd
sample-6610.eml,41398,2026-08-06,c64d60a18a0221473b8866b364fc28c9ebaa0598af671aef6018ce2d4bccbf4a
sample-8262.eml,16171,2026-08-06,eb45165022f3498ac7720c3048f69a92a734c6ed96083956c78460a48a038264
sample-6502.eml,40320,2026-08-06,39c85b00396f7bf19c10b9eebb80bf718209ad98a476df6b6abcd8e2269b4c66
sample-8457.eml,1898873,2026-08-06,f63ac488260c1eeea7a19ee3441be375c767089d41c0ed7f94dd7b0609e65300
sample-5324.eml,11391,2026-08-06,962b676fade88c6628350f38b52a0235b3776bfa672dbf719b14ce38f78643fc
sample-7030.eml,15610,2026-08-06,ee2c4aaa9a0e077c8114544bcdfb1a31e817ae9437037a30f8b4c8f46b295340
sample-1862.eml,18534,2026-08-06,a2aaf4bf6d51ccd66c776c7f0fa7559bcaec1c8b1626becffbd7e9df3023af51
sample-3010.eml,20184,2026-08-06,80e07d42c1bd7d0842687da186d7a3c3206cad0649368eaa10980a5ce4968240
sample-7796.eml,41943,2026-08-06,e6d5886a29c7da35326c962b167c0329884bf3700abc5cb2405a21d2f95affc2
sample-4381.eml,13803,2026-08-06,12339834284d997fa23a634d880ec8515bc8ab26bcd0f938857968d46a7b9240
sample-4871.eml,174326,2026-08-06,18ca78fb36b20bfbc514fdd94ebeec0a979bf41282c02fb3a92cb97bfeab7000
sample-5809.eml,67400,2026-08-06,9e4be0b7108eee8eb123fc85b5d332a6f5eb3ac3c9d3d3570dd6c8974a6994b1
sample-2029.eml,39590,2026-08-06,9ec015916a31e5825fd4957561bbf513f4c063058a3442d8fcc0b7de408483ac
sample-7101.eml,25062,2026-08-06,cd6cd5c709f2294812065acc86203c9adb8c97aac80bd9d422a8db7b462f4906
sample-6268.eml,26566,2026-08-06,f895faa567f040d94ed20579fb454e0f55c07f168ece701d125210b2411d1d14
sample-525.eml,34601,2026-08-06,4d43739da7bb02de1c484a007561a0e2bee7e2594a630195226c454937b3c631
sample-8068.eml,471895,2026-08-06,e2e8fe255ea24a5483811b1dfb7525451edd32b5efe37491da17bebfc4a6258e
sample-8373.eml,14399,2026-08-06,1b266ed2101fac1ee5e8a37f2b1874e754026fae962eec6923da28b3f24ee341
sample-6909.eml,18247,2026-08-06,076510e9cdd9aaece2d2fb662b9eee02259ee20b661a285cd65cffc44e398526
sample-3026.eml,19599,2026-08-06,f9e5cd7e49fd76b95b16c888548be64c0e84810212d8a65c3e8a844294d86f2f
sample-6246.eml,27768,2026-08-06,25e836f101960bc9f345d0907e5effa6ee2419afdfe52160ac18112aae60e37a
sample-7767.eml,41404,2026-08-06,c07179ee5f48e06dbbd42661649e553865d276e8d296acb0c970fe988f576e34
sample-3140.eml,347992,2026-08-06,485d555b5c1d628086918824bc2e35f8d95b59da35af931d8c047683aa82f291
sample-5316.eml,31296,2026-08-06,893c709ebe5c9f77dda7ffbd62b6de11b26bb21443766888b2f3d87d5b7223e1
sample-6292.eml,20554,2026-08-06,3640ad81ad418c17f8eace04946c50bf4625fffcc0f0cbfe8b30c20e1ce2d11e
sample-933.eml,29446,2026-08-06,94673c308de6569303ec266b7d29e7f1772badb9a78c5cf94e553217d45e98a6
sample-8114.eml,15723,2026-08-06,2ec3ea7d8696b3d1f183cf32c09fbac9fa85d8f458bda708eec09f3c40708027
sample-2732.eml,30942,2026-08-06,9ec50a1d39a704dfe07fee33cf44a2dc3693023ede31d1b40acb40af4be3d83d
sample-3676.eml,12784,2026-08-06,3e67313d7f4bb9af9172bd064cfac3a55d1dee4de9ecd4ad1e0a35e87c2e8166
sample-6701.eml,27219,2026-08-06,8d605b86ad97ec950c10407b02574ffbe93b9dd0e705d42c2d35764e506e5c6d
sample-2160.eml,16257,2026-08-06,408114bcbffc0ca01aba08644149c79c9975790463aa4b4efe2c2d3da819446b
sample-1199.eml,14345,2026-08-06,9dec87858663a238c0cdd63629cdd142a839f45782504cc1b2aabf463a828d2a
sample-7645.eml,31482,2026-08-06,e1194dba3bd3cb3f581215d31f1e1ab6cfc89c13d45eea886f871b56fc75beb4
sample-4710.eml,42929,2026-08-06,1077288e97034677f8d8b050204a6e50336b721f680e9e770b52ff025c48ae96
sample-3694.eml,28615,2026-08-06,624967515f405e41296e45a8fac78cd438d975c6336351c4374417fad62d66b3
sample-4763.eml,26539,2026-08-06,9eadd911dfd333e3fcc045d8489e3adb880ad84dfd4f3657191fe55f3325bd0c
sample-7145.eml,41953,2026-08-06,eb095ef251cf018ee8bdfbd5b73710468854970c1902c4a9e4c0d36a2ede07cd
sample-7450.eml,20393,2026-08-06,7df32e4dc827d48cd2db5bde25c301613ffe80b28ef319388eff7e85f34e6819
sample-4823.eml,37336,2026-08-06,d8dbbddc95a14fe631549f36c0aef189e795603239cdb697feae701d4bd93835
sample-3727.eml,29549,2026-08-06,0cfe3c746bcf3ea63a9f0fdbc0f40c95a26aeb42507ef06a183e25c1f50e241a
sample-562.eml,7717733,2026-08-06,abc223cb3da73beee5d092ded092b8f695b98bbbb92f156b1b31c673695561f0
sample-280.eml,18124,2026-08-06,72cf492c25b000138c70001a944f54cac1354c3575172859d1558709dbd393f1
sample-6600.eml,26753,2026-08-06,687a52eade587ee85180d17aca308e8f5e345281792c57ca49439962812c9ac2
sample-1340.eml,191931,2026-08-06,b2569ca3795c0ed708492f2b217a4364b56cbcf9654e502a74603971ececd472
sample-6618.eml,43089,2026-08-06,4997684906e1565539a743b1130ab71312a16317af503b2c2383958cb09f34fd
sample-1464.eml,16067,2026-08-06,71699682af28b50c74b082263ac1bac009e0128dcdd1b11181bfdcc27ae5d508
sample-8169.eml,467446,2026-08-06,c197aad126007f0a34ec6ed2ed194aa794fee2186c5ef9448193f62abd55cdda
sample-3547.eml,78894,2026-08-06,bd790300b555e3a413e9958c6e96669989774a4647c24a8b9ffd30f1c12c24a8
sample-1160.eml,6799,2026-08-06,e3867856b3876fca54fd2e56c61350125b514d434e0adeb726e830ada5cf2220
sample-8428.eml,466837,2026-08-06,396d77816bcab73ed65141dc874b9c01fad76ddf583eab84f54be3ee72cb6fdc
sample-5488.eml,18256,2026-08-06,dfb55199131134e4c52c250ac4f89d0d09eb4519f02269c2f4f1c19b975ef15f
sample-4322.eml,12505,2026-08-06,3eb5b18c3ce7543fc22eec56df306c8e424bb804399cec59a79917ea206defaa
sample-1495.eml,21395,2026-08-06,d39ee85c438f71e3e99879cc291086b10f4597f29ca5fb90d4b1a6f05d53430a
sample-2305.eml,19139,2026-08-06,aaf972b853f73de19ed55b5521e83ccffb5bc3dbd6756ed549e80349acd244ee
sample-100.eml,21915,2026-08-06,9fb2e491e28e6848614ae9539e2f685ee5c75357339505998b91fb9b89b3127e
sample-3098.eml,288631,2026-08-06,28840580a4f0f764165484b060ce8f1c6ddd9f0d86770fd96ce9763312435ee9
sample-3300.eml,27097,2026-08-06,6575a81f1dc31044c9d4add824daa513725ca389f8858788b7c427ca7cb97e6c
sample-1529.eml,64948,2026-08-06,a0444c1772c2a1309565b873cf911dc48c58dc0a90a08d2342a05d5ff4c4cf94
sample-5521.eml,21252,2026-08-06,4ce3ca8a62515cfa391483d0c3ec6b2e8710312be05293e5bc531799361eeb04
sample-7307.eml,15209,2026-08-06,a1ccfd014c82594e4c0ef44d41e3072b65de57d51719405df06e551d034d72d2
sample-8278.eml,36796,2026-08-06,163899f86e91ddc6ac0e7294f530231b8fc1fb0af9315d7e2eafb45de9c15b8a
sample-6742.eml,23712,2026-08-06,be4f16caa6b1d00e9e54838c18ce4f93fd4581fcfe9f1e8035b3dc03923a02ec
sample-5945.eml,11647,2026-08-06,f0beebce17709787ea01038dde8f652c183b1bd00b1e7f2213db8579b7b00e71
sample-6191.eml,46003,2026-08-06,1eaf70a43697e546cfa810042bc1aed7414f2f7c24a78c6010a66919873427bc
sample-4401.eml,12516,2026-08-06,32d0f4478c2f224abe1805ff4fe00d56f6082e7cbe7ae1777ce601bf9e61865b
sample-4728.eml,26965,2026-08-06,51554f184b61019dba9516c5738d415b20f9a13888dc44b2b12f18ec896e6937
sample-207.eml,130356,2026-08-06,56a0577f697f5984afc7226e973dde14cf5dc62fbe7af278874a62d1686819e5
sample-3591.eml,14120,2026-08-06,8c405e5ada4e0c503f8250075c6de2e8c09374313d0fbc25ef296ef3982edf0b
sample-4403.eml,15907,2026-08-06,04b14952a1af17f6f07629c929ac95ea2fb0991309f6b5b79fa298caa0c440e5
sample-2289.eml,6432,2026-08-06,310218786cbdafa333030fc686577f1f366832fdc0d3d4d4196006ca6b309355
sample-4176.eml,15789,2026-08-06,ad2cd08c171fde56cb0cf3cfa528c658e8df0845eb0326acc5c3414b2ff7f5f7
sample-1843.eml,21849,2026-08-06,c0cb4ac53ccd62223504d8a1ada1a5ef90e3e8d0b570ba140ac3dec9163314cc
sample-6525.eml,26236,2026-08-06,0bc33b32774632b95d428f2d9214cdc2ab549a28c26cd27ba564441d27af6d3e
sample-4550.eml,64730,2026-08-06,7f65f0fb27b9a5e0a5faa40d4de54f2f1e2f6d065c78537833db8101ce28f199
sample-1048.eml,15568,2026-08-06,aeca2294dc2d858d22371c855fdc9925a2bd0bc9cfbd464c097568e014a1103f
sample-447.eml,9369,2026-08-06,9a84633a3cbb9834b114138ce9e36423aa9c5f1ce04110fa7cd88fae8fa0999e
sample-138.eml,18019,2026-08-06,3edb380aec35cf032df819cab3dcedb0c485e1c3fa23cda5b64015443384a011
sample-6026.eml,22857,2026-08-06,f9a620a74b74a252a6e69f55c1bb84d615d447feccb800de414db6b418f428f8
sample-40.eml,14160,2026-08-06,ef302899461c7d342c53c3613cae2526cd4d8d62a1a4423234981afef025a5d8
sample-3560.eml,72172,2026-08-06,8cf3f8dd7f6134e6542a1ead09fb9b50ec24724a541978f6819bbf7565511454
sample-4093.eml,25383,2026-08-06,1aaef9dc04e80a993e1b91421b6105df078638df447877bca229a5f62e70d8ed
sample-1661.eml,43106,2026-08-06,bba5e767ace5807bafa6fdfba741cefad490f75563389f316d205850c80c0ade
sample-6389.eml,54980,2026-08-06,5a309974e0c82bf73b6684f337e4a761eaea371a2d72568679e6ae72c22cf918
sample-6625.eml,19479,2026-08-06,1d3429d6bc10a03dce33f45f45e271a6bc88b41bce316eb0fa6844109e4b6d4c
sample-3253.eml,17351,2026-08-06,9ecdf72dbb1d429142c9dd93b4b7f425968ba74d66a7d24f1f7da544f3b66562
sample-5527.eml,9463,2026-08-06,3e9dbf798dffd6c93f9ba38f68db2704a2bb1960d6d089dab611edda211daaef
sample-6070.eml,22363,2026-08-06,6c611ec15b58ee5a33485f53a026e1b2bc75db3a0ef034ea8120f8b159ca6f79
sample-299.eml,17161,2026-08-06,6e93c484362225a2b8efe92700dbff86e5eb4e0cb69843a0e69c10a5dba43ed7
sample-3790.eml,30310,2026-08-06,188fb93a21994292135b9f7c6f3dfcfa6a0f6bb9ce2431c33d600dbe05dcbfa4
sample-438.eml,44097,2026-08-06,01264e7f56702e230a807743a612fcad713244f7a4b1e821fbfbfbc0fbd7c352
sample-349.eml,10851,2026-08-06,021615e69c52143254090240ed3f8c1dd8812f1007a90414f3b3a708576fd542
sample-399.eml,11258,2026-08-06,d187ac16629b22f6c19c0ed0108660ad83a9f47868bbba97cd51511584962e7d
sample-7607.eml,23704,2026-08-06,b60b741744a5e61a8dab42b11afec5f1a34af0f28e0507e8a76e6f19c0636026
sample-2718.eml,25290,2026-08-06,2504cd40b00650a491863b2e96fe184ab5a35bc3a09a83a6b7e76756f2877760
sample-2926.eml,16561,2026-08-06,89b6bec44c47d67f3895db49ce9143381ccb3e860b62962a88dbb6f39ef00c9a
sample-3456.eml,14058,2026-08-06,dc79acf5347daba4600fa3c9c04a294f38a11dcd62a88d2fbd88ef1dacb6aa41
sample-1129.eml,16290,2026-08-06,e5b8f3e2048b3c6474c84ca6d5924a8104245c06634e99fda4943c4f4e74320a
sample-7239.eml,50718,2026-08-06,fa2f809d53f6a300d4fe90bf1661e2b21f7406f390a2315607f01ee4cd34e85a
sample-1872.eml,104682,2026-08-06,1562f6078796cdbe1955f76f6a04ab0e552a7abe3f0b1ec844d5504d6cf45986
sample-737.eml,33782,2026-08-06,b2323fdb26ac0d96fa9f0d76ba44d71339e01b94e1d33e16b03eab25a3c55554
sample-6844.eml,19660,2026-08-06,28ead3549ea077c5363b8cda30d3b3ec11a7ef7c8301d911baac5b86527a9885
sample-7385.eml,19107,2026-08-06,24e3004dec14f5bf042272770bad121fb1557c9ea540bf2b8feb606b5f77cf36
sample-6184.eml,23303,2026-08-06,884e72905ac229de7e2c4d5a00f36fa452a3bfc73ed4cc89c7b4fe32bf5d8144
sample-7433.eml,21193,2026-08-06,93adb6f4f75564c949088710a72bdf730ace5f5ba4dea8eb55a6d8f1145db808
sample-7954.eml,18724,2026-08-06,358067de8dcbdfde2f0ac1cfce2e55d9ebab2192dd14736c6bc1f93663939f90
sample-5755.eml,13720,2026-08-06,4e8ee12fd9fe2815916b5e062d360d4c0d70a26663adcf80f91d5562964d592e
sample-2875.eml,13194,2026-08-06,edd06aac7329c828f58b2815a0c40b0537b5f47ed545b139791138aabdc7cb35
sample-355.eml,15859,2026-08-06,e1483190bd4c1e65cca975d5b762f722330b38b89eb8ba5878644bf5da029718
sample-3568.eml,23457,2026-08-06,8e7c89c7c5a1a122d58428a0676bf7d19ebc0bbccb5d0c25fc180486cd5e4ccf
sample-6409.eml,18624,2026-08-06,237921c137ee3a8c8fc04897724a18212abb112ad274f64b669550648fea81b6
sample-8316.eml,473829,2026-08-06,e128118d40316fb0730c57104fa67fe87e68060e8acd4492533d71c8e9a626dd
sample-2922.eml,20188,2026-08-06,a74a4477f2388db5a67545a7f1a9d318f131004fdeb67c5bfe7188b44822251a
sample-3867.eml,14846,2026-08-06,ecefa942bde80f8d14b28f34fc294b4a8aed58af982c7d6696d5565c5f77cd4d
sample-3828.eml,33498,2026-08-06,2830410c1c386ca5c05b7a249b01c1a5569720ab4604a8e5a70f319c472a4d6d
sample-2938.eml,13209,2026-08-06,b1f94efc045053448084a11d2fd4e40c5495af559a22c37bf159c033cf824f5d
sample-1555.eml,25077,2026-08-06,036c297a03caf35206c13b98152c91ca2d3864a41d18a87b029fe99afa388cb1
sample-8092.eml,15868,2026-08-06,5c428ae13205bc8b7b8cfcb5fc98920115b5cb9d4718206deede67d4c2022bbe
sample-2386.eml,30073,2026-08-06,fd891fc32f8a937fedc9844ef0df934b0991104c8aa5ebe402882e62578b3651
sample-7792.eml,19508,2026-08-06,a80d3929a0ecee00b1ddc855d752742146a8defe03f5184a57760ee71600480d
sample-56.eml,20814,2026-08-06,0dd9df0cb3f15f3f431043510dce33a1d71a2a4fa7b9a9860a5480a8c2c6109d
sample-3902.eml,28052,2026-08-06,56eb045d5f3ad10f9ac740c7a11564ec7483b14e7a6744d88465ad3940da169f
sample-3034.eml,18968,2026-08-06,dadb0e690321b07a12799fb4434e6ee0c4263f3378323866391038cef3278a98
sample-1211.eml,22662,2026-08-06,b6ea172f70b2d79653a734234d255eb36da91f3715397cdcafa4ffa108806a31
sample-296.eml,18005,2026-08-06,8904c38c39053f4ba9ab140fd17998dc12c669babf056d9cb394838380bbf16c
sample-7078.eml,20770,2026-08-06,05e7a544bbf35fd4853c5590d08a4a381285eed3f513ff9469f9b0bf31111ff9
sample-4038.eml,17193,2026-08-06,ee8495568648b165fbd5cb3f1951ac4eac4615014337fa663711b781d6189d4c
sample-5711.eml,13547,2026-08-06,9a0e4cb0caeae54948c6a1f355a10839a3724065387793a4b5524ce880bd0bf2
sample-44.eml,127594,2026-08-06,43a9e6ffddaa7b490dc8004f142c23fe097ba9d91e78c1c5d11c0b147064129b
sample-2544.eml,51823,2026-08-06,1aafd66318e8da15570e402b931d843037e1e647e0a9959c6459538e8a79e4a8
sample-5682.eml,101612,2026-08-06,69e4acaf9047e9ccb8eca3c59e8d10560f616185b383dad616842168f5630154
sample-6129.eml,25707,2026-08-06,fcb4a50ec39f6eb668cac6e2358729afcbe484d47c28916ed48dd5dd3ae13f96
sample-4459.eml,26271,2026-08-06,26e27a40316ed5fca5becc9d4a568feaadbebd60b0e8dda08f07b6cfbe042bf4
sample-156.eml,11586,2026-08-06,1f4a579e2734993806af8f3a5d4ae99821f970d59368345061c4c5d7ff9b3cde
sample-1180.eml,34885,2026-08-06,249267844ed1f98505b53e5e72661a86a1942b0e1235d5f173a503180a483cc0
sample-5714.eml,19594,2026-08-06,5a9bd87a87a8a2cc360f2c0ced37f2165cfe6646787a8b3108e1a36bf8d33278
sample-2163.eml,19372,2026-08-06,fb1867088cce7bc06772f61d850095a6df1e309f80a771c38817fdd045918630
sample-8372.eml,28074,2026-08-06,1868e91f7f603c5b27b3b3d8135f0a874eba1c1578e54c4a318fe07bc77b4ebb
sample-491.eml,38439,2026-08-06,b247006b91589ac4aac2593a075e4e0fb67700b4dca6d1358233ffe1f4181ce0
sample-5754.eml,14981,2026-08-06,6e0903d9e0b26f4ac09c67ddd6453eaab87195b58e32968235cdc77fc78c6090
sample-7915.eml,37286,2026-08-06,29fa056fef028b93ca4cad23204e3e16ea1e9aa2e6ee03f452568e3a86fe8984
sample-5025.eml,41046,2026-08-06,56b5705f7ab86a12d7da9966ed5cacdc76145580d96cb7363ab6004251a0621b
sample-8505.eml,15205,2026-08-06,7593fafa60c122c8ea341337628b2578f9edcf0b80ed4261a0d0d1b7c29f0413
sample-7154.eml,21233,2026-08-06,f42540ede9ec29ee0d97830197690fb135351af31d5540559e8a245a5a69b037
sample-353.eml,15646,2026-08-06,74b57f8285fb802205da2da815ae879b3b6d574838a79eb64815fa094a30400e
sample-5943.eml,23749,2026-08-06,91cf519dc6c7b2ea82ca31ff0898c6d92bc6fe44d2301f7cb1fe685c16fda3e1
sample-1049.eml,24186,2026-08-06,259c920115d3bb7c01244b2770a5ef546816f7b68a98dbd8514e7ab7d93313d3
sample-8036.eml,15470,2026-08-06,d62232d6ad9b8e6921ee4d5bc7ce54c4c4bdc599b8bfc3394fe2d9d2318eda2b
sample-2451.eml,58256,2026-08-06,23c78c0eaedbeec01459c6a1d47f407285653618104d8de2bfb32d12764000b1
sample-6971.eml,17924,2026-08-06,c48b52514679ec2c42319a5c8111cf7ba1347fd6696693c801a4aeeb18f3ab89
sample-5471.eml,13642,2026-08-06,42eba7c99a6ec169a9ca16f2e4248d5f5c6d27707adad981abdd10a1503b7116
sample-5979.eml,20833,2026-08-06,6cc54d63e8f56604e7131215a0b5867b654197dc486a666171c600bf194d217d
sample-5171.eml,17743,2026-08-06,2cc7b56f06c5c478685a0d445524599a1eb240991b86598533e7ad25596ab92a
sample-7464.eml,23994,2026-08-06,cbc6a9e8cb9284797beb217f3eb7be75c325d33f45cec42c00ca750edb416111
sample-1081.eml,18149,2026-08-06,87c8e35a01a845370f52bb4d939c7237e4d6084b2c9f41c6f194a4244e3ab039
sample-6915.eml,29592,2026-08-06,01eb7cba38c2599b8ed57751bba20efd14c6c640b6956daa992c1414f1d37559
sample-1338.eml,14084,2026-08-06,d7583cf248bf19729d1b85436278241f4fd820442fb89a4e6ab571bea14a2b37
sample-7739.eml,18793,2026-08-06,513c0d90275b6ee4ed7d4f61df3f6936e77ce609df07aa2fa6ef2923b1c137a0
sample-3804.eml,18218,2026-08-06,8c97e4e6ba74b35e6e2b0eada2bb9e2a3e9ed73b09079b8b11df24c551c9744f
sample-5307.eml,308717,2026-08-06,0ff39daa2dc0631c872bbb64df1b28933c17785618962f10168c773975871776
sample-4511.eml,12534,2026-08-06,abf220985e572312be2e12264402d4fc313f1322cba51335eabc53ef60f1b53c
sample-7524.eml,20064,2026-08-06,0565cf847a4e2a517b16ae93b52c734ad16a3591e6e481cad51920eeb5541e1e
sample-2521.eml,17192,2026-08-06,2b0d78b46abba4b6d5aca3e945f340946bf40f1ff55105aae945a041bbe6412b
sample-1965.eml,35599,2026-08-06,29d270f4d803b24da8bb9f502baa8c1b8d92420f6c951853eeb379f09efe9d49
sample-6430.eml,21895,2026-08-06,c7fd5ab5a9d6ba1a58b39ab47c36e508524be8ddc9dd297d26a2b0e4b7377c42
sample-8089.eml,469679,2026-08-06,ccc2369ea12bc8155b65fd49bb78c0c2957f99aacf0aeafd5e7c606d11dadded
sample-5997.eml,12730,2026-08-06,db62d511b01a0bb49b4a929b6ec6b2ef5032326637da7e98a2b01e5cf778dbff
sample-3792.eml,29943,2026-08-06,713de5b6f80152b76634487549aeb090f59c029c72df6ff364f2b3b36a6c327a
sample-1478.eml,59514,2026-08-06,2106990416f49fd0db95f6d0f182ad65210972222edc4d2ac4e36d6c25537d32
sample-102.eml,20339,2026-08-06,2aa204f5ce11d9eb039fa6988d0b8ae48ffee1ba8d12a35b47ada2034449c262
sample-3816.eml,28751,2026-08-06,4d048e37edde8daaba12876b940d854c08e0756892c49d572a500808afb90a35
sample-735.eml,354868,2026-08-06,fa63f8de81f412be2a6cac5e8b4cd839756ae57f9dbe6f3618cd71b3433193f5
sample-962.eml,144144,2026-08-06,ea9699ab6f73fcd0019c4f5909ae2ca048e37cd92a5678809ffd3c9e573e2a4d
sample-3338.eml,30722,2026-08-06,f6b9b68be25beb4bc650431a8a320be55a3e8e697f41cecb0658ba82a2212669
sample-577.eml,19912,2026-08-06,46b77960e958335d66d9893890861174c44eaa9e5d2c71f7f3afb1daf1ca93fe
sample-6761.eml,23421,2026-08-06,92be0cbe228ec0681bbc717ebb5633863b434420009a3001e6876d55bd6fc7a4
sample-2204.eml,16598,2026-08-06,226a5754e7a60af89febb1e54c23aed12c679f05f0daba3efcc463951aa2731c
sample-319.eml,16686,2026-08-06,e80ed0921e3d86c46745cb966d636a580383c4c48a959dac4f31bb2c7e675954
sample-281.eml,21931,2026-08-06,6646b38472f29c44aef4896036f8e92383f33e2d397f483b7f6a363a0a2ade66
sample-8001.eml,16967,2026-08-06,bf8b48065f84b9c469f8706d1229c9360cb6796cf7e66f84589ee46246279fd9
sample-6907.eml,34043,2026-08-06,6a5780482741050e9b622007bf00c005f913fe0ccde043bd040d7505fac7d91d
sample-241.eml,13265,2026-08-06,79048463f832a4481bf42c824db60087643a29a814008177a2b3133cd99d55ba
sample-6456.eml,17880,2026-08-06,5a2090b2b9205ff3f647fbbcdfcff7a5a109b8dbf7375df35600d66db5026e66
sample-1278.eml,25296,2026-08-06,546fa5d8fb3df47a2069bcfa52c26d4d292ae001b840aa6533afebc1a4abc65a
sample-2257.eml,12432,2026-08-06,7e06a1986c06f4ca055aec6ae818cbf96653e520af95409af7c9a1fe4c113826
sample-492.eml,160396,2026-08-06,197248754b912e17193c4a2746160425738a7daa70ecf9993901fc26e40ccce0
sample-2296.eml,16630,2026-08-06,261af53155b5244c2289a2bc9cccccd863c1f0be6f21797e799ef43e2032fa42
sample-3183.eml,21386,2026-08-06,12782872a8f1ff623d5af91663946ae680f9d611ae17aae22dacb036e65ade81
sample-3851.eml,43845,2026-08-06,6fe635c05af44eca5d3554bb1c90ace42a9840d6de5c2b689cfd32b04d64770a
sample-8534.eml,28100,2026-08-06,451baa1861dda831dea32868f1c9144933aadd3a860fcd614331fd94348757fd
sample-6088.eml,22869,2026-08-06,dbd0c4fc9f277db3622cfd1b0b1d003cd018374bb41552bac3ba8a09105559e1
sample-8274.eml,467219,2026-08-06,6eb86d62d1aafbf996fcbc4a96150bd189918cbd4aafe60fcd310ee5cad95cd4
sample-1385.eml,16268,2026-08-06,33d3ac0cc72e618ccb1e93bff75770756a7246e44fdf05b551177355da667f85
sample-5166.eml,18325,2026-08-06,36d8a3532bd03faf441571cdb0e04e960607720e90222f593723de30d60de8c1
sample-4729.eml,27248,2026-08-06,25cd33ea47d6d24b839f14891b7d0ff0d7011b5bcbd5142c867d088f4021c257
sample-1355.eml,15482,2026-08-06,1da655c52901ab5ee6a4fe1d0144f7a10d20bc43e412bc3db05ae3eac60a52cf
sample-3745.eml,29105,2026-08-06,7086bfdc1a17f32d9042818254d4eb2179bab28630767fbe12139f5eecf1c5ea
sample-8045.eml,16860,2026-08-06,1db2144c05b36caafff950ff6b1868ee9bd7fc3d58c6c238ef536bca67c36701
sample-29.eml,10999,2026-08-06,d13f50e21ff92521c9d96413cf6321a8fc4964262b50ef512b8bdcaced80ce87
sample-6649.eml,18358,2026-08-06,8ccfaa2e6d887bb5d3f0ea9324331a9d8b0f7253ad3fcca67ab575cffd555ae3
sample-1437.eml,40036,2026-08-06,7ca121e3ebeebb416de8a453d954a73b5a6c4588b51f38ae0e210659ba1167a5
sample-6472.eml,110882,2026-08-06,96a58010e9f608f649d78724f5a79ffd10c04bfbb4191f5d3fec29c7cd61422d
sample-3979.eml,20431,2026-08-06,4f78da825527c621f31b5f72fed3a794a0b235e4061a59f6b3b62c6fa4e65314
sample-2431.eml,25242,2026-08-06,045e88d8bdcffb40ca001a9bda853c7357fc732d1b9f6d7aacc8cf52ec39c93f
sample-7125.eml,18988,2026-08-06,9b2e3e6616968fae62014667774278d4ceb793fbc058c3b1ac00940b98d89510
sample-874.eml,25585,2026-08-06,2bef3a31c6feffc480d8e79c3466a2f451f99d7756a5e22b9ae44184c5eaf083
sample-8307.eml,462798,2026-08-06,d97ba669296830f742defa4c72314991f0ffdd2827d52beb3f1d5b6fe359461d
sample-567.eml,84323,2026-08-06,5f2a1bae38d9187f07e45c31f27129cfd896d356f18ff20acd1a87c7a1457cf2
sample-2880.eml,20077,2026-08-06,e646a85be7263cb55080c96b19559c95ffe13f91cf9fc549de2e22a52a5b1f08
sample-4304.eml,19367,2026-08-06,51722ea6feb4cbb8d4fa434d9952a2f93c0e32b30e867d84160dbcc63ab901ef
sample-4901.eml,40126,2026-08-06,b1668286a935721ada54d09a36e40bb23b643e2f3b793733033cdcf4f9698259
sample-3504.eml,22005,2026-08-06,640c8876df91b55581705a722385d86127447ddd4a4896d6915c1ca3c5e61ce6
sample-2151.eml,31502,2026-08-06,224a5b25812ddeb365547f22afbc527622e2f5f5913ef03ae07e47d3ea1b24a4
sample-7160.eml,27612,2026-08-06,da71799b6ed7c421d5c9c998ca04247172a91bd0176661580ba3368e4594b51e
sample-570.eml,21272,2026-08-06,ae1429109754949a38dd3af24d4b0c72dd0ae70e6959a2916907e4ee34be342d
sample-2468.eml,19726,2026-08-06,c264039f6f54c2f5084a4e9cc3fad692f9dac00370753db05b653571b6b103cb
sample-7253.eml,22350,2026-08-06,d84b46b925760d54068fa0909e41e7cee907b0b327b7b69b66e5c75cdb231771
sample-7035.eml,37353,2026-08-06,f73ceeda39954651b7867d00cdac00bf871b0faecc114633a206745eb583887d
sample-170.eml,11225,2026-08-06,e53ace2f3db9763feaf696386cc842ef23f17edc3e7157304401babf14ef15b3
sample-4484.eml,91892,2026-08-06,9e9db248f11ae6f0cd7cd1da5d510352bce3f67ffec38e7fbd34d21a73de610d
sample-7642.eml,46611,2026-08-06,e50ae6c46039da60bb234894d087a28aba20a57790214d755628acf439c7d9bf
sample-3012.eml,20217,2026-08-06,4089a5fcfc946bdd322b5db87cc207cc384cd688064e7e9560f11bd163ce1cc2
sample-3194.eml,22042,2026-08-06,dfb2c47c5e814e3ec5d5f9eaf232a50070d9a7c20a791d5a59dcb4d31d335b75
sample-4513.eml,15491,2026-08-06,b3e7225416e0be5fb947be57879a9b2445614fbba4dea59df7aa2cd1f6fc0067
sample-8248.eml,26149,2026-08-06,d10bd16625da00a544e148c8a49f4e4e46b8124a35f279aeb0683858c14a96d4
sample-5261.eml,15850,2026-08-06,b5e04802dc954c9dc3cd4d6f2e07a71c1d2e919516ac81b77374abb65a47611e
sample-6838.eml,31929,2026-08-06,72851b97cf6c8fd44aa5eed443cbd8fc06b604a2e555ec96be575d0789f9a6c1
sample-5963.eml,12527,2026-08-06,a9f0424a7ea4bde5e0d688f2beaac0023e182bb2cad59d8e47989295b69457eb
sample-43.eml,11340,2026-08-06,f966aee8c6f2217373d802c63dc6459daa276c53640a0ad4d1917b4fd7e625d2
sample-7721.eml,21224,2026-08-06,235035342d43610a7d5a39084fba7935c9113341f62e885f9bd045e3ee4dd6dc
sample-1348.eml,42455,2026-08-06,12dcf7484e21387fc918fa8f504d01a49791dbe181e272fdef97be100b5b18fe
sample-5223.eml,21679,2026-08-06,964354c3d1d5b7b0a6c465d908b73e92c3707b7f814a4f37b540f14eef7a76f4
sample-4008.eml,13339,2026-08-06,57b1df6c5307b1962335c52423f19526f33cb865d4e298244e48e5c79d2b62e5
sample-5542.eml,13012,2026-08-06,7b8d636f05170b44aed7d741db49c3d2c5a0d48a5cceb30cca6bfd03d4f0b2eb
sample-7658.eml,19859,2026-08-06,1f339ec25a8c11406b428ed6557925e5a8520b32eebf8c3de69b725564263560
sample-2534.eml,26086,2026-08-06,e671557c76acf2c8e1323cba09bbe94dd489daaa312b62db9db3cd810bb63ad9
sample-1390.eml,41171,2026-08-06,11274506056b3470819f8c1a348123a2f45ee14ef10c435b8e66149856e84f4e
sample-5698.eml,13107,2026-08-06,f524a2cb5b983caf6b6483d61d323ecc22e2c551b452a5e50365b6b33468c960
sample-4540.eml,63843,2026-08-06,023a79efa4daa2cdc4624065fff3f1f0b88b07b11dc07b4b34274e1e5f849a33
sample-952.eml,63374,2026-08-06,1d83a753be6f3e476c64d00f04823d34da1fd36926e17fe954c48f2a68d18887
sample-1213.eml,17786,2026-08-06,468140efba5bc31dd863f82dde0677508f8dffa2dbaa6e72796c6e08a471e1e6
sample-869.eml,12137,2026-08-06,996277661656f7938c688be37f2c58d3113b7266e7f90c5d2ecf497d971ae9a0
sample-4667.eml,20365,2026-08-06,84f05fb80d2a3af8d10d4882dd939c456bf56c470c0b8b61b62e34dcd0159a9b
sample-3705.eml,27782,2026-08-06,1e8f9e1af9acbe6f76ad0ff2c468bf14046c7375dbec90157f60609d7e12fec9
sample-2894.eml,12157,2026-08-06,6feab3813ccc7c2d003a79cb239d0988571be3af7282f6048a66e7e5d335ddd1
sample-617.eml,9454,2026-08-06,224c4d532d3229a59324f9205100728238fa8d1b1e48a2edc699e1091a9e6907
sample-4298.eml,18150,2026-08-06,4becbba7f27cde45afcaf0de719c1ad74e6a60ae4f7800ab3ac111d5c5d9dc06
sample-5197.eml,16203,2026-08-06,9f97ef375da4db13be789fb91db74311d86f98284a1dc5222b7f2fcaf2771eaa
sample-8126.eml,15502,2026-08-06,0ca07d272d163ae5c1fcac8645406183414aa66ac9d1a26b0b3c54fc8b012393
sample-8393.eml,49859,2026-08-06,cdbe1429254f592215b260e32621bbdb3fdfae6723d2e110b54cdfe098750726
sample-6475.eml,18097,2026-08-06,4c9b70ee0a68e7e2ea48d909246cb7f43b696ba4a8c9602ffad4461ec675847c
sample-4466.eml,57798,2026-08-06,00fb5cd53d5bbd5a416b71d9aaae572845b9532115470951572855fcee5c9388
sample-7109.eml,36131,2026-08-06,1d6184bcf6fc7bcab7dc08c2f6f7cb110f1f6065e1871e0e818ea9c7f0bbbd8e
sample-6219.eml,26677,2026-08-06,84e923a813133cd4c234c9ec64c637999b685af48a24dc305c21084661b4ada9
sample-4289.eml,20011,2026-08-06,8dfa8c9ad30e068b2423e3f88bba63250a8fb7236d3b7ebee1faa3a738b9b7a8
sample-2547.eml,106030,2026-08-06,5156478191ee1b88d2d1737f39b24913cd3db6c31ebd84d0a0427b49e40c6351
sample-6873.eml,33258,2026-08-06,8baa394f18d55c63a8b2c67926d8325adb72ae959cd250f52a9d2a880dc51a2c
sample-5933.eml,14133,2026-08-06,9b5e7ad7f13c86a246f43a107ad7a59cc9f6411eedf0963d11d27bf8f7cebb20
sample-2043.eml,24271,2026-08-06,a204cc0b2a89e44fc2c20f1369f05fc61ecbfaf1ee7827d5da998894c0171605
sample-1715.eml,18349,2026-08-06,9dc207fdfef352e4bd32e9cfeecbae650d467b16f05c7beeab983010defb0eb0
sample-4979.eml,13646,2026-08-06,32f8f9e3c708801c74d993f2e03c6e2f3ed168f8830b156834568ab7f87565e7
sample-724.eml,312050,2026-08-06,6cbad46b2e6503e3939e963735bf45f2f3fa34edae569ee4b57557a645819c02
sample-6936.eml,162547,2026-08-06,40f315dbeea7ba7a83aa85dd5c57eb74c3a3808a3af36e9d343cc50d3ed2bf21
sample-6726.eml,21568,2026-08-06,fc6bf85879ae1cced82eb43f7d70cd87d6d3387541d0dae4102e700ee566f38a
sample-8336.eml,474127,2026-08-06,a3320effbbb7a0fe3a17014580f2a4e064c53f884e382f8e42da58347de7b3cb
sample-960.eml,25144,2026-08-06,8540717274d9a701cda9d3957b46732c785798083df9f19b9d99acb47457a022
sample-8076.eml,468089,2026-08-06,c63927272b732f9929b435558cf28fc75874f5f2ee6ebba4d0ebf3382e599f21
sample-2372.eml,245746,2026-08-06,cdcaab2390fec317adaccc9ec30586a0121a12588c2ef0e0d766090293221c76
sample-4518.eml,16099,2026-08-06,14a67d644a3daac018497aa529e358060f1e8ece2d1eaa6d9388d8cf8aa0c6ec
sample-7082.eml,22233,2026-08-06,83b0dcf5b989ae216ec20713ddd0bc0bbe89def1c06e7f09c3ea689bd30db7ff
sample-1976.eml,21497,2026-08-06,8555ab8e6f54d8042403f8352225293fc45500e0d5cf0114d8e9331688030276
sample-4442.eml,15754,2026-08-06,757e5b2d7dff2592c79bfa92e8b6d11a4748ba62e9d2260a097cc7fa0ab5d964
sample-6032.eml,26752,2026-08-06,7a60e5b1cbb9a4ae933cf2376cb3e37d1879efcd459737d9fba4d55e34f0c37a
sample-4092.eml,14915,2026-08-06,2da49c8d935b79e9d7e4bb5e88e16e45483865b2094b3beb5f9badefe44fa7e0
sample-3640.eml,18579,2026-08-06,9e57abe7b82e3c7eeeb11ac2b5cabe9436ec1c6a967af9bd37c6c0b72cac18a5
sample-2671.eml,30915,2026-08-06,ce434d11b14493251faa7ebdd5c2f6987bf30a97258dea2ac9d2ba5b5be91168
sample-7048.eml,20389,2026-08-06,e183d6d35efa711dde03eed3decb3361635ed231e7faf63466ee93adbc115d61
sample-940.eml,18349,2026-08-06,daa8be2e264bb664d1d376062eb4c78300fc4ad3e66f10f9a95997474ec0c01e
sample-8028.eml,22338,2026-08-06,e06e3913339bcaa091d9d76f1fee44e6f342bc5d3595acdccf2e52e6596df2cb
sample-294.eml,46329,2026-08-06,4ccc2f55ce581fefae2b8079462911f90d993475f85653896b41b8f48945786b
sample-4345.eml,13113,2026-08-06,328efb59b960fbfc0c2a4f24d41ff5222f5665fa5cfbfbe758941cf5e35f34cf
sample-1507.eml,19524,2026-08-06,0f5af2ab870de2c5df51c5c307f65b1fd3850f87a1c4bb3094d1755b280ef5b0
sample-3601.eml,14105,2026-08-06,7dee777fa861bbc9364af99e2d1d05f6d28d38887ad83c324c7ad751634dc8bf
sample-6175.eml,19186,2026-08-06,4310d22719caf2173252fda1f7e09563f7a124f2315877c307ee3eebbea232ad
sample-5037.eml,14483,2026-08-06,0c1c12d902840fb8b34c1ae4cb5e00c688f4999d63e2c65ed1e8892ba289fcb4
sample-572.eml,26234,2026-08-06,befdf698a022e97a1657e4e19f08beb022addbd280e8742f70477b3329a5dd6a
sample-5994.eml,147945,2026-08-06,97a0bd12052186fb7cd08377b9975391293199474ad54539d9887cdd977dca66
sample-6196.eml,48213,2026-08-06,23e788da013a1e8f84c23e9b88641d93f36e309f0189d38174e83a201a012f51
sample-2144.eml,44233,2026-08-06,5902900bcc787be05ace5cbdcb6b747f2aaf7a6c941b016d8681f2c7b6bdd3b6
sample-8569.eml,11051,2026-08-06,26fcba26e6f00abadedf08d7eae0ae516a0b060c088e3802e5dcb0742ac131ea
sample-3017.eml,25548,2026-08-06,c7c0286f81945544f4dcf6027232aeca7f2b3fb575d8a1a8e41881940d20f5c8
sample-7687.eml,27112,2026-08-06,75bbe8fb5fc955a71e93b1f11ad603a091835aeb7d6f4a64ac039c4d07a6f77d
sample-8139.eml,466549,2026-08-06,a5ac0e903342a5b50a7596063375394d0bbcb981a8168f5249d2d350ea1b0c65
sample-4318.eml,15413,2026-08-06,627710a5710455ac771525869c6e382764bf4edbcda09a342fbf772c54217e24
sample-2182.eml,41414,2026-08-06,66d661eb950448b0eb577aca787c8d1dfdfd178c90e5e310c24517815e149166
sample-7352.eml,37221,2026-08-06,24a91608ca5d292a0ccf52e47e19b8899922ad8760b82e1e4edf2f78cd6320e9
sample-3226.eml,19372,2026-08-06,9a6776f871d4d6bf1ca7d64f8549172b08849b880e18ccab1497649f0b496f31
sample-260.eml,12813,2026-08-06,f6703d5a3badcfab475a8bba20a1ae0bbf6bd2ac383c7d2050ad3bd3a0cac634
sample-4072.eml,28844,2026-08-06,b45a6e1dd037617c300f4b3b86f7c38be568a486fbd06783d23456eabcd637c8
sample-7697.eml,18573,2026-08-06,841fff5febd607068a93968d13acbba038f577e201953afadb44b833b6d92476
sample-1295.eml,25365,2026-08-06,c680b5677ae68d03af6cb4ad27a726fd8ffbe03eeaf2707c34c0a137e256468f
sample-8601.eml,17145,2026-08-06,fccca17111d019c5a00cd0dd5784a438975a873121bcef34015593d1d4c06d69
sample-4774.eml,47970,2026-08-06,33af2fb91f8d239da8b5c1a93ed16298dfdd6a8efe94723075c648a064d7ec3e
sample-6463.eml,35144,2026-08-06,0d716c11bef7deb52b9accfe8c5a18c44b8095b1f87236a8bc9a109b221c684e
sample-7449.eml,23034,2026-08-06,894ec353d605b67b9d91db8aec4c22e166f12379bbe2d77a7db0c2b9b7974877
sample-4088.eml,13015,2026-08-06,42867074657b00e49608954694e20d19d0c0ac1c8522909dd92408f68c285ab5
sample-584.eml,7896,2026-08-06,50dc8112dad2ca1e0f91ade40292a5b0decab3c348262839508dc34c7e3155cf
sample-189.eml,124925,2026-08-06,5f7df953a3e3a3286702c26975d4d3919660c980e4e1cee988e84a3e7fc2974c
sample-8239.eml,14560,2026-08-06,b47b9dac5fc060a5421c5ad01d78eb4175f5053b367a5a2e253f84b3a0277f51
sample-3707.eml,30857,2026-08-06,ea22e1ab48614b64b692c4bdc1dbdf9620eb7b86d5396ca478d60a11dd3d41f4
sample-2300.eml,16182,2026-08-06,984680d081409b31aafb9bd0ca2160c6bd325ff71d056a182534da3663474cc8
sample-6804.eml,19630,2026-08-06,6d56ee35c431a55a16eea25c96e19de73fc6ae029038afbc3914cb8dd47e44e6
sample-6220.eml,18544,2026-08-06,88b3cf34d67bb218e43a96d012b0c9204cfda565c75af686aad05f2179a66a86
sample-2949.eml,14787,2026-08-06,4d5a672bf8192f690b459a201f02476ff61b4e6b3d053854498bb31894ee7c6a
sample-6046.eml,26329,2026-08-06,d68acbd2cca3f097ea5d5f8649ca3475a773fe64154b6b9ffba76ac93518875c
sample-5240.eml,21288,2026-08-06,8ef4afc22b27f39aef729a28faf58da9b43d24f564a554d297a128d470073698
sample-2965.eml,17115,2026-08-06,859bda8a89e333f95ff6e9aea575f9e6b453793b97226a56c0ea3dda4f533304
sample-3268.eml,17275,2026-08-06,7d844c633955933396c5967fb95791c554095ab993290feec3eca5a52903f035
sample-2189.eml,17087,2026-08-06,b8d9f7abe0b63cc3b4a9bc925a123f7c64fd7ca9c7a901bebc1a373ff768ab22
sample-7935.eml,20820,2026-08-06,e8642942d2031b322686336a06724c6d5bf4c0d60550f2d1e158a4e32345a0a3
sample-2479.eml,15229,2026-08-06,6f0822bc24cc94d3ff114587b8ab007b6a76b505d6b333d537bae419713e6f57
sample-4831.eml,37107,2026-08-06,d5ffd3bb59b3e878c99be1f21e255ea076c8652d12642bc56b34a7d69fc8b2d7
sample-4062.eml,22800,2026-08-06,158b17df3b2ee844dff7efd11e8eb5c775db5bb6a3100d05cf01eeeaf59345e1
sample-4457.eml,10985,2026-08-06,d1acce1bb93744c058f32da6066db5047f5805fd727a8d9207e19b52c33f42f5
sample-6926.eml,23047,2026-08-06,5a440305b84441d62cfa2f924976ebcdd207e30ef71e0cedd4e640adae45983b
sample-4112.eml,15374,2026-08-06,93ce58c6ca7c3bdda653023603caae978a3864668a64fc16320534e7df659840
sample-1777.eml,160331,2026-08-06,322bca5159512338d04a1aabf551583d06c006a0a41ee58f433f5410068a1169
sample-2360.eml,105164,2026-08-06,4b2a452b06922f4ae57d91ca819707905ffe8de554588d643af7063d4193e320
sample-7613.eml,18456,2026-08-06,5be8013c7f753e117d8284f48a88613d0e22f8f8a785a55a58cec7226f16a395
sample-5231.eml,14488,2026-08-06,b2e39854fdc1e81b918407c9e68b1cf40078a3465cd687e83be0f6e1eb971a39
sample-7283.eml,35050,2026-08-06,f8c0f9dbbaf4fa9db80a9718289d627d97adf656b8258988dc74da6fb0141def
sample-1013.eml,9565,2026-08-06,2effaeca2f8c7ac56f4a5ae1763d55c653178b380e7f954a03d4234e822935d8
sample-451.eml,20583,2026-08-06,ff09da66315c766fb82c038811b3678d80458313bd082c5a244bdef5179f898f
sample-8224.eml,16765,2026-08-06,a9d9d30cc139f4b2b4ea2fc1ca56902b398ac0aa0b4581626d11301d3b29511d
sample-115.eml,19538,2026-08-06,37d77cc48958ade4dfa3eed2c87740275f6f270cdd688972b5ffb2bddcfc4adb
sample-7407.eml,18560,2026-08-06,081501c2969bb06ca0c29a65129c5cee45cc98d5c8d8f5439a738c209f43ecf6
sample-1770.eml,46384,2026-08-06,4bbaee70562fc421298f7fc8aec8d38752f072bbb9e38a79c9d8b963aae87e94
sample-6163.eml,23590,2026-08-06,6f780959dc6b02a1660630aa761ab18db63177ed032a0a5e0ab5f5cc2c7ee01f
sample-3778.eml,28049,2026-08-06,72570850c3e426316b8e1cad03c0fc4a7cc83df1fd82069ce5d83f0234e64fa1
sample-1999.eml,105144,2026-08-06,d4ffc7a6075f46569d5e4803506f1c43247f1a1525d7a2c609f61dc5611d4752
sample-3724.eml,29527,2026-08-06,1bad336ab883532a29e64cbbbdc184e1e80227c24a7de6bd0ac80c73ac81555e
sample-5465.eml,19545,2026-08-06,9b369080bc86cfacde42f2c6024646f5d505e5d6abe7b97a56f45218437a330a
sample-7595.eml,16542,2026-08-06,461badc9b1ce44e9b9a173daf4b55c329d7e2b11e3a72cc7fa95f6334a6a2567
sample-323.eml,12868,2026-08-06,256e0d85231c81a89405c47ba018cff15c52e179328285cf10479e344cb294bb
sample-352.eml,1267647,2026-08-06,975b3e047cca33e38861fc48b01f255368c4c47df46cc0279c2ef12411cf5ce2
sample-776.eml,11869,2026-08-06,7e3dab8939a02fa005ec5b45b623248fa8889874f383cc93ee1660eba1c70092
sample-1494.eml,22258,2026-08-06,aa51425411178a159d0753382f206479a066a08bef94346c19fe886b36ee73db
sample-6317.eml,26995,2026-08-06,6b9e1f956c4fc99f382f8966eb3827d6e586d547aeab40952fc44e4064e679c6
sample-1724.eml,20053,2026-08-06,33a549ffc4e75736fe50e3f18fcab518148532e147f72567248feef74fa8c580
sample-3770.eml,29855,2026-08-06,bb25aa41496c1edab74e3af84c7e557aced76a88fd160f8eac2db7cfb65b1b27
sample-7007.eml,12883,2026-08-06,e11b72111404752f0256fa1158a11011b8cfebfa5efd0f2d7923949615ad0b36
sample-3443.eml,16627,2026-08-06,ac3fe98b85740c3c3a714d2247c124cf1b6bb8d15b7156a4ebff6b847db835aa
sample-5334.eml,38502,2026-08-06,d48554c4ea743581219b5cedcf32ab0727459519dd4f45bd226ab819ccff48d8
sample-6809.eml,21988,2026-08-06,cc26c0204a787ea0d9e6ff66509334ec2fc41ebd8272181c5f57d23af1c1261c
sample-3086.eml,21878,2026-08-06,0ef3f164f33422d4c9cebf0bb07e0db39e297c307ca2f1f15cf4cf95ebe6c71f
sample-1197.eml,6847,2026-08-06,c62abf64de4167408c078591d121cb28c44048c60c56ccb84f70d2c5d69d3463
sample-3738.eml,27887,2026-08-06,aeb14c5dcff125968995e5f927d270743bb4cb754151c2f82091a1f6bbcf447e
sample-1108.eml,19029,2026-08-06,5381dd38f4e3f751ef9c338bb563b6f9af6c67a6c9d95ac37673455354539dec
sample-3212.eml,19877,2026-08-06,85b2a7c236eb0056c5e38af0efeb239232164e0c6f3c0ec02dc734c59deaeea7
sample-5769.eml,21315,2026-08-06,abcdb2601d266c1f1a4c4bd4e5bc2023ba289df617701b6b865e0d9282dbb904
sample-7392.eml,15685,2026-08-06,0c366359e76fcf1c715fead8c8a4b688208024287e65a790aea3aa8990eb0b11
sample-3924.eml,17874,2026-08-06,94dd4c5ed9b9745d1b103ca34c26fd390b217948a530d485699ad1644bbc420d
sample-2364.eml,10726,2026-08-06,5376a5eefaa3b2ec57cd0a8fe0cf832067418fd414027f8f7e7773350c0f796d
sample-8184.eml,14540,2026-08-06,8b9fb1d969489faa654546a5f1954a2736a91c3988eb2421f2870a7055cc2989
sample-6454.eml,23821,2026-08-06,388134a6c9fe8d0da47dedadd6ddf1667dc146079574f70bab1467afe2ce07f3
sample-3655.eml,28667,2026-08-06,30804ac22592639eda820f5b385964359a64c6a4cdd1673f8f3fc3a590a6b7f1
sample-4025.eml,11880,2026-08-06,8b487ed5f462e267adf0c6a67572aa0bcfdfe0f892acdb133e866fcb9508953d
sample-2172.eml,147079,2026-08-06,bad102e7a5cc0537fdfc78104fe8b36afa0a27b0b6a79d8037d00d0189cc66b2
sample-361.eml,35370,2026-08-06,e82013381f760cf4932b8f89428b1fd8cf5d551035909580889dee6ff9fa7782
sample-429.eml,802,2026-08-06,75b5a1ca01b38aaf7bf0cbd6aefb8cf935179b7e18162786122f4ddce7ea4a10
sample-4166.eml,19625,2026-08-06,b1acb97072735f7db70efd639dab0f835d69278ec79849a0732894b47b953d2f
sample-7671.eml,27750,2026-08-06,80b88dcd52dc1bd3b40624072c0852124bbbb34fe04aadb9d1ff90cf5b215b30
sample-5803.eml,13876,2026-08-06,8ad11e7cd696bea5217d81cc77ea90c9f217bd17c215a9b36d8bf01518755819
sample-7469.eml,23751,2026-08-06,efd3346e037ea3b729d2c222f0f5e3fd38f73be1cd326031e76f57051cd68276
sample-8366.eml,465417,2026-08-06,b042faa6105c6023d77f15e8517237ef1703c53ccb3f1f4cd75e6c6da7a19137
sample-798.eml,10112,2026-08-06,275a69317f6e88a2765c9147ea4721b67b6ca3b966132b3a2f21dfa805695845
sample-2508.eml,26119,2026-08-06,8632e6865423a0b97f16c8a0c2aa3f66c9ec981412005f3a397eb36036c32d57
sample-218.eml,215638,2026-08-06,784c700d8992bcc66255cf3149df0bbd7096a810036d7e1c5f69b1d8eb545e36
sample-5180.eml,45267,2026-08-06,78b04494552c3e0c138f5ca07f810af610db73c254d39f9d51e840f9f2d39016
sample-3691.eml,30512,2026-08-06,00a7ebc017a9baa1efb67b2a7cb9e6f2ea9368e504309332fee18d7b5267eed8
sample-975.eml,11089,2026-08-06,d462011fd7bc763da63139e5f5d8e06ff3a3787d6e9e8a82218e1167e2c965a4
sample-3558.eml,22069,2026-08-06,1d6f4d79bd343c9e8e24719578f7c9711a705d7c85447a5b4cabf114a18d3dd4
sample-2436.eml,13749,2026-08-06,35e077c1df546c84bdd1a35d92eb4b5916fc9b106d9d3495d5f03df5a1f959fb
sample-8317.eml,16229,2026-08-06,99607fb1c33f4f9391479541a5298f24d11d364b2b10a9a5dbb38256cc7a34a6
sample-4504.eml,19201,2026-08-06,f71922d2e19077b6b7d6200c24485e003abeeded4739529480eb3ab53060c654
sample-2250.eml,19574,2026-08-06,e4159cbde7ea0ae826248a49d1122226ec97edcbe6d52f9481abf78088607133
sample-4207.eml,53360,2026-08-06,e372ebb75d4199e59e2a739f40151b31a0d99531e450abbcca2a655620888f80
sample-581.eml,19612,2026-08-06,a4bcfb7a83339716aaa9666b806bac88b3d7e032c4b72624089699ff40f6d8f0
sample-2550.eml,21949,2026-08-06,3471db12978aeb7fff9b42400cfe04500e35f13f489d7fe95d0cb76ca57daafc
sample-8603.eml,17119,2026-08-06,51be4a6fe7cd6127424a304e2faa506291bb9b4b405b55ab542466ecc474bbdf
sample-5102.eml,14284,2026-08-06,c2544af20be5fbfebd7e8e9d23cc547f57ec0ad16cc88e12430d9c5147b75c0f
sample-7043.eml,16096,2026-08-06,4b965388a602837a52cfd21a4fb63dd940633d3077bd6a7da1dcd4e832d85520
sample-5881.eml,52797,2026-08-06,b5016068369cae5df80c3c6814f865b131b38e75dee1aedfa4baad9d6afe1e57
sample-4278.eml,34859,2026-08-06,bab35ff04233b480d6a43ce2b5c3458ede532acb2893ea32fc7b12159178a073
sample-6287.eml,20070,2026-08-06,8fcff5cec9f7be8d98c87269952168a5715777ffa6e02c0e9341d0868ddf5e3f
sample-340.eml,65817,2026-08-06,e4bd4df6faea2194a60f3ab6380df9cb0ca302dcf95a6e696ca23c7a14421456
sample-2438.eml,104974,2026-08-06,dca43814c9afd0f87a67c94d9dea5fbf61497ea317d8143459020b792c657f53
sample-4233.eml,11715,2026-08-06,9471331adb003359dbc24ac76233630747d1cf8cae934710649f2bcc5a2dd54b
sample-5550.eml,15502,2026-08-06,c75b6ad6727e06cf74752e5661b301241675003b43556f7f225202ca5010d158
sample-7036.eml,19469,2026-08-06,9dcbb717c8a1cc5fcb282ba90cd9806a8bc6ea25f52f9b7e37a48150cae00abc
sample-1330.eml,17749,2026-08-06,1522fb1f7741acde3b6512a879c1f771e0583a0528c16ba456782b298bcc5904
sample-5628.eml,15627,2026-08-06,ffac8acdba88ea2c87068ea465696889f13273b1020d7ff71d8d03a830978776
sample-7133.eml,19055,2026-08-06,907dd0b844e702a4ba89e065b1136b7fc36a264a1e402933b41f49ab306b19c5
sample-240.eml,11928,2026-08-06,40a9bb70f176a825ddfa424218e40626a4741a3deac0623a08ad3f6a5d090440
sample-4368.eml,12788,2026-08-06,3cf15a19db58a915379f3370f7965b7f73617897eb9ba5bd8dc1de02f1c198f7
sample-5303.eml,80422,2026-08-06,2fee397f6be947155b8f4d121b74335d8c289f04fd191163573b16de2dd2fdae
sample-3492.eml,16672,2026-08-06,6f8e1db6aabdd8cd666c29abaa434163640259e76df9122f51f3826f204ac506
sample-7729.eml,20481,2026-08-06,cdf3702dbfd655af2ae5a8129f27b6c9780d9ac0c9752e14edf4a013ff284b39
sample-4249.eml,27898,2026-08-06,cd03af2acce7c84a2873b261c911559b33c81a35bce98737dbf6f777e97eeeb1
sample-4458.eml,26665,2026-08-06,ee345dfce293901c30ecbadcbe7117240ecdf1b5aeae3d87682d04ea9fa8fed9
sample-4770.eml,22763,2026-08-06,6fc8182be02f5366936b581b41b37b19894f7f9f57d1027e6c8c385ec2e66afc
sample-5029.eml,15454,2026-08-06,fb0eccb8b9d6236c327a0b1ac6ff52897f607be47c9165f38480ef68cef01751
sample-3322.eml,12319,2026-08-06,53978d78eb7ffe3163942d03aa4fb6c1d6ae1e87748dea1d66466c826087bf82
sample-1151.eml,24805,2026-08-06,f7005cf43f2d946851c13daa76e12d6e8c2918b2d354383919f7dcec42fbe3e0
sample-1699.eml,28480,2026-08-06,d68d82d0382fcebf0e740574fc3df0be636fbe31383e4f3dcad1f79728e685f7
sample-5802.eml,13783,2026-08-06,8d80081c419394c80c88191c2e4df842111964c92050ea791589036071ff96ac
sample-483.eml,54583,2026-08-06,47d5d0db02b74f97d9051b8e396b2548c69bd69aa26519be6cae6bec27a5e157
sample-6478.eml,28286,2026-08-06,48dcbd6f95b0aaa5a9fdaa44f54a4c4c626c0dc505963c41f1cf97e925de7c68
sample-1789.eml,16565,2026-08-06,f10a6b73474f70bfc38113c54761fae5c57cff320e3f65ce7dbb9c9142a1a04f
sample-6396.eml,13389,2026-08-06,5eac16c5972131191220aeacd6377b434322e96e7427fcc0431f00f679e1609d
sample-5903.eml,19642,2026-08-06,e4e517cf583b337eed02dd4eee54aae7840ee900eabab51fc349c6c01feb680d
sample-1051.eml,172551,2026-08-06,6bfc18c5bc3883631a141c0fa3f473dc37fd49e6d3a0ea8086cb18158a809929
sample-5065.eml,28965,2026-08-06,4a0eea1338a30236e13e4866d827eadf981c03b0fd2e9641f28f55bb33b7e2e3
sample-4260.eml,14314,2026-08-06,f550b48781aa87d0a3d56955a4c7b627b679d12d7a8381bac8a01a62f3aba849
sample-1047.eml,16705,2026-08-06,a06f0cad847d6c4e6db03c56c917b73bbcd009c7db361391f834d3e48515d3c8
sample-5545.eml,15450,2026-08-06,e412316dd064ad648e8bbc294b1fa5e13e50b8fad1002d80e25c8fcd606995dc
sample-1822.eml,14989,2026-08-06,35bec695404eff797d92192b0231dd372b841fab9154d349c9ff2c0bab18d034
sample-7335.eml,44734,2026-08-06,c045df5fd9f92b2d63eba5b15ffd34b4133f70bb36c3449da07107c68ecc8381
sample-4149.eml,18765,2026-08-06,935e4a7ea7489dd3a258015b86980fbeb77565699df4e927b4553daa128a905b
sample-3455.eml,11679,2026-08-06,0d146e620aab2d6e6c7d192ceb5cb38fbf0ed9313fb7ecffe48b0c801e494eeb
sample-4452.eml,76255,2026-08-06,119a87979a81b8e13ca08b5af59c7d49bb575d826d2f14e03e11836cfe8003b7
sample-2390.eml,17018,2026-08-06,72b86fd13d7e795884c88a32a0792fef8bc26513f2cde94fa6053efec16ce55c
sample-2785.eml,25902,2026-08-06,698ed27f56b3973b83bcac73ad5d17b6f4b0b8e7e766ccd4ef812669706167f0
sample-3743.eml,23573,2026-08-06,a92e7c8ae4d9f098e9960539591b39d69189d9c29d31aa94fa69bcea0fa79c58
sample-5813.eml,50550,2026-08-06,eab8468f0cf72f4c6002210c0af69ad6483dd0c6e53b81a9c293d3197e6011d8
sample-6390.eml,125781,2026-08-06,94c313947b337f73d1dc1fd2225c3ff2b385c3cfb2225abba65f8244d14b8014
sample-2306.eml,105298,2026-08-06,b2f2b2b6bfbc270a92d7c557e10cfb3cb51d1f1c8aa2027970a952e15b0e5442
sample-5199.eml,51647,2026-08-06,4d668c8d2f4a892ff3843abff8f8840b00c9531e43d9dd6d0c977802903cc934
sample-7285.eml,26637,2026-08-06,58844bd2205b2bb0b216a16ff7cf71e857a14fd4e34798f83565d61a2fffc756
sample-6227.eml,22787,2026-08-06,7edab9ac3bfdc75040153eb261db0d764e1f867f3da1d13f36ff2c8a141565ea
sample-807.eml,46725,2026-08-06,0722f67f3a10d784977ba8c8891001a4807a1caf628f6c17b47ceda57b4b4220
sample-2492.eml,13069,2026-08-06,3024b7525879dc8bacd9baa7993f188e6aaa9c36efaa8c55a15f5d90ebce3648
sample-7237.eml,18960,2026-08-06,7a39952b1b412ed2a6171d4dde930cdf0e29843424e9aba9563192b46c98ea5b
sample-2277.eml,12622,2026-08-06,1ee15b4795704fa03c8922f0ef4ccccde86aa5e2a8e09db5c52fc0e48ad53441
sample-3796.eml,27000,2026-08-06,83983efd838fe3f5ab065cf0caaf4fff86df2f7c70e1f8809f9d4ad4dccf40fe
sample-8300.eml,14387,2026-08-06,3e92b63520b860c6973e604d935b89d1a0a176c27cf203bb632306e3d73fef99
sample-6280.eml,21814,2026-08-06,5789f987f3316679507d5e4944ea856227b2d540a7bcd60feea12f6d8c889766
sample-5424.eml,14245,2026-08-06,0b0166470b6fefb0e8ec41d0343b7363e196ebf2933e2aa8ae492d7acb013168
sample-2466.eml,34109,2026-08-06,1328cf480fcc0748c56204073de685363489ec839450c01001ff00741ebbab35
sample-4053.eml,26245,2026-08-06,df08c0d0efc9d093ec132acb8bbd27c6af341299bafc143ce7783c28acfdb81f
sample-4122.eml,20911,2026-08-06,4eda804fa8d1851aa6efbba2eaab4ef794f7d92d30fb381d0c8877565947353d
sample-3394.eml,46570,2026-08-06,8f74c1025c52dfc498c001bc71f340101c93ce7f25d1a435b560c757119c98be
sample-586.eml,8957,2026-08-06,59ae78afe451b9d83e249661624f7f25c7bab6a93109cfe62031afcd3fd2aa12
sample-1657.eml,18302,2026-08-06,39db4bed614409ae59db235347001d400ab0d53ba93f58d6411bce48fd344e80
sample-2321.eml,19414,2026-08-06,afd776995cfd6dfbce605593224c9c23e77460d7f474b98b5fd22026b715657a
sample-1321.eml,25319,2026-08-06,81d007fbbab9a1567e0f6e1d3ac7d26cdf1398b24ab37e15da378d861a4d55b4
sample-5976.eml,19927,2026-08-06,8260aacfd8820ace288b566e768be7102340adfc586bf11fc75a7004462f2bfc
sample-3257.eml,22876,2026-08-06,eae3bf82acc7ce232b0e93f61ab9a713b027c372c3329a33782358066a2ccc58
sample-3349.eml,18185,2026-08-06,4b502be47f959645073fb8bb6168c95f1e7c48001f7e92835d4cb4cdc7f0a0c4
sample-5298.eml,34403,2026-08-06,e6be851d8ec19ef70a5a9c432855f7a3cf777ce75de3d592873365046d28f981
sample-2642.eml,104700,2026-08-06,0752d778c48da86afba3935420e6c8c51b05e4d417fb77ae783ca637503bf928
sample-7867.eml,18267,2026-08-06,3fe6b74a202020402dd99a87ac7968a2b982b175e1826cf592cbf20518ef8764
sample-7014.eml,16038,2026-08-06,2a663d90135112879102f2b6c1ccceaf50d17c07f8f4de2bf6a8964330d9f01d
sample-6124.eml,27242,2026-08-06,ec6c8bfa6776248a27f2220c63a215a4cf582ea1fa4fa94ffa6da707c17f0a5c
sample-8004.eml,21726,2026-08-06,b1b8027d02711d65cc3a2d813225d4254e2f580ad659908b76aa56affb7895fc
sample-2730.eml,51953,2026-08-06,af936df2316a4e11877be09df0b9edd1ce2fa589b4762583530d0a70f7ec76a1
sample-5088.eml,14969,2026-08-06,ea937739ab2dd3f302ec2872c8adc8532a3c0a1241f3f8f443da1ba8a9984ae5
sample-6228.eml,58370,2026-08-06,20501d152d31704c41e80d9cc57c83a4cfd24472292c785eb112aa6862ef592f
sample-3849.eml,13551,2026-08-06,2fba40b4bd90c036f547afda80e9be2d41d12b971d313c90ed679de311f3209d
sample-6420.eml,72490,2026-08-06,57fb149b45a4c104bec2301bd39a747553ebcfad9b15a5373bb77da437421cc2
sample-5629.eml,32506,2026-08-06,5de298ab5bb8ffe51f59b4b83cf73457886c65b4c9e008b2c07ef36757fb3898
sample-8058.eml,14018,2026-08-06,633ce82fd2577e4687e7102edc88b41e03acae8697600e73564f276bf832dea5
sample-3675.eml,29764,2026-08-06,a307d7d0ccc72d331d0e52b7fc71b806217e0707f70a482c768eb53309d2a0f4
sample-401.eml,16350,2026-08-06,027f1a80ba8c31de0297d2339f393676f14cf6448aef45ccfff0179630dee0f6
sample-6587.eml,18307,2026-08-06,73b009579e132b0ef2ea5369709ab87461dfbcbd1c0e94f9868f365e30080d86
sample-5592.eml,14052,2026-08-06,eacb83fa5605fe6403ed0ab71e845fc3420b1956b71022a23fa06c0d5312fc59
sample-8109.eml,475777,2026-08-06,466145f33f8cda50cba60a954796dc9e70a8176d10982e4f8b09817e3ec5d1ff
sample-6121.eml,51376,2026-08-06,e7d9e474c6975bf8240dbca46409e29c3fbfd5ce2a0ebec3c45c202a475a697a
sample-1505.eml,51233,2026-08-06,9db360d9d5de259f5d4b56652c4a2e4afbaaee4c03aba32324040c0f275fdd7e
sample-132.eml,10916,2026-08-06,024c35393d1b1b1fc121eaccfb26799ee8a9f783321b94913779f4940b87dde3
sample-1087.eml,15706,2026-08-06,bff89bb2b1e369e3e28c97723f787a42b8b03e1a239ce589ac94df5d3b717e9c
sample-6352.eml,20572,2026-08-06,6159c34718dfe959b613c8e8cf4818512be2ab5b866a2aa6ca043be61ad6fddb
sample-1467.eml,153136,2026-08-06,98cfc0e55a9ef84fcf7aef3de77ff731709d25fce96c9705c29d4bfbd3862675
sample-6362.eml,25016,2026-08-06,8f13163d714b561e1b3e652b682858826bf0a6362bf178256ef8bc3bd2df2d07
sample-7528.eml,20277,2026-08-06,2caba25b1198415a627be3dc7fa5e8104713f700188dc8a44b157e6dfb3268c4
sample-4282.eml,12408,2026-08-06,98b16bfc8987eeeba2b148e4d5105014db68f2de7253a427bd08feaa767c7101
sample-5615.eml,12681,2026-08-06,fc7355621b7b0bf3a283c25d8e9290cf56e6bd2215c4de8365f210175f59a5b9
sample-7969.eml,13138,2026-08-06,e1befcccfd19b07a97d7893045589a3b923f0ee450926e82ad3f23b0547c297d
sample-7576.eml,54370,2026-08-06,9a3f7237f9e1c8e19d5b94493fd22de13f406fc8047b27ec55323efa27d61551
sample-3159.eml,317091,2026-08-06,48d399a4a3f89d10f47953f41f162c15426efd174696c80e31cf251ca1d335bf
sample-4480.eml,31543,2026-08-06,e3a6a43642de375fe4d5b57780d87942c481951264fb817eacfbc754c0ff89e4
sample-7706.eml,24851,2026-08-06,926f95741306a900df60b384887c8f828c04d9b2a1b33bd130083e6e48fac92a
sample-5667.eml,14729,2026-08-06,45eed31925fb2e86200214bece7a189601f10a186ec292b519ddc9e46178e58f
sample-4496.eml,13718,2026-08-06,f7485eff3b3c9a8d3326011d43cd9d1bcdc155f231ae80c2d69f7fc2102a62db
sample-2546.eml,105556,2026-08-06,7aa72d80c4979b002a226b28dd6ca5b2bea1dd51df234aa7b80c8befc0d9b3cb
sample-1215.eml,21818,2026-08-06,173430aecbb3dbe5ab45a8cfbdad7fba4be28816261f38edaf44f152cfd2bfc0
sample-5425.eml,14744,2026-08-06,530c30c1af983a2a68765269f9a19fb70ea8e20c34306b05d3c8fd5a2363bfa7
sample-3715.eml,28532,2026-08-06,1263940e7d7e5bc407b1a9e945ace785e289f020a935ec20c4a2c70c2d727fb3
sample-6762.eml,31155,2026-08-06,0f19b3e110cd6d5d8beeb2f36154fe10a227348a275d380ac6a6eb5fe326b4e4
sample-1002.eml,25258,2026-08-06,8758784864f0d805829c8008d103dc3a534258249ec89d3cf8b9f780d624b979
sample-5285.eml,19060,2026-08-06,a836886aff212ea7315d977f7b9bad5c93ef93e6da904da214092cf720a5ef9d
sample-7292.eml,19916,2026-08-06,f584bdcfd49a5d31360df710228f449ad5202bef3c5c206c77a5642154b9ca06
sample-5162.eml,17142,2026-08-06,a6ab786c63fb5684fc7a208a0af199cc316f7921b5cb55d8c47dec80d261e8da
sample-5482.eml,11526,2026-08-06,c4a2ee0589eec06ef6e4d029bb8088dd2ee9062d2216787cc33f8c7bfcab11d8
sample-3531.eml,12202,2026-08-06,7b9fa55c08260459df3be21e6f1d26f077fa69eeebed3f1a9bd97fa0a192f208
sample-2559.eml,25443,2026-08-06,af0a59fe48c0a231b34c84104224ea7f19fa89145fd45b4fd8e6fa9ee009a290
sample-1723.eml,19800,2026-08-06,5d3a9efef0fd5aa67db50b0e4bfac8872f2d47f7c300107dfab0fa68f0835c8f
sample-7619.eml,15440,2026-08-06,c7364c34685311e810f9e61df632ddbcf432909b78cc0120ca7585b14aabeb25
sample-4957.eml,40976,2026-08-06,cb9859ddd33a5549062b5a27b6a3768c1e63cab3070d83f7986d04365449225b
sample-3982.eml,27355,2026-08-06,29a985154fcee707b0ad0a92ff30681e0de11339a52b183600e17568179a6fe3
sample-4553.eml,37579,2026-08-06,787be054fae751d6717d7109096755134909bbc7797bfd5bddb1a3ebcc2a7bd0
sample-6959.eml,23069,2026-08-06,bf90069ae585ec87dce42078180aa1b76c04c2d8694bc11a13e3ad142383e466
sample-4508.eml,84618,2026-08-06,416c276d7d1cef4a42e836baa14c4aa8d391cb65360f36f5bd12d1fefb656426
sample-8305.eml,469181,2026-08-06,7ec125c3e377f5bf1f8b593543280e07601fb494a9faed6ca106ee3935ced4a5
sample-1721.eml,17798,2026-08-06,363dced7e0850a094b67c6239f4b8126b7026aef5b80effc531df004ad218f4b
sample-733.eml,296318,2026-08-06,2fc57dbbb3ac782419296f128c43657269bd2637725a4b526f8c72e17cf7ce1c
sample-6113.eml,23677,2026-08-06,f286578f281972701312cfce3db7c060bcfec608ee5423fe47b067feb7df2959
sample-5819.eml,18591,2026-08-06,246c13b0b39d67c2586d9bf1adcc575f85ca58d7b06eeaf3221248bb2767ab83
sample-7965.eml,32422,2026-08-06,3b7a068421e115cc024861cb5b2cb7c6928874f7c5aa310a6a309daf765c09b7
sample-6276.eml,15695,2026-08-06,49f0b254b6cbe19b53dfcdb16e5765e1a5a126805d48e74f29a60be5fbab9d1a
sample-6489.eml,22259,2026-08-06,dfd15e588abb26e7608ef6866ec001bdc08f4f7524cc544a11ed41dda3e135d9
sample-7549.eml,22038,2026-08-06,565ee2f161bd8a5ea6391357739e51e43462f2de38058df4a10fe41879c03f63
sample-49.eml,17555,2026-08-06,d1095ad0271e2bada8ac1c7922d46010792e514a4046b4ee775e7cdac8fdcfd1
sample-3975.eml,11344,2026-08-06,a25362336f809f7b53a776f328fda0dcb95477f2c295021393d88be07453c34b
sample-3448.eml,18759,2026-08-06,9edaee126f12e29452a0fe91949e41dea6f0890897f716c00b0633d21879018f
sample-1795.eml,18224,2026-08-06,2d3fdc352868c0850c48dc88000887bd50b2065f44fc844e27465cfa6c358845
sample-6768.eml,36866,2026-08-06,20731b7c049c32a949e540e9ecd89c53e168f83fe65f755d7dab3ea709e4e590
sample-6213.eml,24689,2026-08-06,76e7fcb2d088a2badce5c890c1b9a429c38aeb7740a842887b0c4f52bcba9e53
sample-6408.eml,18505,2026-08-06,c5696ec1320eeea7026b96d8ff9a53a4dbf3a6d908366593b0e78980e92a2936
sample-4102.eml,19850,2026-08-06,768ab05fc78684881e601e5257d6f41bad8733661aa0fad21c384f35a7463c21
sample-6037.eml,26877,2026-08-06,04a5301578b3f29d5f8dbd697dd7dd9da788fb93f72d6c282661cdf196796db6
sample-3341.eml,19302,2026-08-06,fc654b7ab5b5a5dab09da1004713e21580c475649a156f7e722d15a31db2089e
sample-408.eml,63447,2026-08-06,2973c3e4287d0344b265d4ef83d3a04f64b6c840d60bdd78482b4a41cb167053
sample-2083.eml,23968,2026-08-06,55a0f6a21ca48b4d9675549866fb54bd12e9fa0b973ae94e108d0e6d237340ed
sample-3746.eml,27899,2026-08-06,3a9194e769d19919af9d0a80efef79ef574d49ca8cc87c9f9ee3e962472faec1
sample-2754.eml,19479,2026-08-06,ab962517ed026fab7811ddd6ad9c157ba57c33a1eb5ea3ee0ce4a17edc7366da
sample-410.eml,11371,2026-08-06,9625b952b198404dfcff4b78169d9aca6d72c0e1139babac4fa05f4f32db8c5a
sample-4133.eml,20483,2026-08-06,f9e5f7dddff7cb6b690c01301980dbdaf77c8c47388ee27b48e80e996d71aec3
sample-1032.eml,24928,2026-08-06,77b8acba998a24b3ee9050cfb1ddf3799f41bc116567936f32d98f52b96f32ee
sample-6870.eml,19448,2026-08-06,6987994a1012214a95b6ac28a3ecc4b658f7c2ca46bf303371fb183792895406
sample-1681.eml,20362,2026-08-06,94abef6962311ebef92941217508b5b0be8af4ee22feae699e07daec028b83cb
sample-3786.eml,29621,2026-08-06,d66c6370a68853eec152d0a83655907f6b86fde76d24b61812902bf5c5d56148
sample-469.eml,30636,2026-08-06,8c284a586be22d2afc5ad00dda9b5a2cc9536a718dc4a08c76f312d57a1810ca
sample-995.eml,53076,2026-08-06,26128240d782a52c7cf6b4ab75592aac1f5c1921a8ac1f6354a976943d6844d4
sample-7002.eml,16737,2026-08-06,e5cc6bb1032f71bf998e56a4f6fb8d7c773ddf93992aac5f68693195688fbe36
sample-1323.eml,19027,2026-08-06,7fcea393d1ce38ed9cb96dfa354cd42d6aba926f858f7166973a5c1aa4d9103b
sample-4253.eml,19272,2026-08-06,7dc21a0adba3e25a1a46f491ebbcb4bb81bc922f0c885eb297c6fc43a5a99bf4
sample-1925.eml,24958,2026-08-06,22bec90bc94383627496ef217185cb0ac7ad3e7a03a16533d085fa393b3dcd22
sample-3658.eml,20979,2026-08-06,9dd51f63ee740fd19d4076f74237d3a87c72c1b1ef69b0e0a30fc6a8a978dc70
sample-2010.eml,19845,2026-08-06,32f87c7cf56e5a9b06abbc21f6c0544e7ae3cab36410d73b5d3eeb48bbe91743
sample-6199.eml,31503,2026-08-06,47e1f6cd66cf13611c74d63e9ccdad6e720dabe4da260c31947267fe5d473f0c
sample-2221.eml,16427,2026-08-06,1ba9afb78b4f31e8cba29618e940ddc0fcfea4e32c1a32a9406dbb02c3f8e74e
sample-5443.eml,18157,2026-08-06,0e462db87524a1678a194d2da55413ecad9c74eb6aa9c8e1ccc7675fcf60b9ad
sample-6429.eml,52175,2026-08-06,0645c1d6075fa266ec32f097ffc51c8b692c2d489ae602c5c1d7c58915230ea3
sample-5209.eml,12440,2026-08-06,55dee55d5c22e99d75e88b4ce594e7f30c02e932023c91f1a6403410b2a48b46
sample-2230.eml,20697,2026-08-06,c0cf8eff391d31ad1bc814c53b1a1832994adf853c2b67a6fae9813f00b20f29
sample-6748.eml,23632,2026-08-06,0d883ebaac293880e5321f9d5740d8c98b0147fd9e692d37312c9a91463e808a
sample-3971.eml,29714,2026-08-06,19b027c119d5c546c8bea031bf012df816ecc8f78835dfaf4497c5326e0d1068
sample-5688.eml,31809,2026-08-06,fe7f789430593ee4db14647b29a9e9fd12e19a684c180a424ece6fd4d09270fb
sample-1998.eml,104930,2026-08-06,11dd236bc901fbce99274954a87ae055ce665909031a5b736a38796e0f0da880
sample-3611.eml,27102,2026-08-06,569b68432b6ceea06dff9edf6af43e5f8bec3d317a2bd1499c16d4bf3dec98eb
sample-3757.eml,11831,2026-08-06,e46dcf1e829522d23ae54770ae8f3ba203e3e45f5e4b3ba9314de5022571c41c
sample-939.eml,24762,2026-08-06,2fe33d0a0d9a7b0aa537f404a6fbbd0d28e5956e4afcbfe7c3f551f668756f53
sample-7417.eml,50856,2026-08-06,e410dee35e39fd7ead838d44e3354055716e4120e839294ad0da72ea7f47a130
sample-4422.eml,101883,2026-08-06,95bf9776e5a74e2aa595c0033f3791bd782781f13dab9e5c1995081c09e1848a
sample-387.eml,15023,2026-08-06,59ce1364a714279754f9fa3fcf5ce286d07bf76dec865ad3665b5a21519be885
sample-7060.eml,20064,2026-08-06,97281b05fb14043c64d8e8a34df7d47e5dc699a3c1be5a10a600b0d020b298a5
sample-3045.eml,19584,2026-08-06,fd0ad86361c68797a5395c7d57925887d8bc4f7dd0bf0fb643b25cdfc5ff09f4
sample-1498.eml,12076,2026-08-06,f6f332f542679e6a2440a5084730c490cb4fbaa0b2b185bb53d792c278495807
sample-1256.eml,9812,2026-08-06,0f4f10315224a89fb70bfa9c33f2e62ea39b531d650999f38f18991da64d9210
sample-5964.eml,12602,2026-08-06,e119cc751ea517f13c4f898b58325d0aec501c1bf5c0172fe786c896b9fa81e0
sample-45.eml,21293,2026-08-06,49cb02c26ea2933451e5e931188e8c106c2ff6ac63664e42975786030647ffd4
sample-4685.eml,34739,2026-08-06,2705bd6a228523419128feb970503298e9173c0fe02e1917f4563aaedbaba953
sample-8234.eml,480095,2026-08-06,84d36e0692e107ec03c826b1f8606e6959def0b66c92880a26c21b46e09dc888
sample-2543.eml,25221,2026-08-06,f0432a2fb1d73e85f9f59dd872d51a7946e9c73d8c97f5d3aeb18e2b82571671
sample-3894.eml,29306,2026-08-06,56740387443a58009601fa72d39607720a6af725d3587d815c6052158b226f92
sample-7573.eml,24109,2026-08-06,5cacaa5b354b338b886d5591e86776247ed002ec9dc3cbf9a7d03d5e122b819e
sample-1031.eml,25055,2026-08-06,f79e6a19d7fdb4ce56f1c08529bd02e94374761f1061e32197769763cfaf24e2
sample-2598.eml,13062,2026-08-06,6ac6ce07b836f697d1eabcfade5cd65de42c222fb40976fd7efa124ab2276c9d
sample-2901.eml,20710,2026-08-06,1ec0768d944ca7109229953b7057ccd0551f8b60e0acc8ffc963da39af54a11b
sample-497.eml,9443,2026-08-06,5dd66f3cd852af819d194fa6e3be64885b13f31501db2a4bd0fbd1ca11cf9973
sample-3674.eml,28498,2026-08-06,a6c2970843f633454a7f50eef7504beded9ff6dc1c4b97db9855bb5f5f3a995b
sample-4905.eml,48624,2026-08-06,1a7b90c851e87e99cd908bfac9e975e2b6c6f636a1196cea582b6fc48f8bdfa4
sample-7765.eml,41279,2026-08-06,b1a298da8cf7aece1e1cf0c592a076331847edf88362acb87fbe0f13136847c1
sample-6041.eml,40496,2026-08-06,f7a06fc5cbf03d2a935ac537ae3928c38f7c2e48427f8646d9793d93162a32b0
sample-4600.eml,39326,2026-08-06,af081b7795ded61802c5c165587e5ffff107df95258cb61323cb5628544c38a1
sample-3926.eml,14334,2026-08-06,8eae0f4423491cdef1162552a1346da5996f4bcac63e1d463fc1ee02e51aa2d1
sample-7454.eml,33269,2026-08-06,135dd94e30a198a409b05c62dcd28dce05b91426cf52e2f204f7fd95356df5a3
sample-6072.eml,12124,2026-08-06,ea12f81ad68c4f186b5d2fad291629d8769f6ee35c85f1ecc38c9f3708bbf2a9
sample-1192.eml,22565,2026-08-06,394820a78ab8648a3579f3b2cfd80f99a43ea564cb85787fc8a3bde0b72ad51c
sample-2520.eml,11766,2026-08-06,0e460f9c5fa568ff55448b805e234310a290eaf77e540edc3dd0e4ec57b8b4c1
sample-5705.eml,18890,2026-08-06,24e4ab6babd43b47c83c3254855a572e637165010b68551359c0a58ab591f2e6
sample-993.eml,28435,2026-08-06,1d362303fa275ef8390555ac475f2d222f9be14528f9bfc6826e30f5d3888487
sample-7609.eml,18856,2026-08-06,5043a7ff8c82778cace4c9a93c8424843158b6a7535628db647f1659c09c639d
sample-3307.eml,453662,2026-08-06,62f7d842cd253f7348fd5c22a39e93ba04de586bcc3a10c1956d1822e3a75e60
sample-7598.eml,16279,2026-08-06,445b0350b014b055245de153b04c5aba1ca05e66c7b2cae9b94ea000d1102052
sample-6570.eml,289495,2026-08-06,538c73f1cc9f66866cc2044184e3f1dfb6020126c266409b5c0a36067ea8bd38
sample-2950.eml,15298,2026-08-06,03dae028a8e1edc69e891086e6d02926cd7717f775ec5d051b7640846cd8019c
sample-8044.eml,24359,2026-08-06,f4c2af3f62496bf86a2155798db6589e6a02a1f107becb4e30fea2892b800242
sample-7363.eml,18334,2026-08-06,e64e4c60b2a95535429735d34e944becec7bbeb8c28be6bcb5597fa7cc2d349a
sample-2912.eml,13983,2026-08-06,131d5dc579e55d668f0dce95d0f19e9ca13bd2e186ef3383335319aab3e68f85
sample-5910.eml,12591,2026-08-06,190f7a8835767bc1c98a3ba98d58eccfe34571b3d16e85e340fb4b98d55787f3
sample-3505.eml,20952,2026-08-06,17fd79c644ef380d567a19cf9b8b09de8bbe7443dd8bb7debe03d4c8cc7841c4
sample-6019.eml,30366,2026-08-06,c5c5b1dc7375c79fe48da36befb350eb5e2399bc2b9c64b935f8cb5015527f5c
sample-1948.eml,46975,2026-08-06,d8b42d6c3eec0d9e84a3ed29cc0897eb849b93a5d912ecce0b0be3b4fb552483
sample-2540.eml,21774,2026-08-06,57aa3f2e4c33bacfb83ae4393175cd004a38ccca1d2c0b52cc6f5dbebac01229
sample-4805.eml,16111,2026-08-06,bb53862796cb7ce441b56cf3522bc9d0f62eb35c6592b2b883bcb864c49e5846
sample-7289.eml,19666,2026-08-06,50e7b556832298cb50c472caef0142bd1b4865a30fde14b5befc7a174498500f
sample-4412.eml,16064,2026-08-06,441ea3b27ccce5c34a1831e80990e49e44151e4e349edecde962bb6cc257d166
sample-1324.eml,160919,2026-08-06,8bdd186f74bfa3bb3a238096629fa525eb21ceedbb199f65becc67292920080b
sample-3501.eml,31480,2026-08-06,6b4d3e932abf24844fc978d5ac152ad28c3f9a70af11bebf8f7ebc02e66eb27d
sample-6946.eml,19962,2026-08-06,2d812bfd0d5522dda05310addcc3fed277886d1d75efcd4b784400196afb9a19
sample-1460.eml,8797,2026-08-06,c9eb662a7e2a46c0055a1ee7e350fc50fff8d43105affe9d045f718f36a99935
sample-1531.eml,67352,2026-08-06,c1a8cee1bd150930cd719b7a62040e3465f89ba7a2a27aac579d42308daa8d0d
sample-6322.eml,11246,2026-08-06,0a39db0be067103b0890a6de548aaf80a176c582ae1c09c3210458691d37e351
sample-5580.eml,17598,2026-08-06,879f39de47ce5966d2efbbc716c1fdb646833be70c445d842858fe97fba1a8bf
sample-2506.eml,18506,2026-08-06,0e8f803e41d47584fb98388242d0e5bf24c55b7ec4b43f596673fe8a2ab578e7
sample-2529.eml,15342,2026-08-06,86029d89626158647cf7267b0801da67b9581a66db399689a689df97990b43c9
sample-2478.eml,7908,2026-08-06,be51d3c4b8eeb06bda3829d92b827bbae009d96c566d0d80a7427224005e871d
sample-8073.eml,21217,2026-08-06,b03dea44b2e484f47761a1a8f90f1d339d40ae178ae0a18e8aa779d2e75b9235
sample-821.eml,22604,2026-08-06,c58c7197c03ed56dc6b0a1d5c761f0d1ad0fa654c7b5439bf5024c2819f19749
sample-4693.eml,24688,2026-08-06,f6d75507fd9e92700c28b6d91d27e4de11c4fda296027c086d78cbbb823822d2
sample-8046.eml,16547,2026-08-06,bc9b13e93ba3a9f494fd7f9f4970dfb5a099fddee0b08057447536d94c8aa2b8
sample-8107.eml,473481,2026-08-06,06c088df7a1bdf3ed6caf332da310913d349ab766451eeef4475c79243c28fd1
sample-8061.eml,19109,2026-08-06,1183f0ffbe457b9f17779696524650055572612faf061d567362fc6ae6df820a
sample-37.eml,43851,2026-08-06,5f995e70288bb0b9c0e1aac74e225942e9475e5f31b9b4368773a1f83e112a6e
sample-6951.eml,19728,2026-08-06,c42b568ed017cb300be4c5b2bc86d1a37ffa9cbd912f66736422a6ea06fd583f
sample-6975.eml,23304,2026-08-06,ec1f5347cc61f84810d77261aab5a00574fd3be9432441f023a6d0a675cb4b1c
sample-4934.eml,174472,2026-08-06,d77c8664ff7abb4c5f8cb9ca5f255c918c56bb1f2aa93b1c37957fea9b292dc3
sample-8085.eml,476032,2026-08-06,cb585ccb8c2c8a3bea72017fe344f8770fede75e820bb8cfebc6127170b3caef
sample-1981.eml,41907,2026-08-06,339df66f35fd2f9c4be2b9af2e586df0b79baa20e186b5cab8091ce2414a9582
sample-8261.eml,471975,2026-08-06,3a452bfa931df2d6abea2d9a4fc3f38f1f0399215e7656c89ad44a0a773044d4
sample-3527.eml,14270,2026-08-06,847f44b05d6eeaf2ec0ccee882931075624ed8d15a03e9f0956d3b13ee3cdf17
sample-3909.eml,27407,2026-08-06,18085ef247c2969578a849dea57ee06199ebb8118dfd1aadcf0524ec3c0b1580
sample-266.eml,1630234,2026-08-06,4149ba51d1d96845590b2de0ecec7530dc6dbb8373032703742e8a9352814b7f
sample-2057.eml,8848,2026-08-06,34c7804741f5c359e3a3d1d06d1f7ff9995aec159c6d4fb1ca36886c08152459
sample-3831.eml,28997,2026-08-06,b99415bd35af7fcb04b85c77ee59a7c682c5d1be6fd8307d4d2d9ce096afdee4
sample-7805.eml,21002,2026-08-06,beb3624223bc46db42a2ad247ef6fa989f9f4f988c5ef73700578c8b3842f951
sample-8334.eml,466841,2026-08-06,b10e4b260192115a5318bd6397be891f284ce364872cddfe148034b1bbee510d
sample-1370.eml,30651,2026-08-06,3cd96d498285cca991c914c116971c1b62db01284bdef61ce99649a3942bd802
sample-976.eml,50890,2026-08-06,bd27d811246fd5259100c4bb19cb4e13b33cc63e0304ad40f8213d51a95b789c
sample-7710.eml,21263,2026-08-06,67e850eb1f7aa32fbcba4918dfb6178513a5dfea8c5d00caf3d51466aad90c66
sample-7854.eml,21310,2026-08-06,9617edb6534c3bb7d09fc14a03b3ed0e0ebe3bdbe4d2507144fc6f845e239176
sample-2283.eml,106819,2026-08-06,69b86dfaa880c9a2b806ba56f22facb0311b590bc23a17556b40c9d95d92c008
sample-5855.eml,17683,2026-08-06,9dbc1c05ad01094dce6631761d9e91c050a13e04b724b9019d88a340ee9de0af
sample-4529.eml,16005,2026-08-06,8fd900d7dd7d617a60bce58a6d67e61087c7c7113d85fb50ce44451940156765
sample-6226.eml,24109,2026-08-06,c5041647f9cf0c105ecacf97eb57dedc6422bbc1f0b09ec71a24312bdc325c46
sample-5887.eml,73473,2026-08-06,abc406866e0d5190a626559e33b45093daab99d6a7b1398f2f1a02c68163c3d3
sample-8025.eml,20815,2026-08-06,1f5a505792980cec8a8c013d4312959c73bae0d9c75343e5829d41535ff89274
sample-4640.eml,14206,2026-08-06,6782ed1e8ebbd2e468f22d379d7d1398b543e3bb76258f24feb7ded979965273
sample-1337.eml,14792,2026-08-06,db7a427e91658cdfc5acc9b9025450d9300df600c04cf7ad9c30484406f6abfc
sample-3123.eml,20242,2026-08-06,b3d3e89439ee7f7118e8781c63ce9a3a6b7cb1b5bb057c3c37e3be0f51fde345
sample-3912.eml,27679,2026-08-06,d6a13d40d7d95024dcfc5d77468e688a29a214a9ab1f885aad3818304fbbe3d3
sample-8326.eml,13319,2026-08-06,d1652e57e6a1136657bebc64ef2c0151ae89c51f9475763c84d06a3990c157cf
sample-7488.eml,26872,2026-08-06,1307c45fcd2a504682a6b46e336a2e7699a5c196bf5e4918d7fdc33ddde2de2a
sample-5631.eml,10550,2026-08-06,a8de768e85fd524bf6f15999098350ab70ebbc89a99b7e9eccbdf77e300164d7
sample-7029.eml,21862,2026-08-06,22b9a85382f45b548a43159b94a9fb3faf9c18ad7f73757f01114c341bca5372
sample-4857.eml,15230,2026-08-06,14df11fced88f5ab9544e5423f92939393f8688656db4aa223b2ff409b67f454
sample-6589.eml,20276,2026-08-06,a799ae956b502dfa4fac3ec6e53b5712760b608c6a81606c6889a55cdef6a20d
sample-6878.eml,30953,2026-08-06,d82216eba793082b683a6689a3bed0e77d55d46ecb68d25133da27345bf334df
sample-1266.eml,162065,2026-08-06,cbcb368fdb1e5f01de867376deb9eaa27a912c594fa597260c9a34226fcf02f4
sample-8259.eml,474326,2026-08-06,dea9409d0997e4a8ab98ec35760655f3733ff9ab62499ba167d161035dd34393
sample-3981.eml,33932,2026-08-06,b02f9a8f6eb4ef000191ba652e10078a02db303f8b0d9e0b5bfabfc947684aa8
sample-5243.eml,18194,2026-08-06,b83dca51e66348cffe6cedce568c6552efc459738472a6131540ff01cffee6a5
sample-3156.eml,18860,2026-08-06,b88821e935887af73adb0a7046ca419fea1932ce3c35cef05f2dded36c4fba9f
sample-2410.eml,33328,2026-08-06,1a0c149d1c555758d4b942a246b3323fbaa4e47376becb31e118f566a2547afa
sample-6183.eml,22772,2026-08-06,63635d31eca4b7052dab55f0788678b5cf3549c474d77e57232e951861a0fa73
sample-8313.eml,467493,2026-08-06,1d5c0809c671534e530c923fad1d03297bd25fcc6f7b8a599b4e003409598ae5
sample-4995.eml,41016,2026-08-06,cc900bd8cbd121f6447061484e8f73c3f577a24eac6a8b39b5fa172c8f3a72a3
sample-8556.eml,18935,2026-08-06,826a84695d384db6189b4d3f1aa0be9ab5b999530add3c44fc52fed32e27e033
sample-3774.eml,12721,2026-08-06,269551811d7096e9bf4a251ffe68ae38e168997c5db9ae47442cf0e862fa7966
sample-3239.eml,69980,2026-08-06,8d8ca1f6ca3c5e98a51ec1b31f35a4a70494998c5b0a567bd2da4c9ddc36df66
sample-1816.eml,15937,2026-08-06,500139057233f5f2b8ba91449d79dc17fc64c70179c9e69d861ddf4ad2c0520b
sample-5516.eml,18778,2026-08-06,ff0dae9b6d1f7896f010f51ad86a89003005eb119e9eae9b87c3d081216ac9f1
sample-4588.eml,15017,2026-08-06,ab96d1a616223cd8b2bcfca1f2f956c6d0c8f2e7c7ca224d2dc03071524a326f
sample-7905.eml,21760,2026-08-06,f1d33ede71c09988b3aac9c17435196d4ab69043efec419c77251d6a71dd1243
sample-3744.eml,21218,2026-08-06,3a476d114c2e605234841aec04390dbe6afe8a2ed11d00aeb57b3c109d4ce56f
sample-796.eml,46346,2026-08-06,12104a04368054a1a1da471e7296254f16ada55e1d4dc515177002007bcc4213
sample-1584.eml,22379,2026-08-06,48bb39368456730fc7552bada28b1667058af94a0e122c7e9b02b4e0b0670ef4
sample-801.eml,46035,2026-08-06,fe1afd98fc0e9719a641c955967152af3556433571f41bb039366e269c2447e6
sample-6159.eml,116497,2026-08-06,5a8653ae0ed4edec69a471cea05dcddb5271a5c0bd1d9395610d38d681c442b7
sample-4489.eml,35249,2026-08-06,3f7dd20b08f17ecb6e325f0e3099ab052b84ef8b888d17902d7eb4f492b6cfe2
sample-164.eml,55473,2026-08-06,080440bcd31dde98994a1980a0045986ef54c2c5f83c45815985ceecdc081486
sample-2524.eml,10743,2026-08-06,37244850bbeae8861a1a310ed016e10aac76cf62f70c8a5958f4ab37be930322
sample-5541.eml,13153,2026-08-06,c8b3dba6ca20190e6e78d59380ff7b46bd3445f618c2a8c2805747cd5fd59e16
sample-73.eml,57476,2026-08-06,7cd87bb878a309cf28c8ab2f29ecf1b53034bd5fc73ecd05a4324976475215d9
sample-3750.eml,29896,2026-08-06,10b2027bee40883086d50cfbe786a1b6322550bfa0fff4781f5085f4a83fbf78
sample-5093.eml,18031,2026-08-06,f0f03a175700883e3354c5a9dabab78b472e43a216019d54e735a2121d00e65a
sample-5984.eml,21772,2026-08-06,4ad3c4b04eb3324149f33956ecb077dc569adf9529d2a22f5fa7b2803f5fb8d1
sample-3583.eml,13133,2026-08-06,89009d23908753bb7e7a421c24be71c22d5710a007a4493c100f2e7013914e85
sample-7791.eml,20191,2026-08-06,7c88e8c8010a3c2bbd54f54dd3fd37d3472bd1def1875b3fbd4b7c81c34d4a17
sample-3454.eml,35993,2026-08-06,3705c581e19be11155d7fa4790256fb2ff1d24c4bca1441a21f51a1a09a2d6c0
sample-7402.eml,16951,2026-08-06,50f43c167e93a90f23ab98f2ec4d946e8d455bb6ba63859b9c69b7f887f3f772
sample-886.eml,1893823,2026-08-06,64c9e74eb23526ebaa12167def788680f1eed453f7e411e3bebd08f16231b534
sample-7457.eml,26678,2026-08-06,d3bc0cc85504459554e20647fd5012feff16dda2202238635757cb8949b4c78f
sample-3438.eml,10009,2026-08-06,3a18db2660a8c4ed6fb12618341984c467f2006120973be7d33e8c429a23a2cb
sample-1908.eml,15596,2026-08-06,f9a7812adfe040f3d9f3b99ab902142b201e321d7b7c009a3bb498dcae4e4672
sample-6495.eml,26066,2026-08-06,2213f4d3a36101629b916d076d700d36dc02fb9ef5375cdf9a47d303b4746a40
sample-608.eml,45835,2026-08-06,1f3b2d7ad5ef7bb65be66f3b7ca9642a3259eae540d16e2f66265dc09edf86f9
sample-1489.eml,88932,2026-08-06,87446f4f0934a3d3b0e9291e06fb2a65dd32e90c9d2a33067f3c737f437d1ed8
sample-1112.eml,188680,2026-08-06,0c65a2f2e117ef737e7389091dbcf79554fb19badec0e4d9dc2cf7980bdfb3f3
sample-5169.eml,17278,2026-08-06,ac8e0d34adda34601f7eb657c4831b2dec3b80d93ac692139dc1f080e7dfe806
sample-7716.eml,35024,2026-08-06,ad8082a4856067ad73534f2dc4471b723b575012ea7717355b29ae6cc368867e
sample-1000.eml,144082,2026-08-06,4d57534eeb97d11e8d63595dffb222512666e69923c56f55215af9fc817c4fd6
sample-375.eml,20840,2026-08-06,85e705053a74e5621d3d735112a9791ce32869f3acd991eb7e05d32a02bdad69
sample-1044.eml,10437,2026-08-06,bfcd655c06c13de3ce1711817523a00915ae0b93cc54a5d61f2429b17dd4a025
sample-6346.eml,46506,2026-08-06,f23a2dc75d3d0983cd10c364e43c68f88a48ceb1008841b583004b5397e77561
sample-5347.eml,17427,2026-08-06,62966c7d3880ae76a52e6fa0bf27b28c84408670c32d930f09b798c772a95386
sample-4503.eml,26956,2026-08-06,4c046e367c48fd4476177e180233c6480002c69e1e856014a3c868c0cc70b706
sample-6235.eml,93178,2026-08-06,e1e418691ef8a77711eb1e88e3c3ec8f0427499a10312bf4805b1e31adf48d4b
sample-158.eml,9825,2026-08-06,1ab4daa8925ecc146c99afb3e38a1321da8b6352121d3b65a272f6c18bd82fd7
sample-3204.eml,12578,2026-08-06,71f7f2467f51dff74acbdfb27a1295364e9f0623f311d192b9a1ae6e4586f7ae
sample-2977.eml,17677,2026-08-06,196b64602e2993b9a4af939707945160b939c072807a548282ed14d3a4a6ffe8
sample-544.eml,138848,2026-08-06,79bb7b6f81caa4f10c800dc036023b29c270b509d07e01208d51e41f62735607
sample-3834.eml,26426,2026-08-06,01fa724d51e42fb8f15c5576ac69bb131e7512c6ff0ee8ce9319ceae8f76adf8
sample-2817.eml,25536,2026-08-06,d30b93b94353bdd3f12a140000ae0abd03f15b671c0999d93958e3e39de87d7f
sample-3725.eml,28262,2026-08-06,c9f26663997896abe4415a5f79a9edafc54e993a4a37104d01376054a95b46bd
sample-2125.eml,21242,2026-08-06,edd3b080de5f357e9581bbcbeda509a4f5f22739e04e1a881e1ab4f26bed4435
sample-2782.eml,25587,2026-08-06,9df8c494b4070c37a450c3f18f37537a6e24a6b3463cb4872c3d80134b31553c
sample-5127.eml,13618,2026-08-06,74bb3d236798b32c49e39b560115d52d77f0f5f021e6bc742fd7800f763c50b2
sample-4333.eml,10861,2026-08-06,01798f857fc80a841c9a091fc7bc2681a84cbdb1a3a1fc8d24bbd190e18f09de
sample-6094.eml,12370,2026-08-06,77e8a975bec22430215bdda823240013ec7733ffe6567d62877f2284f8299642
sample-2527.eml,10841,2026-08-06,d77beff8637c91c425fcd3d1495317cd9f3266caffe39b5586420957a02c8448
sample-7501.eml,26669,2026-08-06,4b82ce4124a3a5607fa8ef03873b7bbf54806278645da919f7128dcbb7ffebff
sample-710.eml,9264,2026-08-06,92c924052346cf9ce43cd032df232375aedb878d4b34beeecdef63c56669aae0
sample-3517.eml,30163,2026-08-06,13e01d09acddb5aa3191c479179a5ca44cdc64ff4598008a91d9bea8de64d254
sample-6181.eml,24481,2026-08-06,b05eabe105789e032cbef8695b154c5e2471fe166c7a00c04972fcb382da335a
sample-1202.eml,17632,2026-08-06,e4261273909eb0ccb5913ced0e2586d4b6268cf1cc21842aa7a27400c41a489c
sample-2166.eml,10391,2026-08-06,a13f72d3f500d96b5439ac1daf5eee785729401593fa1e1d8fc147956acefc94
sample-857.eml,19093,2026-08-06,f657eba394b4f3eb025baa0ffcdf23dc9dff5bd011df203954270bfcee532b7e
sample-2109.eml,104708,2026-08-06,8f038785d78186e381bd8c5e5bd151d5b666b820d3e851662da89a14dd70829d
sample-6387.eml,16276,2026-08-06,af399c5f342efcae8acb94c95e7c8d304aaacd8b374157c126fd0f7bc5da92e5
sample-8244.eml,17150,2026-08-06,83e0feb7bd9562ffa97c5ca0ea6d6fe33eeabb686d09eba8001c50192eb9bf81
sample-2759.eml,105023,2026-08-06,a563f76f20e2f24e7fe50d1dc7c4228ea074c600d37b8b645a297fd8d94be9f4
sample-7753.eml,264236,2026-08-06,0e18bed25c59e742cda2369fdb1e75e839574f7f68522e5790f3a3a3ac90244b
sample-3379.eml,29252,2026-08-06,a9d6d3bf7877397c3484cca04434124f91f00022ad59ceb300326f8cf7a173ef
sample-1828.eml,46162,2026-08-06,891001194e10bc117da7e6928049ba1246a80204490441f158fc11761251ad64
sample-5036.eml,40957,2026-08-06,d671496bdc1f445d567cc3a24e14f9107b6212df813808dfc33102a68c5a7ca1
sample-961.eml,25156,2026-08-06,66f836afa22dedf75d098d6fdf7cff3a8e5461fa2a0684fde4d509a81b414a51
sample-3749.eml,29654,2026-08-06,3a67ee1c401d9e2cd18bca3fadc9bfd3e0635a09f778eeb8c10b292d821bd653
sample-1488.eml,44199,2026-08-06,08562bacd73fb8ad7d3de7edbf962dd9674815e927920bf7b0239a1f299b035b
sample-3614.eml,32132,2026-08-06,9ded6ba5d6e9ff8c9c05b7c6d21f477abef7f146c2fe77121383f7d2f9a9199c
sample-4004.eml,18570,2026-08-06,6bf71a12860390303b9328133cea8f41e7c89f92803e9396371a399504c52cc0
sample-2499.eml,10199,2026-08-06,f7738ca4591c367367990006819e9cd961d9faf7ffa4485181ce7a497259812e
sample-5834.eml,32977,2026-08-06,ee2ba38b77f91bdea6398ef6cde7404b9c1190137920469d9d174c4780075570
sample-78.eml,19607,2026-08-06,08d7e7194d97d0344c84a87f82173a5c9b75d045af49d31c676210b933e1c82a
sample-8586.eml,472725,2026-08-06,4825cea793561809ecbf8c3ddb815c6e221efb4142a15a3ad3e2cb43892c60dd
sample-2464.eml,34795,2026-08-06,9dd4915ca315423dd18ddf98a11043b77c561e61cb2b75b1d35cc79aae61b018
sample-7860.eml,27607,2026-08-06,53de834d650a83906099f57cecc741cac1ceedba21e902dc005b67ac04a31f88
sample-4213.eml,18459,2026-08-06,49506f3471927580199088641e7979842c11a473dc89679980c2c96a35a88dcb
sample-1800.eml,15463,2026-08-06,43785da223cc69886ae66c7255afa2f7f9cf4ec5bb719e067f143460016ba613
sample-2038.eml,105871,2026-08-06,b9ce1625fc2bf3c34373f84a982e679f43b6d4cc605676d712a9bd6442e82285
sample-5988.eml,29574,2026-08-06,4b0797337c353c6a71069737616799fa3242d401a4ea619e11dfa5239abdde15
sample-298.eml,10750,2026-08-06,60c43af9596cacf4782050af64aeeeb643ff40d179b2f43d1994662f1ba5809e
sample-6335.eml,15994,2026-08-06,8387f0077e1a8a66e9b1638e4492ee93477ebf5735cde378ea5f32f616c6d3ca
sample-6504.eml,23589,2026-08-06,36282d4e377e9706ab76a4b526bc1a7f03b2e030109365ba1f6e6c4a6bc4e292
sample-7738.eml,26819,2026-08-06,6f2b8a05cd198cba4431036b9b2482fbabbbb9f6706fc21563c50b05a2fa4eaa
sample-2475.eml,16062,2026-08-06,3e37e82286293c75e5468bd0ee74d12d0cf705a446e682214a6b9a174cd2a892
sample-2263.eml,12453,2026-08-06,540b1a58b7478fb63dea32adf01d45705938318a47ccd9d7221a78a9bd700f5b
sample-1703.eml,7983,2026-08-06,584fcbf5d80e1df7550964298ed8a6afc09326561f493c6cfe108c000f5bd501
sample-4172.eml,25983,2026-08-06,ca87778bea1b6a3c7ca6ffeabe4e6a177db005f0799b4eff4b2a3d57c7496c6a
sample-5459.eml,14185,2026-08-06,df1af0e998d03a09357535a8772e6757c14af6a469b70172c88440233d59da90
sample-2471.eml,20907,2026-08-06,448d5a61b73f68d3fa7ca711b3b443488c23a169475601338c9aab553f528bf4
sample-5041.eml,19666,2026-08-06,e6235c2dc130145d3694c6a0a1117a634a174487f370ddd10f82e7de93ee1b50
sample-7670.eml,20427,2026-08-06,8ca5acd23c446041b9210e1bdc458ca2fe21fa386788c3708c6bf25bfc404999
sample-3710.eml,26235,2026-08-06,99d43d744b9e855f719004464314cb0f9914ce9406a125de2de271fec7f57e06
sample-752.eml,22365,2026-08-06,b7a9a3c70fe91a3206b339aa38797956f17b02095a27c2689bdfa62f69e3a009
sample-4022.eml,18409,2026-08-06,8241a26b603701938a6a2b6b1773a8d7579711d8e080e232c7d51cd0ce1fc024
sample-3288.eml,27949,2026-08-06,145d1e7c0947fd39005a16e94ba2be0028ab6d39a9a2cd7cb30aacbc7f0cd43b
sample-381.eml,11810,2026-08-06,c45be07ac6965e572fd32ace81cc2214bb37a5cfb9d8b9c414cfb1558e910ff5
sample-5323.eml,19853,2026-08-06,345fcff149ef159d2af97e8cd0152c2f6dd9c15c5092ef3259d152e8e2610570
sample-5252.eml,25113,2026-08-06,39017df28aee30e317c04956f6de2130c6025ef0db0d76322a0ff537d7710fb2
sample-5885.eml,54042,2026-08-06,33269aee6ecaa055e1371d6197c0deae706fe8eb85c16ce97d20d4bb3d098beb
sample-4279.eml,34795,2026-08-06,4ad15dc97e3703035876796384d8029ad09a7c7130da1234c1f69ac067e9105a
sample-6421.eml,19491,2026-08-06,607cf9281f8f0b65dc2885d9ce25ee5312d7ec4e340beb43fcb8e31a2cffe8c1
sample-7936.eml,24338,2026-08-06,e23d8bc02ee31fea3b937430b80bc40a6e915c0adb6fde98403bd021ab13b706
sample-4244.eml,38437,2026-08-06,a8644890e330e3f2ff1d0a09842a2feac3717aaa3593fb9bd8adfa9f760be955
sample-1283.eml,20385,2026-08-06,af452b28f856efb709cea69bd5a4449bee1d7a1b2b0a63112274761141dd848a
sample-130.eml,8612,2026-08-06,bc958fb3788258ced82392d6742c1e8551b1490709474fd25046ff8dcc97861d
sample-67.eml,442689,2026-08-06,4d83a5d90a8cefbd8618d0728bd134b4580728db6260d587558f338584a3b23e
sample-8268.eml,13374,2026-08-06,a9c9d0eb2288b4cb2971a2b8dcedf7b46c471f6bc9eb6621aab1e293c103f585
sample-90.eml,21448,2026-08-06,3f43fe0a242f65a629eb5b18796b26b6eb84a677000bbf551b7bb1eddb965b93
sample-7111.eml,19983,2026-08-06,6d1004778774520297b75f5e0a7fc7594a38eb73813de97ec7e809954718ace5
sample-7862.eml,18858,2026-08-06,d892f52d88a8716cea7dd39f33f70469538497f4f9ad9a8524781e53af119309
sample-6075.eml,22561,2026-08-06,e6b271f93a581283034ad4d4094d209b9bd3c1f7fdbe316eada50eedcae91915
sample-4723.eml,63055,2026-08-06,5867991019d6fee03d41cffbb22f91a6584e0f12af0680c3fd0d62042b800c22
sample-7688.eml,27364,2026-08-06,47a0423971effb33b0daa9500c733a5d51b5af3da5239a6f3ee50506c0fa137c
sample-1381.eml,31109,2026-08-06,162e9185a32be8a8ab58cafd9944a3668900939749ffbe12146e2c09de054856
sample-2879.eml,20665,2026-08-06,a4c71fe6dfb6180306a8796e4c408a1c5f30da6dfbddd0dd6b52fd1828a43791
sample-695.eml,46232,2026-08-06,0ec80d48a8b89e06d9dad82dd067bb138fb00c072e049d59ab9f7b2b11faa13d
sample-6617.eml,24884,2026-08-06,3a39118bfeec1707cff997eae9a2f628fc16f7916a1ca0e52d46ecf53b2cb56f
sample-3818.eml,17597,2026-08-06,47ddeabc1a02ede5bface44d1ee698a1432ffcafe73320a5a60df01e1c32df11
sample-5364.eml,47218,2026-08-06,0c6b19db4014825885e4c5dbccfcaac0b128c8e37a64dde9996707c2d4b4d637
sample-3006.eml,19849,2026-08-06,b12569df902ee4d3e17319d4388a4569e524ca87719d27a9478b40ab6acf383f
sample-6499.eml,25258,2026-08-06,eafa502e7dfa419854f41f7ba557674404883381745dad176694ac40c3a9e28a
sample-5543.eml,13040,2026-08-06,2bf468eb15514bb2bfb88386aaec1586982bc27e7f3cd68d88525aa5a0e4df3b
sample-5329.eml,19059,2026-08-06,8c1ae67da016665afec2197cbf5a0aadf88f02902849e5ccde3a6aad0cf54b53
sample-6534.eml,23544,2026-08-06,c7019eaf5bbfb24715ccf2a68bbef7ea352d3280112487281e77a098b25b8a45
sample-6535.eml,21804,2026-08-06,eaad445994cbf37345ba2ab8956195b12b2287ae723e1a8bbec46c74c0f9e4db
sample-1134.eml,198671,2026-08-06,a49e29e660f265163ecea382086ee43fff47957002a71260f5a73e32c58b2ca4
sample-4227.eml,27359,2026-08-06,ead9b33fca687465c1853f23a82ea6fee9434314c44d114d18a877f86c0cb295
sample-8183.eml,15157,2026-08-06,7a2c31a79f7368d29b521ccf5530ba7aa459c9e9d0f2a859f4980a5aa4bcbeb3
sample-3321.eml,16162,2026-08-06,93bbb41ee8e33a2e247374580cbf2dc8e50252ddbe9b9cdf3d487d874f94fda3
sample-5944.eml,16393,2026-08-06,b96b131eb6d2a1a602466a6ab29bc40717f0cc467cf0f92656445c82769e8bfe
sample-2400.eml,30453,2026-08-06,e76ab89429497b173a7fee9d7a0d7a783e344b1b395601afe2ac053685fce9cc
sample-7189.eml,27393,2026-08-06,575b3768bd375eb275f101e5759fa1af03cc107fd55a57500e72c0b9e64325f6
sample-454.eml,20696,2026-08-06,7dd7fb28f114209edf3b2add8ef4bd9705c44a5f1d8fd68adc640b975f9a4870
sample-3699.eml,30312,2026-08-06,b3c1e3d20e660585bf9008869ef2ad01941fc2713a5e2c6dfd3f8dad9991f7b2
sample-3681.eml,48096,2026-08-06,3a36e9e626c3aceffd4a4db29895e2d08196ac830a59cef84cf9408cb67a0bc1
sample-872.eml,424256,2026-08-06,98f845685810f041a38ca50776cc3f6992ab37ffc244373c13335893f25b4f9e
sample-5627.eml,17148,2026-08-06,160709ac170b48cfbd3137da46310505c68f433b5fd93cbde54d87513bbe9b48
sample-370.eml,25109,2026-08-06,a01bea75eb7a46081582a81fdfe618e066daac4310fe9ab3875b898ec21ccb08
sample-6592.eml,25049,2026-08-06,cfa136c96b5c88bbbafdca6628bf2e603f45f83bda751251ce94d15861612eff
sample-2986.eml,19499,2026-08-06,a9f93ce48f2a486d8bd5fd6f0dbb9508788d80617c624d09ae9c1479b2b916a3
sample-8470.eml,465861,2026-08-06,304eb0592377adc0edb262bdfe227a1788415c94490c017107e6c12a2386dcf4
sample-4854.eml,19059,2026-08-06,1c675fb35e9e7eb01abb18b19a98a7016122d2f858bc2f6ad25eb69f56f98a84
sample-741.eml,22031,2026-08-06,151737e6ab4f24606b84cc01ef7c92f261b100911d321739361a98174282a023
sample-1016.eml,26808,2026-08-06,93358c68bfa1a15c7f3d06cc9f9d79a70b2cc9d82c91c197cb23fae73fbcb42c
sample-2213.eml,14448,2026-08-06,9dc80e3272eec616538c3ef1e86db59895e6a12e90e91fdf7297a154324e76b8
sample-2050.eml,9684,2026-08-06,518928ea4b79db8a660a271621122b49e060899b040d469f4d495761d6657e4e
sample-5444.eml,9233,2026-08-06,5866bf3d1260be8294c8486c8762d499b19e73feb2b0037aab7946195b1dfd38
sample-657.eml,16730,2026-08-06,307a4dc6940e22945ed4fb6261ba20ba59e8f9919e2c583456b2bb6e69ad6a14
sample-3800.eml,22864,2026-08-06,f06b7c8444d8efc55fdc5d94f6e4074037576af6406e8c83ff0f44b550f8bed0
sample-2485.eml,21296,2026-08-06,3b9a60f0b570c80f0b938ea2d83fc2da537392a1eb65ff54e6d42b45bf1b59ac
sample-5084.eml,14257,2026-08-06,9946b42e4711941247ddb8a279bbbbf0128d57dc70a0531ff065ca888951ea8e
sample-7416.eml,22375,2026-08-06,e626dc20a940d55610dfb89406e20f0d6f8954b00602521dd55854215d8f9c64
sample-4716.eml,15840,2026-08-06,935680598cd0f7ac48215038f62a5ebdfb8d3867715ae2fde8fce9d25837e21c
sample-4953.eml,27802,2026-08-06,623b3ee9396aec621ac510abba6c33493a0fd28d0002fca65e53e77e51d3580b
sample-7674.eml,51138,2026-08-06,0fdf92460cb38a8bb9d2d3e178dfd0418894fba01a3f052d09d3d791f0bbd405
sample-6370.eml,111769,2026-08-06,f1882b137872ed880a73fcee9d050adb89b00171526420d85a3e716734ffc6e9
sample-1501.eml,18784,2026-08-06,d3591ef5d932dcccdc3a6bb1d8610260ea39a94fe8d9e8d84ba50fb25181ce33
sample-6788.eml,31364,2026-08-06,7f7bbf567b8dbf24e28bade454bb2b8d286733a2ec024fe7a4875a6f820d7ef0
sample-1888.eml,46762,2026-08-06,6367967db39e9f8d27021a4b84e593b01918482b3acc8c0da31b43671d85b95c
sample-2480.eml,34123,2026-08-06,bab0fe1db7abd7cf2fe4007221aaacb66db1e3bce893e00665712291b0bdf155
sample-7590.eml,19892,2026-08-06,9bfb86b2bc78aee5597e026f31344d645217f86a12ad10eba6b632715ba70e5a
sample-907.eml,25361,2026-08-06,56f4a42f8d81cf41a0fda8bdb400a2c4beaa006c795e60c5488afad4eb6ac5c5
sample-2908.eml,26780,2026-08-06,d43c4720ab7e156a433b5c39e762a20aa6e94581719568064abdd6bfc601fff8
sample-4182.eml,14049,2026-08-06,c7377b1ef13a852ce34c431b605ee192832d8c36fb7bcec160e0059cf43fae5e
sample-4976.eml,13658,2026-08-06,1b26a938863d24d8a8fc5b88c90ee8ba3caf263ac3ff8c08187f310fd44fba32
sample-3910.eml,20258,2026-08-06,d9df56f218226c0c18b9b01fdfea070c39aef7473013c91f17c586b2723051cb
sample-8370.eml,23700,2026-08-06,5dc26ba9514dcce481ebfd55d8eaa353d292fd70fd2d82905424f5699bf0c9f0
sample-4054.eml,19425,2026-08-06,39e8ed6bbdb04a2aaa0407f7e707cd37a2972535c650039f03bb39d9d145ce45
sample-2596.eml,22780,2026-08-06,e942c8cbfa3081d80de25179ca8f3f96f39e4083926cda7a83c273e8d3cbaf31
sample-6517.eml,18334,2026-08-06,cc007409ab8410b8d66a0ab82d700fabb213afc7f1dbb84454b36b96ec76b670
sample-937.eml,71055,2026-08-06,61654a3c93a7372db3a95d1ca8b36a732e443fa2154151ed1cd899f035cc4ab0
sample-3430.eml,9774,2026-08-06,9967beb83a36749a6050acf54c684ad6fe961f71e3898fd57e0743954702848a
sample-142.eml,11514,2026-08-06,bf12ca70c25465e1526d8fcc631074679c5007a1e1ed9b55bf31ebf7b6e4d466
sample-6743.eml,30176,2026-08-06,589de414a0d69ce582b2d907ca5bb6262b3821215b8fd08d37e7dcf612a20579
sample-4294.eml,9563,2026-08-06,2184533045c2488eda56d5feddb39a4f20e323eb299591d4f1024842ccab92d6
sample-640.eml,19169,2026-08-06,54d79e4149a0e930a1c4711d0951a9044b47ede75f8d9884430a8d3bbbad543c
sample-2843.eml,104563,2026-08-06,329fbc35e538a737ab3fdd6ed5a808a06bdd66e889103cbf96ce75f36b75fb86
sample-2295.eml,11566,2026-08-06,5986d119073eb57fe0d8909728ddcc0a49e6225557604c78a9d2c2378956286e
sample-561.eml,27364,2026-08-06,fefd887b2f5edf9f7cf46bb8fc8f3fedac05edac7e360a61cb8b827b2c1a2b86
sample-1545.eml,22459,2026-08-06,be2a20a4a07f68488079c7f79a988521a4cb86075206434b8a95b907060ad8b5
sample-2408.eml,25113,2026-08-06,539085e75bdb8953df8a95184024c5d49655844e692356644eee407519ed6bc0
sample-8566.eml,27321,2026-08-06,691f043edc5052b09508ef233cb576caaf730f193797b044e5f6383b5fc52eea
sample-4509.eml,32764,2026-08-06,cfa75e6a8b9a5618e47032cb3862b74b73a8ef113477f421e1e1947e3444837b
sample-3590.eml,32017,2026-08-06,b980eadab9edfe1113ef6f642a46caccf5a0dd66a040332b0e4d73110926a5f9
sample-3756.eml,18971,2026-08-06,29ac569a7a2759f67ade85c571a2de258431ebcbe6fa265ad068e3145d3d9747
sample-2724.eml,105198,2026-08-06,2f4e4c01b729ccffe0284453981d0a0312df766b06b7b445670603133fe236ae
sample-3521.eml,13233,2026-08-06,acc4d029fd9e18fb5fdcc7c8cc959a1229ac3d4cb6511fe47f1499448a69565e
sample-6111.eml,20112,2026-08-06,7a6c7acdf1f56565a79f5957aa8b4d170814bf2aa9ff6e8ce10d092e32d1d69f
sample-4999.eml,20721,2026-08-06,c06682be992f06d3acab4664c1a691affb5a41070a492a1b4fc1e5c9c741efca
sample-3728.eml,29588,2026-08-06,46c9f49ae73b9e7c1c344327a2fe5263307d2b9fd8f239d382b25d30430f6394
sample-5513.eml,13714,2026-08-06,4c76661cabfee067372a8560059f4842f86e27246002e87f45d36dde1d67c72a
sample-5867.eml,17672,2026-08-06,28509e5384f681247cf6877c74a4988e78abb254145bfdb9736ce5ea3dd7d722
sample-7884.eml,12552,2026-08-06,b562b2e837f51cc7ca4915e3c5b9ca8aa896d0ba9d2b5fb3c3b2a275b25fe50a
sample-7116.eml,370726,2026-08-06,0e8c984b490c5dbd96c507f05b24cc83db33b2e471840578ab8b6bc2bd2a416e
sample-4776.eml,42058,2026-08-06,250aacad59b2691cfb7325dc7274bd8098473cbb361b77557216520cb8cb0584
sample-2573.eml,52156,2026-08-06,458d9992e86e7ae4f42ed87e6c53bf10cd10e5efaed90be8f73a789fa386ee1e
sample-2318.eml,105106,2026-08-06,a07a14fd48946739144076a6b04038ed55baee5a1af77b503bffe10845e9cf60
sample-4571.eml,84059,2026-08-06,85a65b143e4b5202b6e1f7b5edca561994dcbf4fbfc812f744744176d489aa01
sample-7932.eml,15632,2026-08-06,a4b292a372972745102a246df5da70facf3df8ffcfbc222343db9b1e19548390
sample-5420.eml,33416,2026-08-06,f0e0a80dc6675c4fecd23a7a13eed7c0a52c69f9c4b0b9b4dd258de95c177bd1
sample-3339.eml,30379,2026-08-06,3ae6270233749fb128d06a081d8059d9280f0847b621cfeab19d69710b81abdd
sample-2477.eml,11596,2026-08-06,a39b1d5e63c6bd1a392f204e7c1709e36a1e03cb48e2b1cec618ff14fc2a6f9e
sample-4982.eml,15068,2026-08-06,6abf3c946d24f073e6bedd451152139f06283008fed6dbc37e791d170df5421a
sample-2721.eml,25295,2026-08-06,1fa3d02330942d2d835a7cfad7b04ea5a73e922284e216ea251b489f734fa99d
sample-4017.eml,27589,2026-08-06,c084940096e6b735ccae3be26e5c5e1055a75814b51bd62e44baf4c54f5d53c3
sample-2412.eml,33822,2026-08-06,f9e0fb946129992ad35ae5a16188e2e49c7138b271d8c5a7094ec2e4b1933274
sample-38.eml,25140,2026-08-06,1ebb1fae0d63ae959b8bc5eb459e6a63cb073dcff987c31e60f931415ef1abca
sample-8291.eml,474184,2026-08-06,c05d720ee00ebbb53c38f3fd9dee4377a1232e5cae6dbcba55b01173f331c183
sample-5210.eml,13119,2026-08-06,aca506693f6490bc4125daec63ca8d01098f8b9e93f766a24537d39b9ac078a9
sample-5747.eml,15134,2026-08-06,1e237df8abf39c49b5c4890c48fc823caf898c05df5f52232ce60601eed1b06a
sample-5270.eml,13240,2026-08-06,a8fce9b98255c55eb814b3f4a5fe3f1cb0fdbea826248f14ec0848e55eb5922e
sample-3244.eml,299559,2026-08-06,22ea26b3550e9bd59cffb24eca57809b6791ebc88db5f4210b5c076e581b3e1f
sample-7535.eml,19751,2026-08-06,47eca4f45c72de612e8314dbab6e16f020e32f7d420f77bf6970fc322af1b131
sample-400.eml,5734,2026-08-06,05c6cedb7bbd481c2f79719e58fe41ea3d6b5b6793fe1780c0b1583d25d4f52c
sample-4636.eml,10862,2026-08-06,f88c8137756eb4e50736f7fab552739da1d1ad545921de32f6cde695e296d136
sample-2588.eml,20894,2026-08-06,f32ad8bbccb7a4b8ec94a9c1effc7b4c3e1fb6c91a5637096fe73b1b3a47aacf
sample-3099.eml,220379,2026-08-06,d06d57e5d2d11d2e92cb1b40c3427fac994ed2a2fbea3cc633b9a240609a88c3
sample-1838.eml,16113,2026-08-06,486a19018b0db5475f621aca04d1f2e05e3c14b7d760ba735a71202a05763fbe
sample-4670.eml,20332,2026-08-06,66209b3d2193c2dffaf98e4ae9ac91697e395af0e0f0a30596f31e26bde266e8
sample-3276.eml,12405,2026-08-06,9eb2230410fc9275f6de6b3c38ffe496ed3e61cab36dcc14b70675f4a14e41ed
sample-3914.eml,27236,2026-08-06,25c29a0eac61fd109aa8c737a196a28c7663f55bc2fdb5b2c890755add0e2155
sample-1650.eml,18233,2026-08-06,46011e3d675cfacca9c978a7b3ef3beb0f2d70ea7a65dca6b84c82c261163eb4
sample-2449.eml,34119,2026-08-06,f52ac19530ec64cdbf155a11cca6693bed6ed975df284ae7b436a20cb70d7bd0
sample-6436.eml,72958,2026-08-06,72b38a02bde211ebf4be0d5fb1a56c647febe3580af6c92a8c84d96ad23cd009
sample-4064.eml,18578,2026-08-06,77d9fa4268aa10271eb4e7475e165e11db091cb7c946b55737e296154b8c3763
sample-4220.eml,36066,2026-08-06,b2306d8005ac5fff7d43b53257da9f581440d84130150421d69e1e06ab3d0107
sample-2677.eml,22789,2026-08-06,59446746f1863900f90b1c91f94904f61556d480a80b2806b6ceb0821fd36ec9
sample-7223.eml,17926,2026-08-06,f890c8b733a1889580f874403deded28d7afb9601c069b98fdf2af2e1a18edd5
sample-6523.eml,20100,2026-08-06,fc241b1cfc9ee6708944631f7aafe283547efb0b47fc91c592c38a7279e40347
sample-5598.eml,13723,2026-08-06,24e87be6a3f907e9156685adfeab641c2210a986307cc510d402ad671ef968ae
sample-1712.eml,7980,2026-08-06,2e7ba5c20a0068bf00ae670be352dc2026aae6ba7181ba4b7a23186a67fb4ab5
sample-6707.eml,40878,2026-08-06,9b6f0c4845016ec85fc06894e0a791f3486db6a848e1307c09b9b9bcbad7c0bd
sample-2447.eml,33685,2026-08-06,731b36639017fd72bdc79b1987b0d9d5ca001b5e74acd04898b28439dab8960d
sample-7536.eml,23967,2026-08-06,b1c4a8c6e6778d5b8d139bb0b795896b45fd1ec06c7fc5cfb076a53b0b7a136d
sample-5286.eml,16684,2026-08-06,b4f0ca09a2bcf9bf764b042d4464d9a22d063966cb58d0c2ceaf682a3b39df6f
sample-5081.eml,17823,2026-08-06,32266126029ecd91553bf9264371c9cba67258a33043b386893d064844cfce30
sample-140.eml,19514,2026-08-06,f7f6c8134326d7964e5b24ce41ef600bc482cb8520e243a4d41b1650657af657
sample-5280.eml,17161,2026-08-06,9156be60c6c6dcf831af2d9cfae4658aa977c2778ab3d9e3fddef999da78dee0
sample-2743.eml,105165,2026-08-06,14934f6719d9287509a21dfb76bf183e43f704ad9c90b5d7276e7fd26dc9436b
sample-6096.eml,18756,2026-08-06,991e1f8474406683f5e92ec0e7518114b41a29a7d9a0623c283a8d1d781b37d4
sample-2700.eml,22219,2026-08-06,ae447abc4c2a2d23e518c8fd02a6a16d36398e3187a0cd27f9f1a06d3d83835d
sample-2059.eml,16215,2026-08-06,67cd711c8f18c89d5c8c092a83e69570dedad088e69ae7588ae5da45070d0029
sample-4525.eml,62485,2026-08-06,9c07e0a38fcee2742151b90d7ae97471cefce4e950297ba0acbfcd51c13d9510
sample-5694.eml,31767,2026-08-06,9bd0239f70ec0f250be574bc51ce305541cb1e65d9560b46f3aa6f5968306b45
sample-841.eml,20483,2026-08-06,365548c1e0102ba59dfe38d96e1a010d199de7eef0a9913f140fa8df66e94bc7
sample-2918.eml,19300,2026-08-06,437400bdc0658eb6996d2a653bfc2f87d5b48fcfe6ec187ecbfebbc024ae1f78
sample-6751.eml,19685,2026-08-06,f5ea44de05a8b6b356cffc2377cc85ffe9ac9973301d397459eb6dc1f3cdb5d2
sample-4899.eml,34693,2026-08-06,1ebf19bc1967a0779bbaf905dab4199fc30be4ebb85734f16afe9c2319df4adb
sample-5648.eml,47587,2026-08-06,7d622637e03ac55c72a109b3e40e583abecb58773f3fe1e7fdeea4408e5f939f
sample-2141.eml,192855,2026-08-06,b2549990119b92ce500128f1ceb05d5ea0af161621bd76819659e2df4e07eae1
sample-4665.eml,21576,2026-08-06,3c7c62ea7d1be81b0cd716c1053bae628ea4ea4c4856d9e4319bb8c049185e98
sample-7057.eml,21848,2026-08-06,b1a81c4bde89d6510bd05bdf8efc62099ace4d4632ee8a5e909c8884e518874d
sample-793.eml,46344,2026-08-06,7251c1474b297b069e7d6058c8b81b5d8b9618dfdaf0836a127386e5886da13f
sample-2624.eml,23231,2026-08-06,75ec095da433a8a4b8fdcafe126c572df109fdd1a248b7c18b0c26d006650739
sample-3392.eml,40481,2026-08-06,397f645c692538207dc1b77a24ccbb5c2b7c5f8cd08dcd3d0606d36259529e8a
sample-6321.eml,145568,2026-08-06,9ffd2a7dd5b37a3e2db8183332af3af13323ae98ee5e0968250db9bf4ff911f4
sample-2978.eml,16828,2026-08-06,7ee114a44602b37b6d6090fbcdfa07495a6500f3ab054f51ea9470033c7a8eda
sample-8515.eml,15990,2026-08-06,61e37021c9be3f6f6a6776513e020d5958a6fd64971b11ed6813311fbd75d3a1
sample-6297.eml,61838,2026-08-06,19c8a0f567885906943da613ffe82071a018dc12a2613ff6d8948439470f984f
sample-8507.eml,20446,2026-08-06,0ccfcaf295547b40579043dd31a9bb41803e960f17627dbfd272b1effe00128f
sample-3704.eml,13323,2026-08-06,1ed43cd75a7e6f672325aae39f42929eed05905fe02fade3101aeacbad840df8
sample-1883.eml,19687,2026-08-06,43cdb636f01f77dce6f7eb193b14983e4206008059b61c38317bf51ef702bf5f
sample-4634.eml,39146,2026-08-06,a0f2257552fb148dcaa8964143266697b1b06d66823613d11a1f30ec0d0b3756
sample-47.eml,8704,2026-08-06,5ef457dd45086b87bc70e4a0c6119aef76438dd7443759959a9351fff5a1716a
sample-4247.eml,13261,2026-08-06,170fa99fd3be3dfc27d1e02d3d7ddf4a41941ac9f2d75324e41ab1b6800bdae3
sample-732.eml,365371,2026-08-06,b325d1f7c0df86e5a85c2b8d4dbdeca26b2dc71db9a703a167cb1e7088ab6bb2
sample-4890.eml,14618,2026-08-06,32d5e7c7723738a46d1245631de47c1c7f6667e1abd9bec7a54531cddea55ac0
sample-963.eml,25127,2026-08-06,9364ec7d99f9db6b14faded3008c84f06b006e6cd6ece67bd15f811b6425ed88
sample-7843.eml,20682,2026-08-06,418b12d1f3dac42b411c3c759d91d7487857a3b54042cfcaf9970c72e47c1632
sample-7255.eml,14186,2026-08-06,c12210893b11548580d5b2b5aba99ec5a2b8070ccbaf7553974f963f1433c584
sample-8039.eml,19990,2026-08-06,9936feafd9639eb466201e88f392f3219a3b8364d27179acbb2d40af91dce218
sample-6151.eml,22804,2026-08-06,1c99bc97d42062473cc145748a07f1979af261d11575642a397bf21609ff53dc
sample-2760.eml,37592,2026-08-06,e067813a94e9308ead1646d6f9d9af86e65333ade02526125fa1960f5701c276
sample-7413.eml,20751,2026-08-06,1089dc116dde3c92b522e256dc5eaa4c8ed5b07698f4087b87e289ffa44b5484
sample-705.eml,370958,2026-08-06,2dc35b2a03b2f7a190c089dd83aa18a2aa7e443edac6e642c90995b648af6ea2
sample-641.eml,19357,2026-08-06,58e5dca0421d8003b68d1dee21d160026b77d06011d044084488ff4858f99439
sample-472.eml,4230938,2026-08-06,301e22856440ee06f8b2265b2497b48679d63710e9fc7102032e233c25cac5a9
sample-4984.eml,27727,2026-08-06,befbc29f47953a2cfc791eac5741b6989aefddd62de9ee3b116628476df8e613
sample-7053.eml,27475,2026-08-06,dacaa47380c2ed6f3280e223a4d236b735dd85dcd8d4e7c1c36504e3c0cbffa4
sample-1455.eml,19107,2026-08-06,8fdff0060b0cc27b46535d1794682e304ef2e66199f154ae89a35321cf8e9883
sample-2648.eml,52364,2026-08-06,6ff4ff7f0e84113e04a460d0e2a31dd06a656d79361201bcfcff41f19040d0ae
sample-1763.eml,112571,2026-08-06,cba7d5717914075dec89e6565360a4a5cf0ac39eaabab91bafb54b5e55fa387c
sample-3496.eml,17682,2026-08-06,b3190b85fae30f78aaee90d58c115d259de1c26ff906e9207f16cf0ee6c3fcbd
sample-2798.eml,22614,2026-08-06,0d3e92e8d0f6c2968f4bc28ee3f939d8d2cb44a48c8afe4069750cf0516f0809
sample-7922.eml,21782,2026-08-06,b056844cee913d192ca5e7b74718114cd71b85469adc25691f48bc587d23a230
sample-4039.eml,11737,2026-08-06,565a7620d688e982ffe317935cefb95317596793006420805ec4ee92038bb6ef
sample-8235.eml,473811,2026-08-06,d179ecd5f563221b171b465d2e79eab0ce394fbb0908a30ff702cfaaa4277936
sample-6044.eml,40515,2026-08-06,fd0c3c274117177cb65d9c7786ed25432af4e49538f5a9473542b7f21d3fcb22
sample-6190.eml,12714,2026-08-06,e01d57968cd2670c31583ed1055a462c30db785faf03cc068996834cebd2b5aa
sample-769.eml,221844,2026-08-06,587f15ca7a4b6efe9f52f642f91d9a4de95e41db554af33dd08d17450fe11e4d
sample-8117.eml,17120,2026-08-06,833715756407bf4fb13ee20b7fc66d21cb7f3b689e23be977fd4bad55564ec6f
sample-3650.eml,13118,2026-08-06,d447a0d563041066a153e05ff45b6b042c5a14e1956c004bd7c2e4555f73aaba
sample-4767.eml,27057,2026-08-06,acd87665cacc83fcac73e874b4bf2374444f27cf4fdba6610a3943516413658b
sample-4373.eml,25970,2026-08-06,71d4fbfd11345420c50fa46964bc8b18cc514b37603327643f8c1fcc7bc40fd6
sample-5229.eml,16557,2026-08-06,d6080ac66d26c389a4d07f7b03b5be18d96e07b7984deb49598cf8c8595c95a5
sample-4364.eml,80042,2026-08-06,cd1ebeb4fbb666bbd106bbae5a6ef9ea13ffe9ba70113dbf10701942bd4a590f
sample-4050.eml,28297,2026-08-06,ac8495e3b46543867c3849cfcdc50629242c59d514548b2b1190edcc7f96aa87
sample-6699.eml,21587,2026-08-06,dd9cc70b9d6c940ae40e2ab4494399f99aaaf777b2cd7206c989ce87ed86f026
sample-4826.eml,51390,2026-08-06,9376faa15ae0c8d753b6d790ae9c7c84cbde554d80e80bb49c5846647aa3cf9d
sample-8213.eml,473341,2026-08-06,acdc07095a1c623ab3f7abfa2cbcfea7f1619bf96ee790a744a435eecea7acdc
sample-6896.eml,23242,2026-08-06,7abf63b15cff188ae865ff87bde59428ec805ccef4496baf03bb00a10138e875
sample-5403.eml,31328,2026-08-06,dc3556783fd3523571d4fd68349a750ac770c6d3b91d8b19ce393304682c8b86
sample-7543.eml,16268,2026-08-06,9f1f6ff36adea69550c80ae8f7afa357b9ca090d6e27d3a0480fc7b32bc8fa90
sample-7247.eml,19902,2026-08-06,2506c8390e7ec1c2e5844370c81b37176814128f6c0e1cb1fcee8bf372e85920
sample-3365.eml,12230,2026-08-06,e47264e0678678dbeb24e68f191a6ff4f7dc7f257e5e8bcf63434b0f7f748c15
sample-3832.eml,29095,2026-08-06,a70719e4337f956da444911e9c616f1feb1ce78bf168e512e13d2d5eb2637477
sample-8143.eml,481847,2026-08-06,91ee68f1c8f1dd83d432d10c30f2ccbb2a688629eeb06fb5140e45819587b3d3
sample-1288.eml,15018,2026-08-06,66f1d7275053535386692ace84c72708bdb9f497b9e0b95290d226281cb29b93
sample-1143.eml,24841,2026-08-06,138f96f02544725b6fde9524d37c5e92aab0668da787a7537095ac9da570df94
sample-2966.eml,14944,2026-08-06,57797e6a4b86c74989388b378b309880c34b86ef416d68a01a64a44851f8e19a
sample-5236.eml,16739,2026-08-06,6dd2076e84fb2ced7ffafd2d8e1636b11c3180ef1c07d435a855c800a90694fd
sample-1492.eml,20673,2026-08-06,74dbd52d77be9b6e48dd9ff83f97a81fd2c723259833041c4895fd0e1a0cd2f5
sample-8154.eml,472674,2026-08-06,548ad93bc2ad28086ded206f9b770618c3642dcc9fb957c7fdaeac91b19e5234
sample-7756.eml,16296,2026-08-06,ad80e111ed28288720523a14654e270cb19eb26e22d95da561fda2bbd54d1068
sample-8065.eml,15854,2026-08-06,73a741c14ab3daaa31ea276b2b2251c3b64cb9ab5e1ca1c09ec47d59199ce24e
sample-2148.eml,10378,2026-08-06,e5ea9fadf7f2bb121c93da873b7adc920b10569856722fc0df874306d9d793e3
sample-6685.eml,20900,2026-08-06,c806524dff9896ef7c1a155b840371ca12f7bfbd16e45d3f438d135eb2a11656
sample-1373.eml,116919,2026-08-06,0cb2e65e83a52dd3973af0686c5b45a9d6d0a6ae8263d84abfdb30bd3b511541
sample-6808.eml,24382,2026-08-06,4a89a0c0c0a476215926e48df6a4f0c5e2eab2421406d10949c0ab245644a3c9
sample-5931.eml,34733,2026-08-06,53f82bdcbe585068c15110acc01b1265afdfafd99c7c6a1421e9f7068f9058c3
sample-6404.eml,16854,2026-08-06,d4ada6f680b98d48e90de1a1ad7550d8a95d6cce2926510daa5487e030263290
sample-2455.eml,34325,2026-08-06,1c0de721a0a64d7a18f7642c7a3473a486de103eea3e3cd6e0f52551f1de8de4
sample-276.eml,24379,2026-08-06,1273409ad79f1c05950d17696a9f25cf212326c34d9631ee501d1698b85b8d0a
sample-2765.eml,23089,2026-08-06,18cb2d7f6a21e02f3aa16b2c4f130358537212c079cb753f8833e9fd6dfa0973
sample-230.eml,16382,2026-08-06,45e35f9020ed562083394cbdcdfeab39d60d9927c87ff441707723b367226200
sample-2116.eml,40222,2026-08-06,13749e8d684bc00747ddfc2221c752c36c55266fa0dbcf56e57f7d3d372fa6e6
sample-2944.eml,26103,2026-08-06,2036f7f67292feaf42ce7e4a8b7fa408d2814ce1959667b5ffcac4bbbdbce10a
sample-749.eml,19984,2026-08-06,e404a583840d49ae78da80a340f219adf1815fc9937a64fde738fa90175361c5
sample-4267.eml,12577,2026-08-06,1237d36410f7de9883c24cd911a11310b70aa9da59ddf57190a7c8b6b2ead1bc
sample-3551.eml,224717,2026-08-06,fcaba87dddbb345a00dbb36db222a021875bfc36f4bfdc4ccbb7f68188b04ecc
sample-3059.eml,21694,2026-08-06,d308bb1a330f80f677a90be0c990be4acd740e0eff12bbec6050d8047e53ff4b
sample-8483.eml,26836,2026-08-06,5b21f6d8797663d0c98cb31f4d35299a15759eec5572793e07f8cbe42456c28b
sample-8063.eml,18748,2026-08-06,efbedab3817c0310713a941519b8ee15e11032037af534d22d00d1e151073b69
sample-5664.eml,25100,2026-08-06,6694f5ccc442ea6d0ac9c5caf35e4b82d7820f4a5c20d86d57c51eabc782a4ac
sample-4652.eml,14453,2026-08-06,c8f5e44f7fa5b5485323ea37fab186eb42e86b22b0ced432be7286a01c9c8751
sample-3453.eml,27226,2026-08-06,93a3036c2daff5f9badee9f1d2cde6b3a9563453b78b157ea43df1af1c07c5ad
sample-6355.eml,34328,2026-08-06,64cd25876191adb4013f3f781f25a0b8d68de7557cf6429012687e4762bd4733
sample-3295.eml,17787,2026-08-06,b0e477e919e1ad44987d550bc15444288682d7964850e5f5c03d89aab80beacb
sample-598.eml,112441,2026-08-06,a510d2dc48b26a9a93d14b2f0ac8e665736524693ff04c5621d5f937ba4524ad
sample-5952.eml,19183,2026-08-06,5ca5107452c3983a84acc136996a00281b5063112b678d2ae19d79ef1cd1dcea
sample-2414.eml,11589,2026-08-06,727a84211c40bf7e1b19c1e142adc40d0e74b7062246de57761fa432fab646b4
sample-7213.eml,16360,2026-08-06,120dcf7c64848d28610455abfba81317ca363d332d64931a706d8695f6e9796b
sample-2312.eml,37695,2026-08-06,c15b9a1777239acb370472caf3ef45f6bc8bbe0002d45979744c58c23673939e
sample-206.eml,118359,2026-08-06,6a86a06a3ade1a961f4cee4eb39f25ec8339dfb8cdc1d04da47eb8c267c3dfe9
sample-5362.eml,14942,2026-08-06,3cc87691c86d9810456e9d2f85bdcdaa0df37d6f556ae053fa267c4dbe222c09
sample-7808.eml,23224,2026-08-06,d92e36be2ff9fa04228898fee9065935dd9d1a429cd65f0506de9a1404b214b4
sample-1980.eml,176838,2026-08-06,5b1d7f3b816ea602ed0739dbf9d4a8778a92d8a32d200dc72d440963f13d55bd
sample-1014.eml,122334,2026-08-06,8c9201a3ebf65624157cee0a1c5ba4b4930943fa981fda0ced01655fcff637b6
sample-4311.eml,14632,2026-08-06,edc77c93e577d3f392e4d2ff5cc3aad90dc2abfc3ff64a5116125138a7153da0
sample-631.eml,13923,2026-08-06,d602beeeecb84395caf1d241897640ae599f28166e878bdf94834b47caab0c21
sample-1877.eml,105878,2026-08-06,0533dc92ad8cb6bd4b44178d4304f59e5cba2813f52c608bab8dfa3cfb659979
sample-1516.eml,49404,2026-08-06,d8e1e4e7b77355ed2418887355d8bc23863c40f8e57065dbe040d28ac1b1527e
sample-2369.eml,43397,2026-08-06,8a71238615dc1dcfdd49e6c240d6d96b2a6cc4200d1f298be59eeb285897d905
sample-5736.eml,15310,2026-08-06,35d283037fc3a0d952e4e7d8b0ab456f7f6111f1aa066096b89a83825660e421
sample-8005.eml,21944,2026-08-06,14dabe9a0f85cb529a7935f32d2379058283f59b77685421ca9ec8021a5d64cc
sample-4699.eml,27338,2026-08-06,88d26160713eed11098162a84c0e22e920cc1dec21285a1abf33be5ed3dba864
sample-3440.eml,17367,2026-08-06,f464a727db8bb07861b00ded4eb9fb31768dd165e64ccf7ad593571b0e772325
sample-4879.eml,14087,2026-08-06,0a370aaf94529b57500d159cd966d9613695597ea159df8800cd6dc497528227
sample-574.eml,19805,2026-08-06,b1ab3a5ea6cea42cd493dd7e2a5bc464db3886ef45133d05427425d524eb0da0
sample-6776.eml,21679,2026-08-06,134e2d9cf1e33b063d83020863b9f1acb720ce0ad38714381ca8ac92a9f1baf5
sample-4560.eml,13497,2026-08-06,d75c7e438acdc360fe50a37c820ff490f2f98184924ecf8227cb03a3dc8399fb
sample-8177.eml,17127,2026-08-06,355c10c8a37864bac1cdb70bc5cfaa7c16c99f79aa0d71a0cbb3c89a95f22b88
sample-1988.eml,18402,2026-08-06,772cb2da169872e5a857568cc541a349edab766daef79cace035293d9d0e007e
sample-5857.eml,42062,2026-08-06,01ac921c82acae4e6ddd9ee3bcc5a926125a77f52b960f154234672eaaa57da6
sample-365.eml,25097,2026-08-06,93761d67ff02deecb942a742b39d573ae89a78c723e8f994066828c24bc22cf8
sample-4572.eml,86944,2026-08-06,ff49bdb0eb99fb1731d933c40d2e5e3104acf5c4390b855c3b2b592bd38910d1
sample-5590.eml,16146,2026-08-06,3d43ef626f1e4b10c5b5fed0a566601dd16e80120068a7fda8d524d3e8003349
sample-2747.eml,8779,2026-08-06,10697d64bf797b084179792e12272beacef86e61cb1088377890f7aceb3abf1f
sample-2227.eml,0,2026-08-06,e3b0c44298fc1c149afbf4c8996fb92427ae41e4649b934ca495991b7852b855
sample-2652.eml,20288,2026-08-06,9d7f92fa609cb964e099bc6537284ec9be92c199722aaf313bdcb5f76d276db2
sample-1352.eml,65645,2026-08-06,097660beb2b32c75b40526dac53550980ee66c3bb48e63726c8cab933f229774
sample-5077.eml,17866,2026-08-06,a450a2618d8c1e419f3bd54fff4d334bcbadaaa95851cb545ae2cfc80493e1f3
sample-7210.eml,15812,2026-08-06,b27aafed365b20900de862aeb889902ab001b064db82153634911ce63f63aefe
sample-7252.eml,24096,2026-08-06,61df40a14163f7a6181e3b396526e0027644029cfd3d198166f5e79e0ea87698
sample-2887.eml,22193,2026-08-06,65e86210b57499fa09c1b7a250703bdeba09c303a02cf70de6148d7176be4af5
sample-1070.eml,17066,2026-08-06,c2a3aa03c15151c70322bb5a3bd160e43252f13ded34714e28e23b055e07c43a
sample-5111.eml,14601,2026-08-06,9bf54a92da746fe40a30730ee52eb8e304c28d2b0ce581210bbe75ad8a952a64
sample-422.eml,10897,2026-08-06,c1151dc049eb0c10a4db8520864130c3cbb5c3fb686003ca08d8585a4ab8b0af
sample-4922.eml,17265,2026-08-06,7bd42a78a39354d8ebd81c276e5b3cff7044186527fff39a2752dcec01f69699
sample-2646.eml,39829,2026-08-06,d48746b5f165a3d94bb03bae575a3f52ded16c9440fcbcc8b1dc1e0ec784efaa
sample-2941.eml,350482,2026-08-06,b566ac7b532eb14292e0e05cd2389b93108ed5f58ea24b27cea3a65be395a2e7
sample-3053.eml,22930,2026-08-06,f5a5b259745b2b1009bb5fdcaff491924e41460a68fec4d3c116c65ab69a37f9
sample-2633.eml,105367,2026-08-06,0fdc627ec9409c8a9106936602dcbc279a33e775d3bdae04208463b9f5a0390e
sample-7343.eml,22060,2026-08-06,82f448e95f32ebf2157a4badcb886a4f8840f1f4f552e8a069db1eb2bb410715
sample-3109.eml,18622,2026-08-06,50e3d36ff53d2b18074566e873f02675f0c811f3b81881f053d62861dc1d574d
sample-2106.eml,12904,2026-08-06,ee3ddc978113e88a42321cec6fa5cf781884fd673e75bf89f92d1d3bdd8b7d2b
sample-7664.eml,20586,2026-08-06,f87257e80a95b8e5537926c4704a3869fc1b75f5724eefa8b219bb82828effb5
sample-4143.eml,20948,2026-08-06,4d31c8cdb8227fd4993d1e63eebf8336ce99cd7b8aeb9c438d8808a537ff5882
sample-7243.eml,19933,2026-08-06,0fc3e76b7eca87dbde6e51d5100b00eddd6be374b43a1d9e979d09653e0c4aa7
sample-867.eml,25692,2026-08-06,e5f2b24cfb93685fb663c395c7be45e220861b3dea44bbd6a846f89a007e1999
sample-1147.eml,24789,2026-08-06,06a3efaff102b38cb6e5b796adb0007040e57872452caa3e7c7054f33c4d346e
sample-5228.eml,18310,2026-08-06,714d89d9c90556ec065c51116a60129037e740889465ee38fe2512bda6b9a08c
sample-7156.eml,17097,2026-08-06,1b4e6c329ba872fb6a81a86f10f13b128181e89c32a88b331556ec2e5ed6d59c
sample-5599.eml,68224,2026-08-06,7fdec4f3041fec4e36d596d1e664202cdc6e0ca18a972392e29c703caff95285
sample-5007.eml,14445,2026-08-06,6e495dbd042a1cd991b49c6b7769285cd3bbe5e1f9be25ff4915a9d021a07144
sample-3920.eml,29454,2026-08-06,db4c728215611ee37dc11d0936ef2a87fcb82454e34b82ab5c64575209e124a0
sample-745.eml,20159,2026-08-06,13c4a512561a0a33fe989a254b7cd58f788bd042a5ece9ae2f0e6ce038420eee
sample-358.eml,37475,2026-08-06,2ac20a9b0d9452c98d63b73205c58a75be4eec7218d9a1ccdc47dfbbb75b903d
sample-4296.eml,18216,2026-08-06,9417973af0411ca5b6a37fff9f2b076814c9153d4fe0c3b1861643e5a5dc6255
sample-5548.eml,15340,2026-08-06,03c0e082b606e61512850c059847d7ed99441cff9266fe2476ff68d8611a7a5a
sample-7644.eml,21338,2026-08-06,cb392c0a60b8f8f9343a79f4592e0ff1bb84641ec22a428f6294a7c57d6681cc
sample-2370.eml,43366,2026-08-06,41db16f975dc0738291d868e67d4b041c0beb8ff09d1edf6c95fc8400f3c8526
sample-3663.eml,27582,2026-08-06,3b2d556bc7c1afca2ba5f83da6561b3a71c8d66b53f31254a44fbe386607eab7
sample-8260.eml,13376,2026-08-06,84cda361dc69824e53e476b77acea525dee0ca2b976add56f5d6fddfca9d9003
sample-3516.eml,13317,2026-08-06,1d8834ee0fef03d2fe8ffed3ef0c6bd7f1b15a868e115576d93b35c6482a5dae
sample-2336.eml,20472,2026-08-06,0b73754def99df954bfc55da348c23fec7ebbad2bb4eab4bfc57778d5e85c49d
sample-2460.eml,17113,2026-08-06,1900c781a89c63cbf1a3053cbd02b078c2bf650b697d86b01b88e62c252ce322
sample-2620.eml,23774,2026-08-06,ac4964b8c14182100897bfeb89dfa594388a15f16d4be8d0ae67d7246ab4bbdb
sample-6549.eml,14606,2026-08-06,ae5f2ddf75cf7112cb8d6b83fbf5bdcc3dd779139a761b6b7fd892c72f3d0244
sample-390.eml,1527,2026-08-06,1e2a3017c8a04f436564f0bc8717fbddf87956448127d435ef371d9f36b3532f
sample-5780.eml,12189,2026-08-06,bb7f02ad6e81b70a2f9ae832775c09f8679833d9785f8aae44068b205927f3b8
sample-5495.eml,14934,2026-08-06,fabed11fa2f3d544ed62f7f857469049e704c7dfd602383f3af9ca5e9928ea6b
sample-2335.eml,21713,2026-08-06,4ad85395ff717a3d6be65c182e4bc4863d75cf322be50b9e8cdac9f1602aee3b
sample-6737.eml,15816,2026-08-06,b892a97bba90ab11723bedd0da29880338ef30900bcd51b94a670a3eb2a0d09e
sample-6955.eml,24349,2026-08-06,9a6520074e857bf6c93771b20b5534e041b771ce1405c46c86a7fbd07733cb21
sample-2863.eml,23140,2026-08-06,c0e62618137cd5d363dff7984ccd43fb0d03fb4e4331fedef4c4e4780e97039b
sample-4548.eml,66734,2026-08-06,cfa0f5119977dfe2cf5b9fbeac7a2e4abee800ac8effa3cdf54d732508d0c3cd
sample-7848.eml,30704,2026-08-06,ef3566d0d163edffe834934fc04664c753f333b75d7412211a0bc30685a9554f
sample-654.eml,12277,2026-08-06,364b3a754a7b8f06741148dda6f3427f93a65edb4eeb2d3cf88027438e7ceaa3
sample-2452.eml,13875,2026-08-06,071b5936e041c6810fdc886b43c47f265165d00b082e8ff3e11710d504f103e4
sample-7479.eml,20474,2026-08-06,ca22ef308b9c07679b76d800220080834c36d7a8e6b30d9b8431e005a53ba9ed
sample-1677.eml,20353,2026-08-06,030238f37c7a4623caf36a27a88da6066113be779c0b4752ac0b0a2f96b9ab0c
sample-3011.eml,18797,2026-08-06,7f58c634252196315ed1a16bf67b0189261f5a979ff535a7e6f6d3da2076a04a
sample-6672.eml,21232,2026-08-06,39a21800b1939f42cb3680e693e62529b007f845fd3339d6daeb916291b22585
sample-2162.eml,9950,2026-08-06,8785dc039df026e08be834067ac1865115ce80b372c4df6af4799d433d5dffb8
sample-311.eml,10900,2026-08-06,6ee67992785116f83b5106f95f13fc65f912095767e71e03018212c9c00b3022
sample-863.eml,18683,2026-08-06,7950e22b5c61bea9e853f58b51f798f44455844346fe0e7ec0689f32997fff17
sample-7924.eml,52245,2026-08-06,72757dc5ad9040e784c490fa281bcf9479951f489ea509e35c1ed72ca503e2fd
sample-1619.eml,34804,2026-08-06,893b935cf592c64746885bd3d7a5ca685e6933b72f4c5303f6f55510cd885a49
sample-5485.eml,17925,2026-08-06,6a0c99f8a0ec72f332aaf73529f7d20beacb3afd74bd635ddead4afb21d6468d
sample-4009.eml,17518,2026-08-06,0dcf1e4597124eaaa752fd5643ae8f51db0c2e05f5461ff2629716328dbb4b36
sample-4785.eml,87094,2026-08-06,648ebb842d42e587792595b06f958152b97224f611b0e1453178c6243478b5ba
sample-6841.eml,23798,2026-08-06,e13b4275c3fafae579c3c2898acf6f6675349768c2959ad98582caea675cbdc5
sample-1643.eml,37875,2026-08-06,36d8433a64e1b330486d2883b45694702bcc16897ca2adbb97c722d5682e48f5
sample-4145.eml,18754,2026-08-06,20919de256b9f031a188050aaec0ed767b353d6ba104d6f3147cb89b4a55ffa2
sample-3765.eml,28472,2026-08-06,2699002b9d9a685d45e0810a1f809e90218bbe736460ead5a60615ef516eddd9
sample-1814.eml,18321,2026-08-06,a8f1270696536f2881251e96f69a41fb704c19fb23fb28b38cc8e96e2bb50a99
sample-5068.eml,42531,2026-08-06,72ba54cbe687392475d896d26f1a6376a9cb6bc186c8cb001638c86705b94262
sample-7013.eml,55666,2026-08-06,5cf8498249fb55f88aff344ed98a14f3b742402c33927ca4300852a4cf748dcf
sample-3606.eml,12466,2026-08-06,69851977260d372023b74c38c88f5b82456219a4a5aa283b8e4f9d6f9c1b42bf
sample-161.eml,32686,2026-08-06,ee02b6b4c51e8eb9b40717dfd68ec705f59be0eb1437ed423fb99c20b1e3fbb7
sample-6881.eml,29873,2026-08-06,2d21d5dd44ed16b7796d74abea03afdea77c1e979e1d933d2b550daa743b60f2
sample-3222.eml,18698,2026-08-06,5948af90a7175d97a57c0f2c3b054fa34de4f0a2486cdd1150429bce9fef9796
sample-6965.eml,31364,2026-08-06,46f54d05f98ac036099ffdd3f9f647fd709e9199e8b9f83760d730515bff1320
sample-6565.eml,39686,2026-08-06,a915f2e06a09a29465d95c69e80ad84bc91f8e15e8773a74f90b7bd1bb0339ad
sample-5701.eml,13176,2026-08-06,e384b690ab0acfbe5bdedbdd4c5b04559214744750ece6b0ca510a8c05756081
sample-3949.eml,15609,2026-08-06,479b3fefcbf96b410ebf4e9f917a240c36d07c87fbd5d65649bd4f3afcc57ed8
sample-2457.eml,25020,2026-08-06,c0a7b341ea1d0ad5f828aca65362e9164f6c9d7531014ebdf8ef52eaf126a093
sample-5761.eml,51813,2026-08-06,1728038d38325cc24cf8ba74e71b150bab9055f8e39ad4e153bae9e613e2cbe2
sample-2810.eml,18633,2026-08-06,53c52f274a75f76dafe59f9fad9769b5612f54fc98deadd58d4e23c3c06344d6
sample-104.eml,20334,2026-08-06,a714ca0e99f4db3223161fab030cfcbac2fc4cdc8b92f321eab37ab578e3bb09
sample-4290.eml,19456,2026-08-06,dbb7872f7bee6eeed6976ca4e8d4387abae174ef54f1e2a8833f0b5f3f525d0b
sample-3255.eml,23135,2026-08-06,782859e035093af591a738be1586c51d564043839fbfff4267e026c9733b202d
sample-5336.eml,14413,2026-08-06,9f00ac4f3c266b1ec36e1d01eb1fd97a8f00374d0a12888505126768baff0e25
sample-2381.eml,20932,2026-08-06,d5d173c27848134c510d0ee4ae8f8ebf7ca1ccad91021258a5b2badb9f2ea543
sample-4633.eml,41238,2026-08-06,3fcd201d431892997cd6fa1d924faec9d428ddd3c58c3958f2839c62462ea82b
sample-7229.eml,39627,2026-08-06,0b88c3675c822e410aff3368fbd8e5190dff75d7a7310daf6f504e3842655b07
sample-1427.eml,116202,2026-08-06,61e4b65461bcd1bdeeb28481e4dfc31e13c275c2b82dae55829d8611698154d3
sample-146.eml,8627,2026-08-06,a5da98b7a6002011e4c6642f53e8a4cadaa397eb73283a73d91305e3620382ca
sample-6339.eml,18366,2026-08-06,d1cd0d5e9efc7bcbb4f9ef4286690486d21ee6fc4a2bfbf2559c328504a02ec4
sample-8523.eml,11762,2026-08-06,bc3bc16015b2c16669518ea4774f8b5cffc9a607471332a8e19b889712f2603e
sample-2136.eml,24654,2026-08-06,d8805cefcf3070c77ba3a8acbe0a6cf599b4a1cc1b2c65ad252bfdf6095afca7
sample-7128.eml,50169,2026-08-06,4a60caedde8e7791a1ec7aeda57b98b671fc4763cefe479dbc865f27d22249f6
sample-3766.eml,30608,2026-08-06,eea15977f42adbf04664eae2bee20f7b2e983306421a65f2f69f85f4c317e4bd
sample-6989.eml,19577,2026-08-06,abee46c247b849aa274b35fca302a91a0cddb79c2c8761c31286d2726c717465
sample-675.eml,28306,2026-08-06,799402af154619d503a6aff55f2f71e8c40e81e36ab5930b0a0752cf6cae5345
sample-3959.eml,17554,2026-08-06,afed412adeededf0f1246c1b99d2db84f64cf142c9218581ce4de7c05666a461
sample-7342.eml,21368,2026-08-06,89074fe78186af12621cc53612b146479efb7efff1bcab43c5e268ff8f27d924
sample-3871.eml,19564,2026-08-06,64616d92b46163afbecc562605b3bc484a98f420ca3f70285095c39d0ce93f0c
sample-5468.eml,13483,2026-08-06,f3934ef81463ae497a92aa4709d67c6aec27ac2d509febed72843937babed7c5
sample-7863.eml,41394,2026-08-06,ea3604f740e047ef309a2f1487ad73ed0f9b9b867fc20e4b9277e5de7d6ea325
sample-6416.eml,44021,2026-08-06,97f2cfb45ee238efba36c3c0b73319e30ef21937ec2556eacb14879a72937dae
sample-7415.eml,18769,2026-08-06,670bca86e0476948b4bf98f378e8e3a93ff53aead4a5cf6a081fd3685307499f
sample-2790.eml,25573,2026-08-06,b7fedf49d2bb51e455d660adea86c8d182ff2f6747c455be2d33a92073dbb4af
sample-7226.eml,15729,2026-08-06,42d4eb8bc4ef214f20a122193467325e3f148d3ea77981b693318abcc6fc50c4
sample-2813.eml,17607,2026-08-06,486c51bc10b2a176a7c3050c0114d03afd2d08e96f4292d53dce3000cfcbe185
sample-4587.eml,21328,2026-08-06,f8bce38d594b177309f659901410c54c23df727ca45547255051fe4820ee8f66
sample-5785.eml,13900,2026-08-06,dec962e91dbbc28272ca868f6409436b9afe796ce2b116b4c9b7e04b19eb9205
sample-636.eml,15433,2026-08-06,b3623922e52cb22ea9f80d6460a4633224f6cf25e63ee7ae43b959186c598c84
sample-3713.eml,30322,2026-08-06,0e26bcc845e8e6410046afb9cf48ad1fa1c7666424a075b266b0deb08e04ee5e
sample-8249.eml,467364,2026-08-06,1f2c02ff8d44acdc35d6babe08b07a4ede5f7157f01e7ee35abe49cdb95039ad
sample-2649.eml,105295,2026-08-06,e48222852c5e866f15636c853739bc9f314f69427baa2761a74cc066e066daa4
sample-4058.eml,18593,2026-08-06,00d99dc1b3e1f747d3aa701416b6b5deff78ffb17a45f69f4e2f73a52a7fec32
sample-3620.eml,86121,2026-08-06,a7b95eecb1d8391ebbd3673ec02120940b62eb9bd6a94e4369dd5c991d210fc7
sample-613.eml,19143,2026-08-06,6012caa9f4d324d475efe767248deb8b862289fcdc36ec451b848fc387c9c2b0
sample-3711.eml,28199,2026-08-06,7a4e7ae56253038528654f2eca7388b30167a0c6e328978c17ed3c9b2c5e25ae
sample-2094.eml,145980,2026-08-06,bb5e8432db091dfd713562a9b254e12bf482242c00bc5b73951f1d59adffe773
sample-7781.eml,21214,2026-08-06,2b2751d7a9ed1f622fd976901a6cef164dddaaab4e5780223bf14ca0506b3f4d
sample-6023.eml,39793,2026-08-06,d7e7f9e5f46460685eca7ac76dcb1f4ef31bfa1280b471f5ef0749f9f3438ffc
sample-2356.eml,19694,2026-08-06,5874fabe35549fabdf5456bc65f0ed9e6fdcbc02aa119af379bffddf6d9950e8
sample-5216.eml,9596,2026-08-06,51f976c55462434ae2c7c26e2a8e0754c4dbaa4fd5be17b86510d122119b0604
sample-8067.eml,17149,2026-08-06,d5587203d1b49809e4b73e0bc369691cb037ecaeb27918ae48d1efd5e42b23d3
sample-3217.eml,12511,2026-08-06,8a2d48a232f69abf5f65a076b063f97e6f34e0c9a33004d20f5a0e2c901e3fe8
sample-6562.eml,14836,2026-08-06,86274156156f4b1336813eeaee247dd9d88999efa89b6d401f1b410d16c0b01f
sample-6277.eml,23975,2026-08-06,cbe5d6e0795c44745cb35e9a2cab8686ad95c7c994db37d44b10225f257d8bb8
sample-2507.eml,16941,2026-08-06,86f9d03fc24201e11cc6430f793bd470771418933d8b44dd5d5c79ade0239fb2
sample-4534.eml,15753,2026-08-06,0e12f1a336b1ceb10011dbb77ee21342a27a855685e1b5bb400bc6f6cd2c0084
sample-5369.eml,69152,2026-08-06,1c2f1dbf1d3da7e2d365e7c8b97f23d3d2786ce66552bc7a0fabf6f991f2650a
sample-8314.eml,21935,2026-08-06,80ef3a0888f5e4e39aaf340caa5d8a91fb11cedeaac7683df7a609d50c77cf92
sample-4708.eml,9174,2026-08-06,53d7d8d825d0b42ca72ebe753725426b2e4681c088c4a1b41cdc4b2e218a87a5
sample-5587.eml,13941,2026-08-06,10c007dc846126b3c5f81566ab352567e035e8021b5d4d179e4d0335c9815c0d
sample-4069.eml,19855,2026-08-06,bc1f2ca2fedf17043966e808e75a5bc14772fc04b5b3645f46f50e65cfd3193b
sample-3475.eml,26091,2026-08-06,66b74bb99d377744c141e014be37f1a5212cf1078d331e56b0e73b0537002f6e
sample-767.eml,113729,2026-08-06,7311b003355a5474e9c240d7946648ab138377fc1930b1c2bcbe4d0b15c61856
sample-3471.eml,20299,2026-08-06,9d3fd18bb5ca7ce25c171b68cbd9304ba1a862c2ed1d3b79102666be33acab31
sample-4923.eml,15274,2026-08-06,45f8a932d30a3bdbd97b99bc40ba7f02d85e814bfe76591d1a921eead387d382
sample-5749.eml,71103,2026-08-06,8b5fe20b2f7b4d9711bec4583e2b01d01d41d8694da7f4841174e44eb8e222f6
sample-3622.eml,135164,2026-08-06,581caf28f8f3d086aa5c2a7a1abaf83586b1f0811628f9fa9d142521e55c0725
sample-4762.eml,17800,2026-08-06,603405ea54957e8338632b03e8c770b80049242d0ce196537fb9837a3eb20b4e
sample-6093.eml,13226,2026-08-06,c86006eb0ad9ab82fb6d2bcd6831e5bfefa9c1c5ca9047a99ebf9d819ac1331a
sample-1688.eml,11411,2026-08-06,5d156da3150d86e2210e2e9550fed190fd0ca9711a93ec71bc1fcc6093d4ee51
sample-3536.eml,27549,2026-08-06,ae0da57285de91b9510470d04e5d25760c593a1b0fddceaca39f4c89c11e2d32
sample-3337.eml,26144,2026-08-06,cb9d83c70309c9df9e7397f6ac636e744609173de10854d2c2b871b51aac087b
sample-5484.eml,16634,2026-08-06,d188539ec4629cbee610263b23e1acb0410e08e526f914f539cb0e4360fc3f5c
sample-8423.eml,14692,2026-08-06,f1343d5f09d897131f22403a9525a6024face16cafc5528256a3a31979872982
sample-3446.eml,40201,2026-08-06,a3c8c5df790d237a908c87ceb8ba8490235a016aee8dd774752226c26a6d8924
sample-5639.eml,20166,2026-08-06,ded45ca86e2822a26d76ff625b3ade1510600bbc0e04898e2a28e2b9358cfbb6
sample-2036.eml,134168,2026-08-06,ca5bc9c64b311b73410929ea930c3b3b6e077379aa3640f54ee74501faddf62a
sample-2974.eml,83363,2026-08-06,8199a852c8dfe6db35993d8754bbfdd0bcd9585457c6d8fc640e2f66b183406c
sample-5342.eml,13982,2026-08-06,9e9cd6d8b78eb8e2c7c4f380cd3eae3283d0cd434fcce40e544942edda7c620e
sample-1224.eml,21752,2026-08-06,0e7eb43da4499adc1fddd4c8c04f40e1b39af6f074d31b4b00262893c0cfdf66
sample-7892.eml,22432,2026-08-06,1a0cfb995baaf9a39edbc623aeb88026924dc74b3cc5fb2d950ac50193091885
sample-5039.eml,27227,2026-08-06,94aaafb0a96bf24c5d629632f7fc00d3240593d70131304d0e473e442b227822
sample-721.eml,298157,2026-08-06,e6997e0722cc81fa4d34406bea56279fcad79ebdb9645dc4cb0fcef95d508cf1
sample-5153.eml,13454,2026-08-06,a4ef21438a002f37b3c4c7d6a7a817b6c079f48739c7e81e6c8f3ed5c7e26f93
sample-3886.eml,18027,2026-08-06,3b2876d26221f36a551c4f4290bebad5bb902b0663a8e6798bec2618350c3598
sample-5678.eml,101235,2026-08-06,efef3cdb0569fb8e67153255fd7858d27fb4fce0bd205b8c716295653f60ce06
sample-6318.eml,26998,2026-08-06,ee7ef42b8432153e7009112cd153a040bc9e3148fcd66b45295ee0fbf65f9dbd
sample-1734.eml,18932,2026-08-06,ff13d4c3f364b92eec121e7fce6616c6992dd33f725b2b98a461efd5ad169be6
sample-2323.eml,11409,2026-08-06,315b04b810c68840cfcbb89e136fd882175f2be0092961ff5c8ee36795520827
sample-7752.eml,48391,2026-08-06,6ea5f4b0b99d89d98e9ea98763f387355fdfcd2bbe76ad9d3d6d0e11aefe23e4
sample-1621.eml,17713,2026-08-06,5aff9151d675ee67ce15013e1aa594b79a5d7a00fdf625c2b670ae8d4d2eb889
sample-5810.eml,52220,2026-08-06,1398400931c4fcd2a1cb66b196a22991762ca305ee5f956586b9d6e71be953b1
sample-3148.eml,353154,2026-08-06,1a4d451b77da7b3f16464eb6383f011c506d17ebbf1b7eaa9261671b88cbd53f
sample-1996.eml,18525,2026-08-06,706ba8bc416f9fbe0f908b7384bbf087a646652259d26ee4992a7588afc1fe9c
sample-1412.eml,15532,2026-08-06,328899c4f9578f43b2481f2dae044460f36aa8ec036644dc1264a472da737367
sample-7386.eml,17647,2026-08-06,9ee78ca5b946654b0b2e5a6c5495d3dab765015c6d0c035c5624c8f60fc1429a
sample-7717.eml,50842,2026-08-06,32bc34eb29b5baf3f5a779e115254e0adbd5e2cf71fb15ba7752b077e28ce9a4
sample-1010.eml,40826,2026-08-06,03732a6852091ed1e3910f5c45596e3e9dc39c5b2d21c3089b1fa3d6f5c481ae
sample-2905.eml,20383,2026-08-06,8378ee00eeca023e2d8f6a03916787eb0e871cb8df0bda686e9d4952a6b24624
sample-895.eml,38793,2026-08-06,68ce6c752617aae0c9f579b8779ef72f56ec5c1345d2a533a8f4d4aa575e2047
sample-1849.eml,104555,2026-08-06,197910c5a3fadd8c8745c775a49cd7456f4cfa9293f08bb911405f74c8b60cf4
sample-601.eml,26004,2026-08-06,c28d795101b6b9874d88d7a1833e6a5e760d429a9a4e26d21651db4972456ec7
sample-1356.eml,13209,2026-08-06,627bd8b132f2181bba77dbe9716751e410980fca23bf27f45de5f270076c5598
sample-6906.eml,22619,2026-08-06,615978730b3ebb8eaeb2fc71442f5178b9d4c24e0e56dbff64579c4ee4442bcf
sample-2783.eml,30529,2026-08-06,9464597bf4199e8689bd93f9ad61612637961440a8893317425ba36e4822479a
sample-3171.eml,35093,2026-08-06,528476de65617c802633c5db175745eb98dd70fa9263bcf99a7db1da5f1f0425
sample-3426.eml,16174,2026-08-06,0f0cb8589d05a2ea0d79485fac15a379c2b5581599ee3e8a6c395cba26dfb11f
sample-8064.eml,15854,2026-08-06,c8a35d88dd78992d0ec3de9e83584df55d822ce297bd203f07ff97c2820d200c
sample-4608.eml,23714,2026-08-06,6d47ec7e5c551da8eeeaacf9b76f0d8ea0f3cafdb34c5f2146f09f4c94105e7d
sample-1079.eml,24783,2026-08-06,d2393a7063a05f22e45ee6c3cac210fa3ae4434836a0fe412f3b9c1f00ce701f
sample-4570.eml,79886,2026-08-06,92652fadb85d29008fd2cda7ac7f377307c813eb502e990546cc5eed26d3eb95
sample-1319.eml,25268,2026-08-06,0bc796a6207149d755f38779cd354623f6225f9e186b5770d3c411ee43dab240
sample-4543.eml,15480,2026-08-06,91c61644b0237641667c9617cc4a81af6468b037f3d17b683262df103c0d3cb9
sample-284.eml,11736,2026-08-06,52375b39e4a43a74f6aa59cd9814d6e15b6420ae7c6072f337bf87b1898d617e
sample-6545.eml,26847,2026-08-06,8293e70aa4ace603097ed6bc08ede211e3c310b01b7ca5f34a340f5f9152b809
sample-6605.eml,19600,2026-08-06,92827893933c97bbd83d9f632a652a6920974c5e2004bc570d98d583fb9bbcb5
sample-5467.eml,200447,2026-08-06,ea53fc552f62783df563cd8a2627fab84dd72ee0d3eddd08a5ebd562af1ef49c
sample-5978.eml,18568,2026-08-06,084a26e9490e87df13ededf53ed0f50fbfc86dc4301292d13a5266039e86417e
sample-8344.eml,469905,2026-08-06,2646002dac5ae57f8c60ecb25ea72c0a46eb97a14c1fb08882936d21df0baaf0
sample-6281.eml,25860,2026-08-06,bdb91e7419d4fb42815eaff0a4192a93151c25325ca20b52e3092cc1e5ae9a07
sample-5788.eml,17459,2026-08-06,ac55d0797b2fde4a4faead39f576df4174cb3f82b90db5e4696ed693c4830330
sample-1733.eml,19068,2026-08-06,78b57d81029259ed225a570f24dc866b04c1a9aeaac02373196957ff1235108f
sample-57.eml,171893,2026-08-06,079bda136e68211db7728582956ed696873dd9d56c59e7026e965d832474de1a
sample-8565.eml,20086,2026-08-06,c4ccde86d33db8bbf144eeda29883e6482d3a387a0ffc45ba99875399eb4fecc
sample-4894.eml,41324,2026-08-06,774b6c990d9e72a3a70e322c793025264badfa1c3c9e0529a5827d725e0fea52
sample-8243.eml,16930,2026-08-06,48dc7aa0d039a856c02bc417a92bf1ab3488b69e15ebbbc2938360318e76a587
sample-2673.eml,23239,2026-08-06,54751d3a2ee40edb16bd56244913c120a4c51800388117e7a7e2767f3b8712d8
sample-3052.eml,20806,2026-08-06,f194912b11d367f411d439fb65347135fb5cc8021f30e37276d63c5d134a2743
sample-6333.eml,13911,2026-08-06,418eaa5f4839d273610b1a679bb76ec4e057b5c8b8ebee403f7cd3e11eba1fbc
sample-5118.eml,43072,2026-08-06,32dcb6170d8f301be8f2762485276af6e39a894cdad6dcdd3b4c2f08fc3aee1e
sample-1601.eml,18546,2026-08-06,ed3b485e4ea45d9da9730ab31a2bfd7ab7f6c608b3f211e437d2b2ab25f08db7
sample-3998.eml,9215,2026-08-06,7c901144c6042b11337a48ab89dd58a55e5d5c6e3a0928cb85aa62d182a1bac4
sample-8584.eml,20498,2026-08-06,879a1c87dfa630e1e5401f745ebad418f12c28cc123e221ff539cb487ee157ea
sample-6953.eml,21591,2026-08-06,dad0828c8776260740f8c5e47e0c854760f1f359b36144cd2237c8532b662db3
sample-2339.eml,10835,2026-08-06,a4844d2300c77b0d427c60fb26d879e0bad7c0dfa3ce248273d11fa79af3a83a
sample-8078.eml,473319,2026-08-06,4269a768165ad5608224751014eba5575f399c32d95e04f0e47294c733c6979e
sample-8329.eml,19471,2026-08-06,156e156c83ec3f8b4e503a482a6b6095942d866a5755da467e4642173c58631e
sample-7751.eml,41460,2026-08-06,4b6bf89bee82ae453f6d63acb6143ccdfdada70553dc5a4b7019f1e0cdb67120
sample-7274.eml,27511,2026-08-06,af8c19240211a9774f3e41ceb865c415bbf3ab524c4e1a8f37912613e841e5e0
sample-4965.eml,12832,2026-08-06,a74f4e278ff56be3fab78efa170aedc6a4253a2c61f477fd373be0c8168e6ba1
sample-2014.eml,22077,2026-08-06,0d8f8a6ea6bee4596e9e4e5c45a95ca0743dc4a8333befd7404a3274722d31dc
sample-1123.eml,24874,2026-08-06,d34b020e65a4d849418a6ce615afd81fdc4ae89e4558321f3736c423206aaf9c
sample-679.eml,20256,2026-08-06,99edccde7465597d9adc483103470cdb04d70fa0a617575336ca1dfa86460bfa
sample-3984.eml,48416,2026-08-06,faefd952cce75e12999fcdae7fe86ed239e58ff60258f58ba0ab85d3609e6aa7
sample-5564.eml,22162,2026-08-06,b4f78d63ec163932dff91592fb291f10e943f1671432a0501dfc6bb3de269996
sample-4585.eml,18073,2026-08-06,32c28f76a3939356af26ef5f28425285640e2a3f71eceddcbc6d61c4cf1621f0
sample-4852.eml,13981,2026-08-06,44613cad5eae709b5f0fcfe644adc5ef9ce99a3f21fedadb8ad3b9a1368246cf
sample-97.eml,15569,2026-08-06,2d2b2b74f43eac80e5b84259d609a26471a72dd6bb455bbe6d027f045efd6c9e
sample-7893.eml,19085,2026-08-06,e12c1b8a00a759eefa9df2642e13bd2c152149eef0ce3a51cbd02529c2c25632
sample-8309.eml,473831,2026-08-06,005bcde7591fafb23a0c603da974b5e7743f0df784e90a5bd204c6ad1aa34a6a
sample-5920.eml,24954,2026-08-06,e9ae0840fc9f646eee9f7811320f7485f1d98e6b994d047ecdab87b426197033
sample-2340.eml,15113,2026-08-06,dda64b68f7202ab486d2c5c5a822c51b1cb5d33f8526663f0298721fd5e62e14
sample-5023.eml,27002,2026-08-06,f20706beff77378feaf9aaa1f5f896c76941872d7ab8f28bb710ec2a0e4aefc2
sample-2472.eml,34096,2026-08-06,7331c913e51d381a2ab25254106ab1b77a25291a32a113e11202c79c27b48067
sample-1389.eml,40720,2026-08-06,0b199e2409d4f59ec308ca4d5cf3210e054e27271af5398794f4b2d942dcaa89
sample-4380.eml,14742,2026-08-06,c2d232f43db9fb23fcf1ca7f6b3fbe2ec4309a1bf04a7cef5ed956f07987f45f
sample-4542.eml,10984,2026-08-06,941a455cd5434ab8fddc77ef6336f4e468b7d788640d9aef0f5fbc3b599ccf91
sample-4761.eml,17692,2026-08-06,ddf9356ffa4d70c6e8bc0ff6f44fbc5f155088b72739850b6da71cd9393ccafd
sample-1149.eml,24842,2026-08-06,6ebbe3254de420aa71f8a8e43fcff4278b3ccab0db2f28c315351deecff84d09
sample-1559.eml,18394,2026-08-06,2a59558bb969e9b4713605e599813285910ffa4a659f60ab90dbb1e921a51c26
sample-5071.eml,14295,2026-08-06,7f041d1e5fe4c127046787f47765880568c389c477d2ec54bed05594423c98fd
sample-5791.eml,20768,2026-08-06,f79e7c3767de59171e13e3a668d1436b7122ecf505eb78ac85f26082e3d9e52f
sample-8125.eml,472388,2026-08-06,214bcc0faae431835ea3d991bcf56c17603fdea65a9055ed8d15ca9e4873e5c7
sample-4398.eml,13659,2026-08-06,b023b50bfb45efa5397833d91c81f2f9a149e853e7cf157c6f598ceb76262299
sample-4477.eml,41486,2026-08-06,6a579bb583a208b994114a1d065ebce0119f5fc34ce49e976c84679cf94fec1d
sample-5735.eml,24676,2026-08-06,765a63bf5a03b32c4254947b526e1dda2c1735f9bbbfb32e3c8fb1ab446b7d07
sample-3993.eml,15912,2026-08-06,5a304c53b9d30220f71f6aaabadb26d32608d86612e33905538e1950842e983f
sample-7814.eml,20653,2026-08-06,bc2bb6c5f5ac33b0ff732f6ad519ea7dc147c4d151e92ac096eee40223186966
sample-7973.eml,23852,2026-08-06,6becc83827d04d5491128237722abb8ef3f7cbf14ae2099fa6324a21cdec107e
sample-3895.eml,30185,2026-08-06,19a9f0b7c5896375c6ae23862092d3d1c5723d86658f5005b1ec11449c76963d
sample-3409.eml,16811,2026-08-06,06e97b7ef885228527dffdf9a4d2059b4887a6cf962fb0872478bc5e02ab3fc4
sample-7832.eml,27186,2026-08-06,4fd23210d49d7528070dfb1fdc153a546849128cba7c73e7ba3ff836708e5788
sample-5490.eml,11738,2026-08-06,1216e455c847769ff7a72c8768c95583a24316c254f5c84640edae383b3669e5
sample-3223.eml,55569,2026-08-06,560b09929b33b13901b6110612e93a6416167af567684f44c8fb2a4061bf57f4
sample-5317.eml,31343,2026-08-06,bd736ed22d7e57aaf95f49163ddfd5ab7ea8ec7523a65ee014f27b19bcaa408a
sample-8342.eml,289393,2026-08-06,96753a971e54d3cae9ef8a1c73a10587e24575ce63b691aedbe0d4ab37338a89
sample-3848.eml,27885,2026-08-06,11ac5cf2a0bf5eb32f2c812c21a0ee045d8b64f4a8e23e67474e4718f6dd9f7b
sample-1485.eml,41275,2026-08-06,371bbdcbf2f75fd454dd0b9fb10ff2ca35a6c2246c52605cd0bf56cc60d0a224
sample-770.eml,8807,2026-08-06,6d6dd812af9bbd7e6092ca191515236668c063c69ea10207cd1cda8942846ead
sample-4439.eml,81141,2026-08-06,53e14cfd92d6ab7088552e51232c8e72abbe38c0c6b08ee5fd8659293b4bd7ce
sample-5260.eml,15784,2026-08-06,46cd174e979bb3ca5585210ebdfb8a0263e2a8640bc4383b8abe4a4fc3ece6b3
sample-2509.eml,27408,2026-08-06,f38f8fe506b87d8cb052972ca082c350939ad9fced726351b22710528a244ba4
sample-6007.eml,59424,2026-08-06,e453a8120a600e5b3231049f12e2afaa862e7f89992e715c0b13ba0eea27b9d8
sample-4760.eml,15221,2026-08-06,d6e8e86962e33132663c6c376460d8897721888c25a6428fc95d1771181539c0
sample-6559.eml,20177,2026-08-06,d609114ade04025a7e79719480d837fcb145625dad205c0d4dd83b291ad7a5ea
sample-6344.eml,22753,2026-08-06,c008018bbe455b1111ac99d3118a4068f271351f92593f2a36957193c3cef387
sample-2919.eml,18939,2026-08-06,8020d5dc4107ea2e305ef49f34643164313bc5d85c9ff10ea91bcc540e3bd284
sample-4671.eml,21032,2026-08-06,5f12e2a24cbada355053dc89a68691b860e173976de2859645206a545c14c575
sample-7912.eml,21575,2026-08-06,624c3c0edab2a0c16e3c3c8f10d63eb55bb8e19fa2c8f21b87a2e89a3bd058f9
sample-6660.eml,16577,2026-08-06,8aecfaf0c588015dbe927a536141f3a4de16acd36508c7c99ff5d87502789e1b
sample-6058.eml,84218,2026-08-06,d81921d0a85ab702e11836b4d383d835504796936c7059e9185528910ee96228
sample-905.eml,25470,2026-08-06,30d7407050ce58bb06b03a3b16bd9d15b1bd4aef78531919e8526cba1c428f2f
sample-1536.eml,24779,2026-08-06,797547354adfd525c2818e87df76865b4cd317cac0b2da58d9a31637d56856ae
sample-934.eml,44589,2026-08-06,a06f4e051663938df1327f6a046e16843eac39b3cbab5e7d446d556122b7c1cf
sample-2709.eml,105297,2026-08-06,a4b0b9ef13287f127a21674e32a6c01ea0909c509a3e8cd986664933d0b00d27
sample-6696.eml,16897,2026-08-06,d413c8ec329a125c2ba835fdacfdcd7752cbda50424e29b381c22ec46ece3fea
sample-8545.eml,15186,2026-08-06,dcc64312cab509ecae6a3129eb77f441c82b3f207b94685eeabfdbf4d73c69cf
sample-5313.eml,92806,2026-08-06,c8e7564f8b259da08de79cab2aaa1661fba569b6afc642d824283c6a401e29af
sample-2913.eml,14531,2026-08-06,85330ec8cd8b88cf4b47466196677485bcd715d469778795e4c2d5cad27f79ea
sample-6134.eml,24997,2026-08-06,2847d7f25f3a851d34378788b0518280d53a6cc12e99771f9422f303e3258ea5
sample-8369.eml,28460,2026-08-06,750d12d3eee1bc3b650fc24950f7c87b2c66ad5845950d9fbe656bbc5f419603
sample-4389.eml,10398,2026-08-06,52a0f404ad5e99b7640dc6b21132bc7a9a47fb168b3345351bc34089ec9d0587
sample-785.eml,288233,2026-08-06,1d6981e44b2edd90be703e07c0520e5eb6ddd31d0a2e149a76966e79ecbf6ec1
sample-2788.eml,25738,2026-08-06,2a61a1e81bbad4d596783957667d471494d2e9050a7799dc9e4e1c7a1796058f
sample-8196.eml,468596,2026-08-06,f9c50da98bb48527b6c3858147173164271d019b30d0343b27f017c4aaed4552
sample-2341.eml,221024,2026-08-06,bee4b53f91e843a9d9d7603c0a138db49f5255e4ba086ab7560f6cc03a81a380
sample-6395.eml,13366,2026-08-06,83a535bae282b96c7449cd5349490318a6d39005783be81bd66f5eaa38543709
sample-6137.eml,12162,2026-08-06,63732e9dedd139e7b89faea573ee7b3f72be4ccba10a7e7280d015a152cbc192
sample-4160.eml,25391,2026-08-06,7f2efb1e2f282400e58791b3ccc6f8b0a8af09d2bfc70e538dadbcac18883108
sample-4246.eml,38358,2026-08-06,60b7aee7e8bf9aaa87031b2f1e0512f2c0e2905292473dac9c01191a33d87e91
sample-4552.eml,14746,2026-08-06,09c330d4e99fa9f69766cb58907cee5f88a4f9fbb30ccefa13854c98e7a5de62
sample-2439.eml,115223,2026-08-06,40a98714cccb00ca7b7453fba25051e96a93a81f15c5f9272b482b553aad56af
sample-8296.eml,470342,2026-08-06,0568b118548f2f2ac584cbaf3141283c0fd6515ad432a8b07a5e1e1162d1dde4
sample-1212.eml,20529,2026-08-06,e13ab1c1e95abc9d03e570b5897c44b1c106ac0d6fa58be35349bb81f45b8e64
sample-7838.eml,29341,2026-08-06,bd61731accf4db777fa9f31139a286e0ea8790f1f91ddfcaed53256047157797
sample-2486.eml,20798,2026-08-06,58486e04e4931b0a127218d161302be39e0736d60e251c6d085ba73c5e456942
sample-1793.eml,19208,2026-08-06,e0af9db7833bb35ae14be281dffb6dd4b5d478021d71de9ab67e155cbd98aaf1
sample-8595.eml,21636,2026-08-06,060305eba97fc6e978d50f4c90496ec00c148e468a07e8cbd314a61e16bc7a90
sample-5054.eml,47775,2026-08-06,8705868e933b7849d4a4118c0d519193d52a169e803c6c184e248cd7560466fe
sample-465.eml,14550,2026-08-06,bd43167f7406e354e5899df1ed2c485a67c41494a9cae020dd4f6c91c93f06dd
sample-2404.eml,14624,2026-08-06,aa8ca27e0d218d53fbcc52affd4001e9ea9bf65c722aed89179945cf0b9f9d44
sample-7866.eml,17359,2026-08-06,e1849712825868feb809cda040a803a5f7fab4bf7915278ddcc3ca0e671ed8c7
sample-4915.eml,15129,2026-08-06,3fa6449b01e364f54fa5c0c5b7b5c6d05728e9aca190ec8cf97279219f60198a
sample-3780.eml,27759,2026-08-06,49936f2520edeccc3cef58d58e2c7334dc97903b172b14b006bd7c5e3f86ba4e
sample-1303.eml,89526,2026-08-06,89db94f66268a741d2f6c9d4a789bccaf1f9b8ae8c4babca20e2253bd6913882
sample-7940.eml,14382,2026-08-06,6ea49c9fab867f2a74caf953e8af82d130b96600eba645bf2a8fa0371853287f
sample-541.eml,21619,2026-08-06,0ac09259cc07e1b86b3b78e8b398cac8f42ca50d24962e1a7839aa4708923e7e
sample-7917.eml,13399,2026-08-06,acf6ff0683e09564dada92d4db82efa6e994b8182ac9e71f5949506cb14ccc62
sample-2075.eml,14281,2026-08-06,8c52fab4156e1f36b6147dfa43e2ef0d1071e044379be3c1a96808c508213af9
sample-4132.eml,12774,2026-08-06,304cdb0008fc823a0e6a34a7da8715d6606ec174f5edae83eab22ac737854884
sample-6840.eml,21634,2026-08-06,22dba71b0b2c213a72644e596f7ef0f2c558fe67dcfb48a87dde65a9cac1fa2e
sample-3958.eml,28749,2026-08-06,f3ef5e55e1e18730bea7fa45ee6520149da413c6217ee648fef779ae4f872c38
sample-1167.eml,24914,2026-08-06,b0d306fcb498ec27f98dd49700e7873d070f25e82411e30f65a1d652c5750019
sample-5296.eml,19092,2026-08-06,8f40a34eee0ed648f271f728fd6295c0d3cb191c0f7741bae8f50524107ec377
sample-4005.eml,28554,2026-08-06,647ebe87e7e1592a1fea32983bd7ccfe4b99ca246f5b891c5b1dcc34b4823032
sample-7183.eml,22419,2026-08-06,2c733e12c5d9d8143faaa82e87b32d811ecce331e704ee7a40f575331a262187
sample-386.eml,11751,2026-08-06,6ec3ae4fb1df1a803d8c3864bdb62f4286fc1c2a8ae515175960479ed3780d70
sample-6608.eml,24983,2026-08-06,26163b304929fca760b9149d939c352af0bf2f956ee0d212c5f2d7fc3201efaf
sample-7268.eml,19472,2026-08-06,2420705448da9cfa3a553ffa1be86b190e57a2febb04fc11e00917029fbb1e06
sample-1306.eml,142874,2026-08-06,768ee42354adebfcbf687a63b7bcf0438b84cf11148bded812b5adf4f6c2b99f
sample-6759.eml,15348,2026-08-06,e8c8a8d0e1d183a83c54acd40ab6792105b4eab0387606b9d27b771f8c98d1c9
sample-1402.eml,18218,2026-08-06,cadf6308f6cc9bf18d9292d9fd875ccfcc79ea01fa1e9dbfac49020757bd8d5c
sample-505.eml,110785,2026-08-06,aaef411c8d6dca4fcff6573f20865204aed2feb7f401e645cff3aded34303c52
sample-8303.eml,467327,2026-08-06,aeb30102df82927d912cacc7da764dcf01c9e2f2fe09db2ff8a953963990381b
sample-55.eml,20950,2026-08-06,47b6ec45c7c5605d1b62a62e83d10ed4c7f0793fd685334e04017205e7c75da5
sample-8434.eml,15895,2026-08-06,039ac629b16d6fc1536b1281c14565d612ce28f892b43d114089f517f1b6b23d
sample-7660.eml,19834,2026-08-06,d55e25b469ac72a570bf895b192c49f37c6f198c4a3937571c5ea9b6c8435692
sample-2089.eml,20820,2026-08-06,bfec83d77f16c7c765cef6c1a38ebbc49dc213a7b2dc77b81ec4366251a71587
sample-2888.eml,12040,2026-08-06,bad534e71d49d47a9da8a307f42d2063ee124b3d2e5aae6d338e920c5dcab7ec
sample-6716.eml,20776,2026-08-06,4dbee19bb5741407f55b355115d0e7e2ff0e07ea68771956d42b4e7bfcf3aa8b
sample-6828.eml,271417,2026-08-06,e7cb6f673cb70c6daabd768c14bc1bdf4b87ae309bd5117ffe0a07a4e62a7553
sample-2773.eml,105363,2026-08-06,f6bc058a1d0ec1a4c9ad947644debc0ef032322640efcae152f1a5525d01c203
sample-7301.eml,14922,2026-08-06,8d2ec9d193ff84486f5cac4777b6c5170c7d140be7acd90252f93d74f82bdc08
sample-3015.eml,17339,2026-08-06,035e4fce42f1c1ce3c0bef2c5023f18e16c1a7d5ca3e91bd2aa23e6ef0441667
sample-2836.eml,958641,2026-08-06,516f265d69c88112226363dd77e3b266118e6e02ecc74b2aa2439bd1435a83b1
sample-5257.eml,15717,2026-08-06,3148bb7f6b563ad9f7d0d19798ca25814eb8ab8863b3d1282958a914a874470c
sample-6161.eml,31537,2026-08-06,90bada1ae77430364b8e72b89a1b9d397c23ed054f377488570685cad1adacb8
sample-1113.eml,16088,2026-08-06,62b75b7be1c3fbe2cd4e8eb53c64f1e3a948084009dfecfd15e27d74c905db90
sample-761.eml,10129,2026-08-06,604366636df95a4d0dd1d51e7f7cec2c1a08c393caec361479fabe41465a6f6a
sample-7775.eml,16525,2026-08-06,765bb7eaa77806ba4c745454c4ad10d6c277b7f3cc9e87e01d38d51fea6af418
sample-4063.eml,17833,2026-08-06,073df865ac178ce56243441fbc94c292d7f7844562a307cf5e34126c8b8e5a1d
sample-8174.eml,473226,2026-08-06,6ea0c273b3795a3897b6f8d1d6e90d93e838eac31c4fc348f31f87a82a2cb37f
sample-7434.eml,22795,2026-08-06,89b3e1ae30cbd2fb3289f7a24cf3995ec8dc5eca40b97bcbc5c0d55a241f136e
sample-5838.eml,24360,2026-08-06,6c4a7b5a4c57af99edaa26ccddc57955eede1d9da28fe7dd42325e3d67a75ed7
sample-5078.eml,114180,2026-08-06,681be311fa67d3a6431d35a6ffa74138ade78fe1e41fb65ab2d43bb1737d25ed
sample-7703.eml,22270,2026-08-06,d4919d5fa49c75a596c3d091bfff6aed5d4bf9c4017db3e243adbf5d1b8648f7
sample-3939.eml,27049,2026-08-06,e3c87b9cc4c88a16758a02f7305fd5d0765db2e65c37fce799155b297de6f0b5
sample-1195.eml,11141,2026-08-06,6807215c19a8903c8d8fad00dfaf759265f23a8ee1fdf7792fa7e38f657e0349
sample-3082.eml,431371,2026-08-06,67b4624a3dd57c9d46b5918d5f9de9417a51649cbb2da8d517007245f84a9021
sample-7955.eml,16135,2026-08-06,9582dbf1d95640859da1ddc3475525795ee5dc2d279112e157bef54513a69dba
sample-5095.eml,17240,2026-08-06,f21dace86c78d3e66bb3ce4e3d3acacb98f9e4d115d5c3eb8358cc9792746fb7
sample-6438.eml,20634,2026-08-06,52740a40ec627b5ae2dcaac7507a9aa67388ea2bbeffedf84e6db73b8e0c81db
sample-6052.eml,23591,2026-08-06,d934126ec872487c52bfa776db8655a172a8f08ec27633a724f6fd9da2c4ab32
sample-790.eml,19383,2026-08-06,cd6673edf3657169d545e51d4585fd49b58e947cbd3c6e5eec147820161dbef2
sample-8216.eml,15814,2026-08-06,246a9afa6f01469df3cc0969406f1abd3b660197edba830f2a8ac6f843850b31
sample-245.eml,18892,2026-08-06,684785f662595c5d7ea6f7e0e757dcce395700a1bc41bb43f598d099efb7f61b
sample-590.eml,23410,2026-08-06,32f4faed546b618850cef7d17b89e306e8c5330b9d99c73f44f28d137dcceb7d
sample-5116.eml,43113,2026-08-06,cf3727c47d477f21dcf13ea3747dcf20638172cfa45357e37a4b14665ed25a9e
sample-6045.eml,41323,2026-08-06,7565827e8b1d8a9e701dae9e645e72bd5d968b9df04154cc18238f3cf4e801e7
sample-2437.eml,19201,2026-08-06,04a07adc740e109aefd3b38fd6a043c1018d9520a6ec4df49e5f279abd3c00c6
sample-8607.eml,14375,2026-08-06,707e581f90d66adcdb96b41887f921ecde64c25b48c36b6faf14f9e4472a57e2
sample-8590.eml,16350,2026-08-06,c8446a2062f7baf9f9d5729d8c395acb14cb66c2d314cd628e71625822f675cb
sample-8407.eml,473682,2026-08-06,2bc20f6fe49096afa105af518b202ea72297eaa8ea7de3393e11da55b9615045
sample-7159.eml,15844,2026-08-06,6b86836cab666b90996b662bde69a0cd231fb15fa4efe6e16b27f5475559d814
sample-7484.eml,29344,2026-08-06,64f3a9bb36e42974fcf64310808444ba6f56a6ba95288ff0091159401e97d0fd
sample-5836.eml,9444,2026-08-06,faaeb22dbca89594ced541cf84c73c8ed4156d7d8fc31f0004c788e9a5b6599c
sample-1351.eml,138119,2026-08-06,36456e4ee456e33fe4d519e6fc8221eb3921d8812a8281475205e3619d03b8c1
sample-5302.eml,313252,2026-08-06,8c2d84ad48d9516793c2efbbf666fdc799ce6eccf005dcfe7fc92793c086b7b7
sample-4454.eml,83395,2026-08-06,8060910965e108aacb8e46b68c1b6615f363ddb1dc68d700523d07c2c51028e6
sample-4135.eml,19523,2026-08-06,1e34d3db4795b5ef2009a60d59d797d8df425504726d453dd2e6c99b265ae2f4
sample-7061.eml,50104,2026-08-06,827c235f41f9198eadcb0d568d35ccc4e0026571b2095afd89148692ca5fe2a4
sample-368.eml,22036,2026-08-06,e4c819c64fa0efa18d056328aaab217d4d717e76b1fa6a62bc3ab922583e8e46
sample-6488.eml,11269,2026-08-06,9d9597bade5a0ad2c5d0c44a64f522949c7a811d88943ebab06f734c201eed63
sample-4407.eml,32360,2026-08-06,dd0dcecddcadede2397d5fc48082e2581ac49c8f1767506569b4b07c41e5ecb3
sample-1141.eml,17921,2026-08-06,a5f987a6f4838b99fad514e98470bb7ca569c1167dde0daf04e6d7df232269e4
sample-289.eml,10204,2026-08-06,3f8a40dbc5511b32f6c83ca59d2c00f96c5d6ad8d5d892e7fc596283be459bf5
sample-7879.eml,21751,2026-08-06,42ac7adbcbfd83b917cc127196b28a086c8c2c2b580b3da5a6ccdf891bcd1fac
sample-1379.eml,41121,2026-08-06,051beac53de962db2f6695059d6ebe30d534714984e70fa0da65b48c116a32b9
sample-6736.eml,22316,2026-08-06,5dfd82ebc55c561761706b6bceeb549bb6de8057b1c16762b325bd1b59c8f5c6
sample-6038.eml,23404,2026-08-06,f620b2afc2da9288c4cf75d8d54b4552d25184a6b8c3275efc1834f64ae13557
sample-5267.eml,16647,2026-08-06,7b5d7f5cd441578e7a7a6ef45417a47a3662dfa1cd4e1f0ae9a0ffc129b5d889
sample-4800.eml,37671,2026-08-06,4ae07fdd393fc17e353382d22a222b3923bbd7cfd0fd0f9fd5db2a778005257b
sample-3546.eml,12635,2026-08-06,e7ea707cf7ea17b37b4f1596f14887d0681a93af0a6ff4067babab60f4889c62
sample-460.eml,37443,2026-08-06,d9664ace4da8c19b0c410a6d18a0ab0a35e4963cde6117eb2907312974ece47d
sample-6601.eml,12082,2026-08-06,4f50f0ef1e080dbd2e1949332dd9067fac93a3d2dc72da451a51ac14b328f66e
sample-7840.eml,24159,2026-08-06,591e033a743a2847822ba045a2c6eea2dc92662dd8ff2239ec71cac2cadf3efd
sample-7361.eml,27758,2026-08-06,67615d1341f2b986b3e233c17478d9589da7b619f3d8114a6742969e6d70a2b9
sample-2009.eml,104740,2026-08-06,c6418fb85de97d0f916a7827d45eb166abb2e3f47d8b53334f39f189864911e2
sample-2084.eml,24465,2026-08-06,fb66860ced54bdc112da9e2a6e1fc2170390dd2ac00cbf5294bc139319cfc25a
sample-2097.eml,104941,2026-08-06,f0fb61ccf041721c99ddbe40c03369c0e8eba7bf3ba0752bb4daa23ef87f2ea8
sample-2326.eml,21660,2026-08-06,82ae97a2435a42d4b7eed0ce533e9228a5d3591a40b7fc150bd28d184015b6af
sample-548.eml,23668,2026-08-06,94bb8cb22636091fe80afcc00e163a0d0910933742a3b4f9fd1580bf7edb2c5e
sample-3944.eml,31258,2026-08-06,d62f0e3e76030994e81812a4d681f479c4a1b900f8c3101617b9c1c721171e24
sample-4874.eml,13902,2026-08-06,26c1c02e99f44513793dcb89119b3f4aca6f0884fbb8c20affdf51e1270110cc
sample-1042.eml,15352,2026-08-06,3e0c06f6aa04ce0da663b0804e74b1a18ca9cce734dee7257e3a6af435dc5ac4
sample-680.eml,20302,2026-08-06,f75016727618aca1f9458f8dfa61519271d5295a6f309fbe709850ecd1980db6
sample-5899.eml,36798,2026-08-06,0b2fa7af0eae23d34a68aa9ee716fd337c41eb749d8efb68c63525a8157cc97d
sample-740.eml,19869,2026-08-06,15a40a2aa779c92332e5664ede08fd45df933d455c2be57a97aa84563463fb31
sample-2883.eml,14490,2026-08-06,ef85cd9b345e2c0e0e06c822d272f94f24ee3c4e98477d760ae213abd325f55a
sample-845.eml,18517,2026-08-06,796a21746fc1bc020f91ea2c764c27d327d38b2bc72c7da627a0bc14bcb26451
sample-5371.eml,40941,2026-08-06,9969709e6c92b07cb5ba359c503d147864b3690a897daeea191e53fd46518303
sample-7946.eml,15637,2026-08-06,5c7d6b41c96a6117006ee256fdd315f22508f85bc17752f317e2291a7f3f65f5
sample-7641.eml,28112,2026-08-06,a6da73430ed7afbaa52c6c5a5f035cf83fa9ef8e39f075b6a59ebd96b6630807
sample-3717.eml,27398,2026-08-06,b94b59b4e1b3a942fa2bf9bdb92280e6d65f08bf4a5f9c2b0dd5516912588f93
sample-1296.eml,46164,2026-08-06,c5fb5c5c0f9fbfa30aa8e94cd02f4f29b133bf400daa6941bb1e833373c000d7
sample-2297.eml,16529,2026-08-06,ae9840f42badff20a6b665db2924778b65476e4995b93f1ee1e3bdf3613f5698
sample-6051.eml,22615,2026-08-06,dfbd5a59d2cbcd2c5c88ce98d43c9b32ef8017d54bc08cfc9fea4ae2db581310
sample-2389.eml,19913,2026-08-06,9e085889a9dd94f31f55ec79663f2073e9429dac97bce17166dd116613e66632
sample-3917.eml,27402,2026-08-06,7d1b9b66c90ddd7a222666ec77b7841f04e8868a3d412fb09da78e8f650ae567
sample-5858.eml,19264,2026-08-06,c04438455954fecd6230b4d82216f69d21382c253710b709cfe01843f66626c8
sample-6800.eml,21963,2026-08-06,bdeb12e65a569fede85c66f1c91200729bdade3db377f4f90e43f3a4e00b73cb
sample-6552.eml,18480,2026-08-06,73b5f67fb9a97696475261b4cd2f5e845140c3ebac324b8464b202f25ea2faad
sample-1587.eml,16970,2026-08-06,059589713bfda3933bb1ab09cd26298aafb891cf8bc983f98dff980ee96e83ac
sample-1720.eml,9730,2026-08-06,82d6f6a17dbcb45f2764cbd955d2b171e2cee43d87e919705232eab3360f6ce8
sample-6005.eml,221874,2026-08-06,c3c6b0bc90871834e759d380c04225a5a36e4984ab100f00560f09875a17e584
sample-5106.eml,27589,2026-08-06,0a7045bdf44d0d473523847e746e2faee197a6617a853be44420977f2aef955b
sample-5072.eml,21382,2026-08-06,1ec4a8df5733fb8e1070ee852bd8ebdb9844a5e9cbed8b226e7cf3fb0c9a165b
sample-8218.eml,473558,2026-08-06,6c6eb9edf4190108afbd4bd2da688dd85ad19568eec0841aef1692ac597de31b
sample-5632.eml,13291,2026-08-06,769e843989df5d47d91af151d3f9b8d7d208fc8bd81428f0b1cef87f6d0f1608
sample-195.eml,8199,2026-08-06,66885f165aa59eaf15ce6a83e427c39062c6178f1b1d4f5343c2108aa4b6deb3
sample-5954.eml,76801,2026-08-06,2dbe614f70590ef20eb7c2c60721e48a91dacb35a01d890bf2478d3085e201f1
sample-2837.eml,21704,2026-08-06,cbef1ce385b72f40a2b339e29b1e0aadc81f385b5a9e4a344f656b994df3794a
sample-4390.eml,11338,2026-08-06,23b1f7adb11c23e2dc49549d6b2b520e82f05899fa61fa75f3e105c400ab2983
sample-2224.eml,20138,2026-08-06,42f7d065a6a1c849c7ee44085845ac28f2eae967af29e9a260249e0431a9d5ca
sample-3246.eml,35286,2026-08-06,a862d29ff77fe54e79113d679dcf9d40fa4d450d6f8328a965cb5f4d74a89241
sample-1506.eml,16135,2026-08-06,58523f0c468ee169a9416e021113384cdcdff5098462d471105b999a5438e736
sample-7737.eml,18689,2026-08-06,c99a9df683d49b0d794347bd0d2c46c46ce93488e0b9299898000bfb71f8daf8
sample-1811.eml,19172,2026-08-06,2b8cfee9facc8f36f3e346db25c3ca64d949c6408d6cda2c72ede84c34075453
sample-7062.eml,29181,2026-08-06,19e30d36afae7cee4d7728dea8f3cbe96e0e0c768161ee533f3dffae015b35b4
sample-8206.eml,471815,2026-08-06,be0d109e4a929e50f1cca4ea5b6cfbe2ac8dcb44482a2a1a5120226f8e886504
sample-4743.eml,15843,2026-08-06,78084aa15968fad1d838d6561221638cbbbeabd4183a130077707f5aac24e47a
sample-8458.eml,15093,2026-08-06,fab1584ad8a403a6e9d38373da50c5032543481764427425ee2cc0dfcffa15ad
sample-2873.eml,13298,2026-08-06,e9faf8b0df59864b5a1399c1537ab5b50be6d16db35a2795e2b3fa8a46640d46
sample-4877.eml,11452,2026-08-06,7c83d2929fc43129e5969492e1a95bf9fc46c043c9e44ae4e815a4c5c11fdd5b
sample-4358.eml,15371,2026-08-06,59153b969a7dcee7486b99c5ba0abc0035fa58f8b2e515a45de81d25d3079a8b
sample-7446.eml,19225,2026-08-06,b12429a1dbf612b9883ec3345a60fbd1ed04cb8d78068fd13d064e2250061406
sample-5801.eml,19337,2026-08-06,ca3b8d1d9fb71c389c1410d5d6ccccd2c2218a398a1afd84794ad417ae392824
sample-1898.eml,21532,2026-08-06,08a682f935930cc2cc4236f03143081961824e984fcda4748136197d7b2abb6e
sample-5056.eml,27627,2026-08-06,bef00e9abffbf3c5bb6e93c343a7abbce3c213816b5c9f160543f26d67a76a0b
sample-8041.eml,21337,2026-08-06,58e3b892c2a248616cce5f035103f04a5642af45840322f74c39bfa8865cc171
sample-3594.eml,12930,2026-08-06,30e29e95ae373c9e7493bf80c1b56879a776b5b3e5316767eed417ca8c75992b
sample-4756.eml,14536,2026-08-06,9138f72562e02910fea7e17e16a5f6f8100b4f2013d2d115c043f5484b6403eb
sample-6125.eml,26582,2026-08-06,6b6a21ed492ba9ba067210694d3f700a5bb4001202cbe47a643674fb6b5b138b
sample-7228.eml,15894,2026-08-06,c2326d63bb0fc52ea30ef67ee62e075e807237ece0d5715d0a49d17e31e99ae0
sample-7071.eml,67495,2026-08-06,c0d1e89ded44b744c5e7f7dda8dfaa1c1db5f8ffb99fee2783d04bff2b1c5a44
sample-2240.eml,21786,2026-08-06,1995e0e284fd8d980f5d2fec44f0371ba2ed7653fde8062ee783ca5b4cb39e4c
sample-2805.eml,16106,2026-08-06,805b089233c83ad0c37646e23d0a2f3379a164fecdd6bc63202be5aa1306a7df
sample-4243.eml,37377,2026-08-06,12dbf47ae353d2f51f8c9e9bfe211de4d6b1651171211a23371a218dcaa673fd
sample-5842.eml,28506,2026-08-06,84d55b03ace2fca29e0901aab23b28c2b087d38550d78ea6313337ae1284f684
sample-2342.eml,17938,2026-08-06,76346b08cee2941be394bdc647805c137277c819f8e1f75ecd617939355fd0d6
sample-1248.eml,17472,2026-08-06,e9226e84cea0959af15d010cc9af698c351a6eaead920ed24fcfee15ac16c29e
sample-201.eml,19402,2026-08-06,caed5592c6d2551c6fba0c1a489043372ba908238f90cb53c38ee2daa6eeaba9
sample-1418.eml,18728,2026-08-06,d4ee0a080649c29a7cfee4f6fd7ff7961d20cbef6a1377c3492a34c713244039
sample-2424.eml,24100,2026-08-06,1e3ea1e6811b222bd6bcb3d1023e9ddfb1b9aa5f55af6e0d4c6fa30c88803617
sample-547.eml,76808,2026-08-06,2abb230e479c28bc0c0d54f5cecba5fed49185e02bda54193c2dd593f061f376
sample-328.eml,22368,2026-08-06,d5ccd5d8a468fd166ea4148ccb9914f11ce7755ec707cd4713234b813010f81c
sample-1526.eml,15238,2026-08-06,30bf0efa557a745a1b11db248c07815e522ba66341da503020e805d12999ad64
sample-7100.eml,23322,2026-08-06,710b3994db519d2642fc79334487b8b17fcb2d0758f5956c031daff95ee77a4a
sample-5557.eml,9875,2026-08-06,a85af1d01e623eca7f427fab2e15c6f4da45a767df5561b9d735c36702c2bb53
sample-7927.eml,24337,2026-08-06,e3156e9803c4c32072511a0abff75d834476624d840030074a2722a47c789fc0
sample-6128.eml,23402,2026-08-06,f2e634bd355e33e9a48210dfcae184f461e167c5f9c614838a23bdea851541db
sample-7158.eml,48674,2026-08-06,e7b6f359281319c506439df6c7ff645b5f634036dc6b5946fcbe2e0715375215
sample-678.eml,11085,2026-08-06,6fc6a95630e12f4d3dac502dc9307e38788aa6909dddd4987bb828eac29bf731
sample-5574.eml,16210,2026-08-06,f39bc64143b97e652e7027b99e8457b77e7e427ed9bfede49549f5c2e19c5a6a
sample-3258.eml,28044,2026-08-06,aa34a74c836f8d1646d36707b4ab7ff3700d612043c7f8590b13403f9df5a855
sample-7877.eml,21979,2026-08-06,7a6aa750707a7fef1a71594ea5b7c085e2fa077967a8a2f16b64b654ad63f647
sample-1230.eml,25282,2026-08-06,5695aaa9f6915f347e8dca37e2566ce36ee8338eb81a4c1cd8a8ce883cbf6573
sample-6222.eml,34636,2026-08-06,d26d6735e1d4c3097d27bebc89bdcc3bea8e4019b02d88298340d53dd6ee329d
sample-8279.eml,471805,2026-08-06,cf51a3d5c4766ec74a8da88f8d47d3aeeca1bac6619705db02be2a45f3e497a4
sample-3488.eml,97398,2026-08-06,51b692fb72680f09bb058dc37e5a5da9c40aabb7727a3f4e17e89b233dea6c43
sample-3421.eml,98111,2026-08-06,2fb7ceb26b97aa061ecd22b67da6793948b7974878f95a87e6a0d2f6fb1c6df6
sample-4059.eml,28276,2026-08-06,9338ad81cad4450ceaa0b9f748498755b2466fcb24f50b937987fae39381d86e
sample-3876.eml,14547,2026-08-06,fa523b513c532f3b69a102231b86ffae45749d2de78735b01c2f72168d4c4db5
sample-2155.eml,23836,2026-08-06,761c704b028c90b1f97f16568b1269391a5d3728e9e1d494e61960d6918b8939
sample-3296.eml,20995,2026-08-06,47b63902e50c7c449976ce1cc32fe80e446be281d03f4232c3bb85240ab037f9
sample-3185.eml,17060,2026-08-06,5fba5f571dc5508a7c94be056c5c84e2712d684041c8921d29c86df2fe8b753e
sample-2727.eml,14724,2026-08-06,645f3656362fbed4a8726a4dac59e525a4141a57a57d718eea1e7373f313acaa
sample-474.eml,16768,2026-08-06,73abbbff87d75eb0223b351dde139f898f899b6d115dceaca01b4c1152e11966
sample-1376.eml,21435,2026-08-06,8022fdb760c227a174b3be6bc58a3aaaf3491dec7734c9d4c53e90a61cc3f591
sample-4096.eml,33545,2026-08-06,8ceed46527248fdb4a13af9ae63559683b8a99ded0551f92f2871ab6bdde1bef
sample-7320.eml,44818,2026-08-06,768f1cae35af63bb1c6ea8b79618e25ada0e38a2ffde4344a64fd8815d2aadda
sample-708.eml,23979,2026-08-06,f846df0656358f5e0c2022b4ec30d853449ae4b369429799bf5d7c2b38c43abf
sample-8598.eml,15336,2026-08-06,9522c984186baf844e3d2d097cfeb642edb3d4c344d6d5fa002701b67e35dfdd
sample-7638.eml,20493,2026-08-06,00127e563f31e4b5f66d66e3c7b5986397d5e3b44dcb708566a6816ba8bbdbd4
sample-3861.eml,27333,2026-08-06,eca7dc1c957084e795b97b624cdcf39680ecc322d3e4738f66d31d3a5277cd4c
sample-3819.eml,17159,2026-08-06,a2e540bbf84338543da83073bd1a4bc0a16a3ef0a28e8a7f0f1e6eca65ddbf01
sample-1863.eml,104604,2026-08-06,1305f01c92d778d55cf397d5838aa70937f5d4fa5eed74f46b5f7df6a49202ac
sample-4070.eml,19640,2026-08-06,3dc4d51591bb0f8cc0a8bc5b212f260461f5b1d8f2f047a48fb3bcb83b6241b8
sample-5651.eml,22144,2026-08-06,7ac6227b51560afd28aedae11453d1e50608b99cb414fac7783a5d9291ad1d5c
sample-74.eml,11124,2026-08-06,03d8b668bcef51ac139afc7698e22db930051ab65265ed8e27d8eb43284b93e4
sample-1156.eml,19388,2026-08-06,1888cfb51ecb279bda7097bdd010bd9b898e8b024e8365a3e8f11808df358fa9
sample-6692.eml,20026,2026-08-06,e8e7421059db125d4179e7e81dfd28bb3ee4030c4fd8ac0bba90b99ee6d170ab
sample-1099.eml,24544,2026-08-06,bb14a5adc4beac0c1a865ad890ec1b1a1efcb1680697c378ffbb7f168fe4e8d5
sample-870.eml,18576,2026-08-06,eb791c0506b99997c5891592cb0ffb8b41507ba9b732bf7a45d9bada658cb1af
sample-819.eml,20390,2026-08-06,189331199eaeb24575b40897e3b71c793563ccfd15fefb305522b363553d6185
sample-1184.eml,10947,2026-08-06,e0b3748027b34c5616e726e7d4778304ce777304dfe76c43a0262f30c500579f
sample-6200.eml,16702,2026-08-06,571efaeee8bf08dbbed591e9e1c1ac8d85932e29c32b85fa54d409cdb9b174ac
sample-187.eml,11721,2026-08-06,74492da4ceb7fafa3a8e93692521f1fc76576b81d74fe4e3686011d3094ecc7c
sample-6249.eml,40921,2026-08-06,c04c0c0dc17da58bb5b14b1cba8fd223085fc9e1c163b059c959cd68da09b829
sample-4724.eml,20521,2026-08-06,30d1e0a2b413b5882c6026e862bf08ea3799c60c696dc38f83dcb9fc1bf5600c
sample-6910.eml,18823,2026-08-06,99aa93d68c92cafe5de14a299a744c6457e384cd5945c194e890cb2518b16354
sample-4564.eml,17267,2026-08-06,02f4beb88c1ee685b4b7c3f871442f2f68bd0910e7c5f01c351dbe8b69aa30af
sample-2054.eml,20619,2026-08-06,dce0a8f497ef61b35a7f6a9924bdc4f2aae4a93d15b4a58740aae87a941f3beb
sample-2179.eml,148774,2026-08-06,6137036a44e75ed83bc75f5b62915c4f02776dc6dbf8f1622bdb21dfd6cb66a3
sample-8547.eml,20320,2026-08-06,2dee693e54fd309c192be79d962876b07410c9125a550e10fb34c552b1c7675e
sample-3781.eml,27216,2026-08-06,34a55af75a2ea5d746c4b95f328ca8ee453e1cc4bea4b4f8d80804f050b8eb57
sample-4395.eml,18883,2026-08-06,6f758d28c67ed83305e17d57e79e8359453cc197f88a06d1ac43056f8cf31e4b
sample-1919.eml,105444,2026-08-06,f745f2a6224bb2569030d8521acf4d5c682a0260a1046224f1c2863f386cf013
sample-6888.eml,27193,2026-08-06,b00172e33d8db75bc2bca9c7a5d16c7d4d2d4b035037c0832434c8eef675044e
sample-3260.eml,22438,2026-08-06,4d3fb9588de30a56f297ff8a12116f7792f42b0f461aef2863e254bec16e34ea
sample-840.eml,12836,2026-08-06,a8876dd9df760cdedc449f42d6b01f23d2ceeb659dcaccb12e80c9619b3b481c
sample-7676.eml,16251,2026-08-06,634b7cb1c77cc03296191ce669b004a0f6a517439eaaceefddf7d7584c6b6fc5
sample-883.eml,21294,2026-08-06,80898299a95183f106e1f8d70653f9d178650990bf1a7eacce93625e97f676d2
sample-6998.eml,22332,2026-08-06,9215ff7043932f086448672892ea2d1efdefc21c4c6b7b04ffba51dbac9fe61c
sample-7052.eml,28004,2026-08-06,84f07052221aecf78cd70dd9d60f7917314f90987aed03cfc0919b319835fa8c
sample-8325.eml,478400,2026-08-06,f112507cf19712dbc7718ca070ba0ecd3657dc9fa266e0930dfcd09922660c47
sample-2969.eml,8748,2026-08-06,e269c77ada2916ffbb89bd22f8e45ea8ab6c0fb3000a3eb6607679567eae1848
sample-5774.eml,11516,2026-08-06,7f1fbad8b88f1f085fa8e26d582596429cfbd215b5a807e8eb1011df684f6602
sample-935.eml,54123,2026-08-06,d5a9484f79071ae22e2d72cf157516f27666ec3ed1d07c51b6ea0f665c1e633e
sample-556.eml,138597,2026-08-06,aa3ff9e5ec1f7bb94aea8e26f43e04d9fda5a5e8d1c447b26277ac6606b64903
sample-6482.eml,19959,2026-08-06,403f4b12356f5a461a5095242b00071d0c29217d2e10c8407b90cacad3607107
sample-2563.eml,8819,2026-08-06,7341bfc20b3099feda4c140bfe994bded286c4e99473490de0a41d9b23a2b1fc
sample-2428.eml,27649,2026-08-06,c40d66692503edc571fe0e694cd905a1041362daa67f30ef08bf4436234fd6a7
sample-2365.eml,130985,2026-08-06,9b0d26d223ce3c52fbf6ec6fcdc508d32cd46ba34be00001222274b0c7118f63
sample-2459.eml,16669,2026-08-06,c5e8530b0e5cee1d7a80ee00e0b11bae9c323d09231fa7f397305d7a43d33733
sample-969.eml,14564,2026-08-06,b58fbbf618a621ecfe7188601767b2071ed0df089e5aa397ce5bb3d1187fc4a0
sample-3760.eml,29798,2026-08-06,8dbd6d274eeaeb659b5bf205c1751528f0ed78b57f31863b41c16f47e7593808
sample-2432.eml,25028,2026-08-06,f0dfe667519243efc070a88e28ff7a2bb46ce418d6d675d789f81b4c6bcb8293
sample-5687.eml,16480,2026-08-06,9371bef763915b3dd34adcc99f85bc1f3d0be64526c5121a2a93e7c8f72e321e
sample-6021.eml,25877,2026-08-06,072d668ed5cf407fcfaf642f2c19a4c65d14e5e6a3caeff66bbb115b10db16e2
sample-3845.eml,18575,2026-08-06,3184e9833dc3d778ffb5533ed53998f4853c22941ee6a68758794c6839b12dd8
sample-3069.eml,56147,2026-08-06,ce081e006ae1df18adefd24e8d7aaf712e3fcc8cf6f9cfc68dbfec5c96007558
sample-6485.eml,14862,2026-08-06,5b3846b7587b76094a4042155a1df83e84532c4962a9b45b9894254d355e7221
sample-8476.eml,15200,2026-08-06,82bb0d75ace608ec28712f290eb8adeb965dc6374a4ca8e9190b5d66247d1d32
sample-2822.eml,12586,2026-08-06,97b7506b757018c7cb1d2f7b5efcfad52289ae955876b9b963807c781b535349
sample-4751.eml,15191,2026-08-06,7bbf2f5a976724d62c4abf76d917269265336aad13745fcd9880dcaa9fe4d473
sample-7901.eml,19868,2026-08-06,8f4205365383f551d8230fbce3cd7a863a1f71c2d158e2673274e9d6999998fc
sample-2947.eml,30957,2026-08-06,ab9459e453f208f83a0280ca6b6fa636325986968f1036f646b3601fa48f6045
sample-5201.eml,38266,2026-08-06,1863e5fc74f5320e21c332f82ae636c9e4b2fcc93f2b0228a35372c791f294dd
sample-3264.eml,28908,2026-08-06,4148c29ab4f62a8fdc35af50d342931af1a1b497a095fe8cff1bc02395a8873f
sample-5562.eml,14533,2026-08-06,68811cf33aa2ed8d999298de20c2cdcb22cc316613cebfbd857be9a44e1ae760
sample-1094.eml,24757,2026-08-06,fce720e9d79d1ab5355848418af6ad6ca9b6c5b61f359294a89d9651141e0273
sample-1764.eml,242531,2026-08-06,fad0bc1b3f85b3b8175eb8f40ada8093b185896ea0e5879fbfb1dcd0004527c9
sample-6304.eml,16833,2026-08-06,73f0b57de278367031e1ff74c1b1f1c0fc44c47cfd1668d5ad3c8515ba0103b0
sample-1038.eml,11524,2026-08-06,f01989474dc3dd32332fe9460cb122ca9ce581a6d69e95b8fc9ae920b6b1b89d
sample-5691.eml,15937,2026-08-06,0554b7b2ba8e3a63dfffd9f63927123b4353356dae9adc5f467b92577262c110
sample-8272.eml,15024,2026-08-06,62c19c5fedd83790e20e684981a3bb3a4fd51d7bffaba7729583d7dfaf6a42e5
sample-6680.eml,10315,2026-08-06,d86e1e482571641166f05369cf73ef89aa30e4cbc19f97613f6f88d0b51981ed
sample-61.eml,10686,2026-08-06,b66ab5a266d2d8a4bc1b733c08ad53e33d60feb01d56a43d8ba2695e2d4c47bf
sample-8287.eml,469222,2026-08-06,19c926bade6672b3ab80f0bf197ced69e2e6fe0c6edfaa3bdb243a6e88254892
sample-4815.eml,40685,2026-08-06,f1a839872005d5b73310b0e37a8a37284ccb87fd087bdd198a1c767a28fb06bf
sample-6207.eml,52191,2026-08-06,6e393d7e6ec81e98281cc69f351be6bcdb10a8d3cd6e5afd6441b732dd9d5022
sample-3500.eml,40564,2026-08-06,87806699ddcf430a5d5d4b8c674de159c2afe9f8aadd415cf68570a3a52166fa
sample-2797.eml,105036,2026-08-06,6f53acfacdcc65b4a52276138e7e5a984813014b334c9fdcef96ba932aa12dbd
sample-6524.eml,20202,2026-08-06,5ccad8b1e2c6de6aa809d1f7629d482f4a66958b7775ea763fef1d01806dfa1d
sample-2149.eml,131364,2026-08-06,7daa9b65d63db9666788ff4960306253f82c0d9a291fe5ed0ee9bc17e50bb204
sample-2844.eml,104654,2026-08-06,f39ce4b2915f631c6e43eaffa7976f26cadc73250a0e3a3cf2648c063d4a63a0
sample-1450.eml,9383,2026-08-06,d04ae1bba11fde137a46603996354337498aeeb67e8087f40b435839c7d0dd70
sample-8321.eml,466870,2026-08-06,36320c53697c741ddd266548ee5257caf155107c3bda974aa7351bfa8d861f7c
sample-3249.eml,10986,2026-08-06,bca92ef0a753d17cf317507a3576a7930c0af2bdd69be4d1d57f4b7d9c1ac421
sample-6332.eml,17633,2026-08-06,1339e05761efe9a2e17e946bcf2e4b045957999e2f0c247cf0e008cbe22353e5
sample-1899.eml,21327,2026-08-06,0d5aa673e5bfae7e661ea079b2b5ee76aaf0665a3d89ab0ac5afc12868612b95
sample-877.eml,689372,2026-08-06,94c077fceb3276d3a3abe190c38d1365caaac5c6bb2784c953120052924730c9
sample-7380.eml,10303,2026-08-06,6920067ac554c88bb74e9229bf2472df81d5973fe4ee6797697299de19101dfd
sample-5350.eml,13077,2026-08-06,7fd6727fd06736104fad9c2ede24131236f949515b4cf18033a25a9932794ec0
sample-688.eml,26773,2026-08-06,d76d92a172986377d4bb04582cc7ef3484b6fde31a3e93a256cc5df610d0c73a
sample-1342.eml,27616,2026-08-06,6200ff93a694da87068c9c02159601d22a243b074729b6d4b123d2504fbb5c67
sample-3054.eml,25984,2026-08-06,1780275f3114862ed24b54df51d068b06d5bf7afb2693a62f52f8d93b6e94940
sample-4284.eml,18395,2026-08-06,66015166fb0f3f76c8f2f043507148252373c6b4e52e3542cc100ec0c71680b7
sample-2011.eml,100809,2026-08-06,dc38cf4ae9d587813c5619b0e2ab37da42b4eee6befe715b681210857aa9f89d
sample-6435.eml,15250,2026-08-06,e14328c293caecfc3410ce66e8d244e97ed20eb3541247e4694dc1227be3376d
sample-3149.eml,19802,2026-08-06,e5933c70f803643a2014b054a0beda17f9aca28364d7203c57d73937dd5eb010
sample-1926.eml,18373,2026-08-06,4c2721a2a8275ee8526a15e6447935dd08afec5eeb4bbf8c65c0ab0c197400ef
sample-876.eml,129885,2026-08-06,9558d1d88aae26acb2d2b24402cfeca09dce4906a8ac358ea44cdcf779621a14
sample-6803.eml,27897,2026-08-06,07dd1f0b4b2bc318fa9a44a780206ca3a3d2eda45d1bf9d844b974801b8027c7
sample-6383.eml,47729,2026-08-06,8099ac1298218ae3356fca7ab31975d0bb2f30cdad1b2d05c1c525462dac3508
sample-3868.eml,13121,2026-08-06,dd610c8f77e3c70b589c7643c7e918a9e966e8ab4aa4e32a1c5e62b8d544287d
sample-5061.eml,14091,2026-08-06,5c7723532e563d290fde890360e19b31000dca40d085708e5f4b497c82149c89
sample-2112.eml,20797,2026-08-06,efb633d533becb17e8dac1d1aaab87fbe7b9fa80a25402a31d9cce1c165cbe72
sample-7723.eml,50379,2026-08-06,55b457420d9765381dffd97fcb8bb6a1546c043ddd6291627d1cd4209e6a8f4e
sample-7945.eml,50054,2026-08-06,c3da120dfe27a764e9b4dc75dc5bf66742033a263750ec3cb525bfe520f8ca7d
sample-2055.eml,105140,2026-08-06,2e73147e461ef243c50c52a5d464c9f3f8b2955e6cf137a6a83644d42bfc3f51
sample-2627.eml,105693,2026-08-06,a084dfe147af2c6e1c5f7ee20cf2b3f5a436b8f359e2b2b08285acf4cc833b80
sample-6092.eml,21082,2026-08-06,62727de278baf6f592fb4d703ec02be73d9facfa64a163191f3738fa035ebbf2
sample-6172.eml,20760,2026-08-06,0ba992163930565dedfa5d371aa2f0682a12ceab4dace415d51246b47e442cbd
sample-1790.eml,23849,2026-08-06,0de1156c981f42452d8eb5f7134d83ff9c052ce3a11f4e1f91481c76e8145f91
sample-6029.eml,28565,2026-08-06,99a02976545c0763c0dfacb13428c6f79825b255611b48189a1202706f93330a
sample-2618.eml,51744,2026-08-06,39fd67e8c425386e1fe56e828ffb46d90fed97fa195ba2fd4571057e408bb866
sample-720.eml,19004,2026-08-06,f697510ff797d45f7077e8b68ca2757c3cefd093d2e1b0eb846c379f13488690
sample-3155.eml,18219,2026-08-06,5c79e4435808a5caa9ce84e346dfa624960378b6a961598f0dd29128ff6a1506
sample-1299.eml,25125,2026-08-06,216600f2bd7dd8841a1478698395b49be5bbca1192e0b71dd5fedd4c0ac581e6
sample-1416.eml,14154,2026-08-06,86d81a18048e632f3f36a9e34fe934071c10f0d7f47d6e41f1269336cf84cdcf
sample-1462.eml,39434,2026-08-06,85132e7e51ed6392380e1d955bfac2a66558859d299721718f9a6f81db541245
sample-5470.eml,9075,2026-08-06,0ab4035aa625b44944f1c223002a34b5b0070925865fb90e71ac8675bb8e2247
sample-1989.eml,15276,2026-08-06,84b3844f2b55ed4586be84bbff8ccee1c6e5ebc966ebedddbb35e231b41bbb4d
sample-2490.eml,33687,2026-08-06,1e09d8db0ac788af4c875a35a6e3ba38cbacb9df34ab09498e5892706c2c0780
sample-4040.eml,28165,2026-08-06,6b930e5b6de6584ebeb737b7da0f60e052e62ff7c7e6a2e6ecf6a0f39be1c6b5
sample-1170.eml,24866,2026-08-06,f142f882e5aaeb4ea2bea969d4af6d027ff79236627774621701c2c86eb179ac
sample-6401.eml,85067,2026-08-06,1b20fd1f9934aad8a9da3467823cd7c0a9534c0bc95e834c7b995fff36833eb3
sample-8152.eml,468036,2026-08-06,8b8b5e3ea3db1e5fb1b930ac5fddc1b6cec2641e8b9cd1ce20cefdb366aabeee
sample-6253.eml,40952,2026-08-06,946cb356f0e6aff486ae171744734156cb34cc195360791f45c199118ec2577b
sample-7341.eml,46969,2026-08-06,ad89237ec06e7b0bd5a8c475ca0fc002cb1281243b57c45ac14899d8ef7c90be
sample-2904.eml,19913,2026-08-06,afaedd88ca43e15de89383cd0cd55ea8a9b949e3c41ad212d00182d2428feca1
sample-1747.eml,46630,2026-08-06,c1aed92ddc53af2ddc8abf6b7b1b041573a1aafd5c0a9a5e9a3b98c3494e7d08
sample-8171.eml,32676,2026-08-06,ca6522d6b072d338212401abd5aa4acd7a9db979b64a108ffe0233922000ba42
sample-2656.eml,57562,2026-08-06,d9c52c864d5f73fd9a2fea15c1979debc216bbff567b53051fd637931ca47447
sample-2066.eml,11599,2026-08-06,7b7715a6ea944ea0753a513af478dbbc31e07ae97c4f03a44441def7489e2cec
sample-1983.eml,35340,2026-08-06,92ebf649a6e8ed65b9dc4d6269e88b0e7ee7a1e08a0e84e7c2686763396732fa
sample-1647.eml,17904,2026-08-06,cf3faafb66a7d96bc2609f87078f28b23052215c2ab1bd1b877e75475e4c9ebb
sample-5554.eml,31686,2026-08-06,48d01fa5af83d7a8da9954508a36e5f6bc8bb7edab1c950bffa241864c45374c
sample-2220.eml,19279,2026-08-06,cee61a2f27b483a9f5730411cf03d94e374032a6d37f47ffdbd146cdcd4c24c9
sample-6734.eml,21602,2026-08-06,633ae59e43633583bd6fd73c0ffb1742e5111f57e085fa2ebd0e38c5eb29a27c
sample-143.eml,20333,2026-08-06,61fbff3aba1168889887edfe28a5f850c3821f2d8d212357a345c20da3efee14
sample-4268.eml,28519,2026-08-06,68ef66fa84d6f851e93fc56aea7af77f3a6670a5ebb4c400562fa72448e14b7a
sample-7979.eml,19037,2026-08-06,3ce4a36424ba5a82bb6b8d233e25601642ea7d609527bf4ce1de5e85d74d97b3
sample-7465.eml,22021,2026-08-06,cf00456ac9585b1696b4b2622a7e329ece85666065559be98df7b370302caa6b
sample-716.eml,116430,2026-08-06,2ac9ae495e76f582c60054c3e6142b1e9d2c487afb5815d03c4e51e34e404f5d
sample-7894.eml,164566,2026-08-06,4b5142c38aba9f0d68298355efef43d30c9b1353ed5de97a083f54ea4d3d6886
sample-2593.eml,19884,2026-08-06,267b99fc45ccec0cef793dc148aa7a4e2dfae3285d65eb2f6944b34b35ca95eb
sample-1446.eml,56050,2026-08-06,5a95730956eaa2069688c515992e553ed93b307b813d5888bb6044fd54a3d255
sample-4411.eml,9874,2026-08-06,44c6251c4365452c709936647af9b42dd4a00f16e45e17adb7aac64857b038a2
sample-8353.eml,469042,2026-08-06,6d0f4164bd44bd08a8a2a3143dcb3f3f59fcfbb53da5a4c5a9efc0f101c7269b
sample-6437.eml,24652,2026-08-06,e53cb2d39721e9f491f4aa8887ba05111e312ce7af6d02fb82322339138faed2
sample-6588.eml,12708,2026-08-06,d282eff69623601222d05488906874a564f06dd7652b243fc1f78cbb0bdeb8a5
sample-6380.eml,28079,2026-08-06,7df2c6f540f6f5b470ec50d615b4e19cf15d79c3599f7fda3d96e9267c04d0ea
sample-6464.eml,12936,2026-08-06,3bcd44ca5f4d48a21eefff98ffc9db55bc1c98be8f0fd47844bc4a6a5be7fa76
sample-1217.eml,21739,2026-08-06,a5929f0c6daf35ac389cef37126b22f0147509c656e6831787ffff3f8ed24416
sample-8614.eml,19036,2026-08-06,5acb7874c0cc4e07bdb6dfe9102ae3cd0cefda200be9823b488778f8ad9f14e2
sample-1592.eml,110731,2026-08-06,9a3e8605051561868d058946c862158123a6eaddc034a07e022ed3ef6ddd8334
sample-2254.eml,20662,2026-08-06,1abaf3c8b06294d7adf060a3c0941d194590150d40bd5d6605e6d5186c7d0e31
sample-7558.eml,17484,2026-08-06,c5400c211b3a87bbf19a6133a3549b6e7706c2fdd047ea072c2d89e51a4f9411
sample-2877.eml,21256,2026-08-06,2db56d081d00ad66ddd53d88b3d0982a1b723b563a941ebeb9496c89b20426b4
sample-6126.eml,25099,2026-08-06,c580b6289167e5165b58d02021f452343451fe9776263ca109f9c19b72b07cdd
sample-6411.eml,20470,2026-08-06,b5e6ddd0390aea6b035370cec4e5a003cc0556e97a940698e50bc23d6a8d1f0c
sample-1553.eml,20678,2026-08-06,9df2dd62a328242a75cf71f72174a02b63bbf40ee58f44a0f295e084d8041f83
sample-2260.eml,13321,2026-08-06,22b49b67d4cd8a6942b6c25ec09db7a8ba995ecf3d9b1853acfcf54d0d80831e
sample-8310.eml,649241,2026-08-06,46f0d866b0a987f0b37c44d3f541252bb31f31ae7d547cfed0c56eba37303d8d
sample-8418.eml,15054,2026-08-06,d7ba247e9093dda8a49ed12ed8c818994cd7ab05f68f216c6b7c384b526d9741
sample-8602.eml,14398,2026-08-06,405f7c50a32a6d7debc11bfd659877b1892bf443d58081d9917de28c7bea4d13
sample-6209.eml,40934,2026-08-06,3c12bb5487a68d6548fa92f75a20a354ee0e937e24b99f021553c29cde784f8e
sample-1371.eml,18424,2026-08-06,b58e2306833e9abfc61ddaf2d56f9c8585a063705f134257d29ee326b4e69683
sample-3298.eml,21541,2026-08-06,d9bc4a0b704279b80c4b5c58215d4d992d1a001b7f48a0ffb9bbb8db3ac03447
sample-6807.eml,22010,2026-08-06,275c1f200f9b5b1c75a8a205849b7432d584c87bd90613de41c2036fb9266d1e
sample-2622.eml,15898,2026-08-06,8c7fe75163a2454f9285cf1ca3f2b732bbf3d63aff4064a659b312e773e549d0
sample-3584.eml,16818,2026-08-06,492f612842ceb346905bf7d5dc8fa557c1a5a3680c2c82c6c4dc8c443ee8318d
sample-2806.eml,19502,2026-08-06,901d660fb27b6c53c898107ad7c044c95b2d5ca810cbc1f54a61282680b1d8e4
sample-2662.eml,13978,2026-08-06,274520270b39dcf0ef6335359220e4b627c97ce258e60a4ebff2ee2d2310b68e
sample-6247.eml,40913,2026-08-06,07fe120a44bb2a73c94929a68f9ce96e76d407d709168d0a095b3603ee4d2c77
sample-6382.eml,540119,2026-08-06,82ba3b9b00d2ecd5025c7a36221a74f9212e66a38925a6a45b2f612d215e8078
sample-6378.eml,18489,2026-08-06,3dd99900b2aaac101d0908c7a5722477b6167a0ed425dcfaf5bb0dd52df9ee71
sample-2896.eml,14873,2026-08-06,6c750de2e35d0274a484309e75919fd32fbf04fed3719d4b723cd622420a9509
sample-6678.eml,29755,2026-08-06,69b7366cfd073cde7f1158bf3248f6f9189ed872b6c4391491816c93c12ec80b
sample-5546.eml,15463,2026-08-06,c434a8189a88150bfd0596a42004bda4c99133d57a6c7ee8efb0ca92820ad6aa
sample-5387.eml,18516,2026-08-06,999c290c3a4a08ec18a7248854fa4b657ab9968f5b25cac61d20c882a1080b78
sample-437.eml,10430,2026-08-06,b423d09e22f00ff8a87ad844da894a380c687a4b755292d52853e32ebb2de7aa
sample-4656.eml,65684,2026-08-06,797fb986375883907477dae8b2ead6f4ca0f508bd268d933c127ee38ac0c7eae
sample-6047.eml,20410,2026-08-06,b0a0ce648c5c7ed5548e26a314e02e649a116ccb9bc77404ee9f36e709942949
sample-3662.eml,30730,2026-08-06,ed4207fdc1184bc51fa2a1f04cd34b6ca9b78ae4b7d669d92b7544c180541044
sample-5686.eml,23902,2026-08-06,98ad009eb8556490f7fa969b1eb4f4b94e4b643a50ed16351eb6c0f3caf3ee2a
sample-7807.eml,33043,2026-08-06,e575b6fc5804fea2c8592e80a509c4cb7ca56b015b03ea1d90d15216813269fa
sample-2778.eml,45931,2026-08-06,2b98dabd88f16545dcb226293c275744f01ca9babe6a21bc4acbb5efd722627e
sample-6201.eml,32965,2026-08-06,245042ce60d7446644c848c397e8fb52aa89f5c2868f0b49c2eae0b5f5c2dedb
sample-7754.eml,27133,2026-08-06,34bc2dd1ba958e777c67add48735b909549b564e8d3ef86a9c8cbe6952bce62f
sample-7113.eml,11005,2026-08-06,24babf8a2f046c02e7ef25f8c913cf6f6a1420af6a309087935a7474e6e3a53b
sample-5537.eml,12878,2026-08-06,8fc6467b88c98b3e364e88cb39405a2bb78509be3e1538d268bbe85de315de42
sample-6693.eml,30994,2026-08-06,409a32456f37c1a54a83ab490afd511625bbbdc828fc8ece39ece8ad5a2beace
sample-3793.eml,13959,2026-08-06,b862304dea65c94c31451b1eabaf946969ddfc184e5dc7e21260cfb2adb12cf0
sample-875.eml,25784,2026-08-06,7e3538fb17bbb250c5ff5e7636ef4fbb4503e119f2c87d851813a09744de5b4e
sample-1730.eml,46829,2026-08-06,90c2f393a63add4ec323c2f659a0b88c07251b59c3afc3f0d616177617e8283f
sample-3437.eml,16817,2026-08-06,191784db3a6ea10b653deb3d448ec2cc5ee0975af06ecf42334f83d95b8580a9
sample-589.eml,24163,2026-08-06,68c918f76710e4e04e1cc93b02f761c1d88e38986baf21178af8696e3ddbdcc0
sample-3564.eml,17973,2026-08-06,6f4989a72900c3ddca67b7e1104d6805c05409907267709ed37e3d1d623ab005
sample-958.eml,25157,2026-08-06,aa6bc2b28d2cf22b3fcafd10265da0cb30291a4e420f82a4d447b27412943c77
sample-1216.eml,22267,2026-08-06,39a6b4b8d23bdf8cf6661c3dd18aa3e154c5fd991ff107c4637c21c9d89c149e
sample-1865.eml,21409,2026-08-06,e4517c212d8a51918f180c913d21b0e2657f1650761d9b18fdf5580cdb37cfac
sample-512.eml,13778,2026-08-06,03631708661690e9f1ed6093f7c259819c7ad46edb826a38ceade466034ee7cb
sample-120.eml,480806,2026-08-06,88835e332e96d0618a8a054f452279df73b3905136e298fc1d6114d0757b6f80
sample-2814.eml,104466,2026-08-06,574752422cdda28f404aca36b9948a3c2a1f4022afed81e2a2ef12651f9778b3
sample-8575.eml,15053,2026-08-06,aa1f586628001bd7a9f69479e477fbb7b2e1d77ba780c6cc3f4c44061e09ba22
sample-5091.eml,14604,2026-08-06,52b5fe306d6476ee0a3002e01955f976efd9f2ab070011fbfb27eecafb55de5b
sample-3306.eml,31623,2026-08-06,9853c5e983e3a316e074b55de476eaf6946ba1bbf01a0c471ba62d7c148b0aed
sample-8528.eml,15220,2026-08-06,a6b7537d8e354d8f1ba38ece9f6d7eb69e77b1e8ff6b636ddccd3f20dbf5cd82
sample-5871.eml,22082,2026-08-06,cd78f5a079223e02d149a937be146f0870e3bfb8fcdee74bf95f8823394964b1
sample-5098.eml,14635,2026-08-06,638e5e5d29d35a20fd8e8c29693baf4956b8caa4facb2d6d290cb602b1c69dff
sample-5187.eml,48678,2026-08-06,808efc0ef6d8268449883f84e4d5a24396495d80e290d6020ef5c575c5eb6e4a
sample-1644.eml,17911,2026-08-06,ada79ff4cd389e9aad680f544329cc63198cfd578823dfe41bce66b9cb7b79c5
sample-4305.eml,15215,2026-08-06,b3ab1a4f99016c015314cf842933441ac604b48774cad263ea8f49a69d79c4c8
sample-2784.eml,25674,2026-08-06,406b0422014b5549969f100b5d902a465266572c3485c25fdce305e026bb7d17
sample-8371.eml,472279,2026-08-06,6d3e2465d83be8836162931130715999542fd3edec1ef288fff9779681aa2089
sample-2556.eml,477566,2026-08-06,058f6834987f55f0e1ab2e6dc7a75d53ae9039dec675d87fb48acba800ee170f
sample-746.eml,23182,2026-08-06,61c0b97b0c6116022bda54e670d968ad419c70357cbb993b42813b568025b821
sample-750.eml,20109,2026-08-06,35c677e64894b5fcfbf45bf6cc3939b2e3811233acd1aa327bddf8b52f4afae1
sample-5328.eml,19066,2026-08-06,5ff8096df85ae45ae4688c1dabe8d0317446048bd380111b6f049e882e6c2fc9
sample-2846.eml,155473,2026-08-06,ea4bdea35e390eb8886fb526c31948152a719933dd90c0f84ff0de6339d79dc0
sample-4549.eml,57057,2026-08-06,f53bf53fcc8970bd01a0095285ac037c0c75a7508495d618d9522905518907ea
sample-953.eml,25146,2026-08-06,1c9005a468ba2e3f112971ba73e04b12319f79d2490117a63cb96deb580b5d51
sample-6754.eml,18498,2026-08-06,977da03eeb858b2905aafe0eb4f4eff77253cbfaebbd17ed3438577e920ca7fb
sample-8448.eml,12765,2026-08-06,f281d2da72a3455fa0835f715bb0a5fa420274570088cdadbf8adf016761e5a2
sample-99.eml,18672,2026-08-06,06f14362e55952c234f46f8638c6f6d5cdfe43738caf491cf693d65042d60b4b
sample-5591.eml,32358,2026-08-06,159ec51995a1035a6811e6a99e6a132e9732c9a6d0446bd95164d20af39bc12b
sample-7426.eml,29267,2026-08-06,74bef309ee77eb97e72b3b2ddf70e40adfa0e543af051b8be42a1093c4ecb624
sample-3480.eml,23348,2026-08-06,c1fab78f5ee610b0a0e715f8cf9265045fb12d0e860fa706386b82dd28769e76
sample-5327.eml,43118,2026-08-06,5e0cefe82238d9c2c5f7e1c666a9ba9312b97b9b6ec0b2f93b65933e346963b1
sample-4142.eml,14033,2026-08-06,e560c6e0e588b9418b45ebf640f399cef1b44108fbe72ff2e17a39bb1963155f
sample-5832.eml,15997,2026-08-06,e01ce2e2883ab70dffed5f6bcb250ff06dc86279e3afbd78d651bb5949aef785
sample-734.eml,270313,2026-08-06,9851c1eeda8ac98e069ba9467c8ebbdcb572557ff09b31b94bd65d279e33fad5
sample-2688.eml,105433,2026-08-06,fa0af61fae94a2a35408a9e4b0ea5b7a1120c2dea9babe2f36313ff324ef7eb6
sample-5962.eml,14775,2026-08-06,388c88b61d2e7e0527108ea0cce6374004c99575d0f0c7d719291b2eec611bfd
sample-5253.eml,65872,2026-08-06,7e5cc7f068909223d056748af2fe44d237faaec74eec3056271ab739f3a4f378
sample-7346.eml,47806,2026-08-06,f07f46522c6c45ea6d3c945658e6604fef975ecb0a92ea5ae7e42f429e946a77
sample-1970.eml,176858,2026-08-06,ad0c7b0556f5a3712d3823e91c1688d73efdf73010e18ebac18e02398268bca7
sample-411.eml,24427,2026-08-06,16f2f9e5c246eb4221e3e675e41006a99c21c3100f6349b1d81f95d96880d86e
sample-665.eml,30454,2026-08-06,f2d7290135a72ca22726f6bc72058e5276e143803311efcf3eba9ddcec6b0989
sample-6974.eml,18189,2026-08-06,99ca35d6588cd4601d139b39e053996770863dd28271b47640cece9ed215362a
sample-5287.eml,16155,2026-08-06,6ecd6cc778efde5a8e086a721c4592257777bec22a874d033a865561896c3321
sample-2017.eml,28823,2026-08-06,f6eb2d04435f0c8eb20861028cb6fc16541934a898758d2098b54c45ff1c55ff
sample-2167.eml,34530,2026-08-06,abeeede7e23aac8bb9e983fea1507aac6d0d831db03fb67552804a689eab6f5b
sample-2232.eml,11869,2026-08-06,adbb1a1e92bc4e8daeba78c93da32c0b14a9a80803f53a63ff808569fa5fb328
sample-3513.eml,22598,2026-08-06,235f3efd848ae2512a21a842ca3a48df5244a9a1504b384480444389f661804f
sample-2463.eml,34191,2026-08-06,486c5c984c649834bd00b59a88e3967a9c467bee9e1e02d790bf68bc90f0325e
sample-848.eml,18952,2026-08-06,aef666429077d56040ccfd2bc7951f518657963b3167cdfc10440205dcd73fbe
sample-8339.eml,19726,2026-08-06,8b9b69da9e911322c498377ca32c7d6e9e88fda3b8aaaea9d838e66ef5063134
sample-7983.eml,15645,2026-08-06,96c70ccbb491a89725b031b143d27cfd479b852547c17e77ab5b4241415589ba
sample-1844.eml,40637,2026-08-06,c1533316debd708450b60fe4c4ce47c37221a270324c42819b298d136c1bc56f
sample-2174.eml,19775,2026-08-06,a72679081a10439c8481e5212c9c6812aa7a1c3104685fe63216ad617e0d1c17
sample-4609.eml,23975,2026-08-06,a9800cc8fe657ca14545fbf40c2904479d27a8550170ca1409ead77e9bd93bbb
sample-8574.eml,12889,2026-08-06,23aad4173379ec5228c896fb2580e31f994075c4a4288e97a1634264078f56b8
sample-7580.eml,21108,2026-08-06,67e44c7b4e323eea8cb2f7a17bb4d84236e0e3229e1efe1ed1959700f6a22ea1
sample-7913.eml,17696,2026-08-06,eed0903475d71d7f8b913a83a244b6f0b41a89c4e99c0cff2ac2c51eedc5692d
sample-4539.eml,17793,2026-08-06,eb1a1d7fb4932fb6d2588ac70dd3d2b0269a07018958f3e4ac4d753934dcead3
sample-3585.eml,25062,2026-08-06,9f495d4cd9722a338b4440c9b247895761a7d7073d727e51a859dbcf10db3942
sample-5840.eml,9444,2026-08-06,bcba6a4aea6ddd43bd5d35372eecfe63a14b3d425cb7d303b3d0fbd284aba58b
sample-8567.eml,12657,2026-08-06,a4cd1e1330d0adb11c50aec672f002017b74d15709a71ddc0eeac9284cf62c2b
sample-4257.eml,14117,2026-08-06,14617b18b161c593e9810026b1a9826f52d19e3384eadda1cf3a6787f89a9706
sample-4848.eml,13257,2026-08-06,fc05d51d0091431a58dedbfcf04051e287a5d48c3f8e192b94d263eca6cb0f78
sample-1522.eml,20540,2026-08-06,f654c3dbdcbaa6b9a541c59abbfca1a95942c4d50bf12a821e18f9f0886052bd
sample-3736.eml,12675,2026-08-06,f4a76a1dd544e6ad828d57b68062978860bcee03c484d8a389e6c7c2b75ac437
sample-5752.eml,17730,2026-08-06,87a2bc461ea198edb5b58da0c33b03ad9d46c3eefc9b0cfc4b1a1dabe2b0c96f
sample-7711.eml,21550,2026-08-06,32beb9644ef64c6752e0c83e773d962ffaa1121c038bbbd3091797d081ab09e0
sample-515.eml,13277,2026-08-06,c59b404099b54eb02a088a81bb5d40f3a5c5b6c37829c1fdc478809174b858b6
sample-6735.eml,21944,2026-08-06,57445c843f1fb9009d55c3d7d4a5152286fef2b88e06e52ad0405bb77f998990
sample-522.eml,101015,2026-08-06,db29b8e10d5e8b0093b7d5bfef59bdab19a34bbabfc86b053a319ee9f129f068
sample-6336.eml,23792,2026-08-06,8c1202678d2ba2d75491e07633e90f3477d7b148118d3e7575a7008c47d169be
sample-2582.eml,21218,2026-08-06,50f60e47ade521057c595933309e49c77e5f523dacc5e15c5f7efa5dc6ed7766
sample-4739.eml,27080,2026-08-06,6698f982c4a86a7a68944d9c62beb0b342aa6c1c44a4349be46e59644cd2db96
sample-7431.eml,19868,2026-08-06,4587e728fcc4cc1192082b8d91dfeb5db0cdd633038ee10e95c61a6a188a6f8e
sample-1133.eml,40146,2026-08-06,315e069ee76520ad7405b1f36c5b55d073984500c1f6bfdecfc4b116816bcaa3
sample-3901.eml,27739,2026-08-06,cde789770766301f1373b438f62cd07570f8a9304806252cc3311cfbca87a846
sample-5129.eml,12677,2026-08-06,3ad5f2439312e883cf086e0cb3fb6f6c879a1091d27dd3da59183b0cefcc0928
sample-2504.eml,58297,2026-08-06,dbe157fe37f5361290c89c85121fc6f1e70cb76d141662f7910229032614fd5b
sample-3789.eml,28542,2026-08-06,c3ef0d210d4f5d8e770b11a2b53a355241bf54f90326a85fd7fd1db29a79a96d
sample-4698.eml,17404,2026-08-06,2b544ecfc0f8aa4fa2f89f180107bafe3d6b76912e0c80798e2f05dcf4755b21
sample-3397.eml,35086,2026-08-06,afdf995ba55f3f1f048976bcbb660950dd176c49084da00881ec8b957ae5511f
sample-8019.eml,22318,2026-08-06,b61849fcdf27be634c616299bac7b73eec085a7e53f440f29427c4622806f183
sample-2882.eml,13149,2026-08-06,5b17906fdd34142dda832d96def9b094f4d04dbbad000b55ff783cf03b2c46e2
sample-471.eml,19893,2026-08-06,b99ef9c7f076458e3d10533feeb4234351682f89fa938617a42ee6c25dbb5fa1
sample-2286.eml,30683,2026-08-06,96306467c6161e4754658ff1f6523da48c5f1e1200c0c8369aec1eca85213cd1
sample-4900.eml,33007,2026-08-06,487808bccb3270e9229941bba8c51bd13378e7a20c2fe28729fc13ad677b7760
sample-5010.eml,46233,2026-08-06,497d5e8ada338bf47c2146e6190b1526ece743980778a8e2b0dd9c48cfe4801a
sample-4348.eml,63535,2026-08-06,5ffe5946ecb37c4a983bff84ccc927d8908e801f5b0ab449bf18ee11f3418fe0
sample-6978.eml,19196,2026-08-06,8ad36322a3309976bbceaf85691584dc913a90be23fd2f4f2184cef59c5b5726
sample-2538.eml,26125,2026-08-06,4b6c5ed8004b968d65fd834f1fda50c72ede0c23a2241766dcb8e6e988dd3489
sample-7833.eml,24989,2026-08-06,f700173fcb1449024dcd6dfbf1a5ebdb34039599c6ef904ed2be9f2b6e448f65
sample-1663.eml,20033,2026-08-06,150b676f35f0b397b3f5a94f263351c5cf2c9de36a86a5c129975561ff25e7c1
sample-3272.eml,10924,2026-08-06,e72db522f74aff0a2c3e285a7b5970e7ca8f79d07cf29497bf37fcbdc24184de
sample-4531.eml,40283,2026-08-06,e95719f26f1f2b116702f6ff5422c9a28845af08732cc47cc59d1002cb0546b2
sample-1607.eml,25270,2026-08-06,2737008b85f21d132e7f97903299b709246c096f3794eb2e6859ea65c3249121
sample-3314.eml,45288,2026-08-06,1e8e57354949fb3d22a98dc13c41253d46e987cb5ad70e7665dde298a1ae9b10
sample-2720.eml,25164,2026-08-06,0cad92b4665af24f303b1faa2dbc9b0386c8a25287ce152b8dd89c51bd9c645e
sample-7666.eml,23447,2026-08-06,c7e0891496cde2a1b888ceb41f46d7886b9b9d6b325763b83051a56af5b4c0ca
sample-1717.eml,18455,2026-08-06,b433c0d7e809288136ca67e416876068d7cfd8a372ea98ec1b8748e5e91bad13
sample-6272.eml,24880,2026-08-06,fa09cb09dd84e645b3bd5222b7a620c7a1c480b2fd39e20ba959bb9b35167988
sample-5486.eml,20622,2026-08-06,937e20ba27ce5d20494403ad813f470af43c0138f8d579f8608f3c2192035d25
sample-4007.eml,28846,2026-08-06,857e100360b47d2eff9f12510cbb0a61d38482d281b169793059fdf1e0b1e836
sample-6611.eml,33596,2026-08-06,bfe35696d089a67e7c6009c3b255b2788cd8c034d12a37f8201cc34eb31fcd67
sample-8444.eml,17026,2026-08-06,b49780fe15f6c65abcbff8be15d4a8f5534e95032d796b33627436cd314ef09b
sample-3340.eml,24482,2026-08-06,9db71dbe0ae64189188c4e13a67e749a6b2be36f7165152e4c31339f7f96d706
sample-6494.eml,41705,2026-08-06,8333d5849056767db35ecd293d83885a691435cd52576a42b3c1dfd0fc2e82e8
sample-1578.eml,25127,2026-08-06,b0919055d4e527724cc7d0971b2b7a286339df0a865b1a8db1932adf21911260
sample-4491.eml,14295,2026-08-06,fa352227a64ccd04d08e0ec6269bacf7b3e75bf06c71c213f4eb29b3d5739b06
sample-5799.eml,31852,2026-08-06,0c91a6b49c431dd3aa7d90a650cc062a275bc3172f0c2a50c4e67ade89b68fc8
sample-4644.eml,15010,2026-08-06,f07865c8e2fcd83939759c851c296c6ea4ef88ff0454217863d978bcab3c3fe0
sample-409.eml,17260,2026-08-06,094681c096d5c15371f1d120fb790f5664085f66f77f783c3c4041e2d62bd8ba
sample-6303.eml,16346,2026-08-06,db1eb0327deb934857a42e7c2db91c8667e3dbbd6f8c70d8b3faa03077bc304f
sample-7714.eml,21342,2026-08-06,6fde95bbcd785917d085a0768b0f63797a5f42123f27c44364d1d76c21cec56e
sample-1004.eml,8615,2026-08-06,73cc04ffea43f96b2d645000dbdd43664293e141cf9bd5df2e6e4560cf052948
sample-839.eml,19871,2026-08-06,8b096adc11fd90cdd18e2c28eb19e11228117a4af870b4c8ddf392311ab1096e
sample-6889.eml,35421,2026-08-06,ea63f00c40e0ce49f91846edc3f7d0fbd227a88c64f0230c3aa92aaa94328bea
sample-7948.eml,20760,2026-08-06,9eabd976423ce6b792afffd8ef993ee3fb2ea9076d5006f8b124b71f6275ae81
sample-762.eml,9632,2026-08-06,a8ecf14db903a1c2b926089be7bea639d230a0fcb7e5bbc1799ea6c9017bba5b
sample-3367.eml,17362,2026-08-06,90824259fd57698f6cde273a955358789770dc144b3b96aa41a6ab63715850ad
sample-7724.eml,29086,2026-08-06,2f1091954a4d39db6fb95172a8da19edd2f34e6b38e3c28b4aeabfda0bef018c
sample-1958.eml,24443,2026-08-06,6752f1d1473d90f24c8cfc689245bdf198ba98c5daab2661089f5a49f953b6db
sample-1287.eml,78217,2026-08-06,a8f48928c787cc415176fa6bbe2e004b0f19ceb67c290baa199584e88357c38b
sample-5112.eml,13949,2026-08-06,8e37fe5a83971bc3e5d7da8ec6242eaa734fd22217daa87e583d0fef263c2d24
sample-5351.eml,10698,2026-08-06,e8b200d2565553d60b0ea1211ffb9cea795c611077cd37f24418c37da46a3557
sample-8084.eml,11327,2026-08-06,bd3b84d15d5be98e4ba3768687e20b68880daf7acceb3881b08e9294c661b547
sample-4754.eml,25136,2026-08-06,b38ecd76fc8690df24d713d037be643fd9f57831ddc15aaa03fc92eba0c4e3da
sample-5392.eml,16580,2026-08-06,db96a0622631df98b5b31bf8b5d2ae068f78227ae933f953cc6f6f29bb99cea0
sample-2113.eml,21578,2026-08-06,2fe0048ee9cb1604514f832e741bb363d60477f8a9bc1a96acf0d9e26c3f8d83
sample-4645.eml,81330,2026-08-06,3c33df890d6d179b0d741665311fc9890828d49f9f667ebb74bc262c60c9d1e9
sample-2678.eml,22428,2026-08-06,f4d44a029b846410ea4352fada748e69bd29c51e8b7856fbf105880fe0d19ced
sample-5782.eml,3679,2026-08-06,1e06be4a4cbf3476e2be4fbfb820320da64e9204e16a975bde79dc6a4e606e8b
sample-7883.eml,19245,2026-08-06,8c9eb843ec2005bb1dfdc95ff17611538e0ba066fc41a949031e9483618a43ea
sample-5414.eml,18915,2026-08-06,e85abc95cd096ea21cbb7f6f890f4b25b57a26067daa5cc89e602fa34528e029
sample-6532.eml,47588,2026-08-06,fe98bd68f0541d422fc80c9143ca440f66d8629bea8a6bfd1be44dc08eeadf06
sample-7119.eml,41226,2026-08-06,6f50540a14ac9a15b90d2d08079face64e60e7eef0f787c7f64eb0ee8eee02a0
sample-3947.eml,11071,2026-08-06,b405270ad1ee5643bfec51290907bde510b5e4c0fc6a397d4ecdbb9137f62682
sample-7375.eml,16826,2026-08-06,8b2a9503d14454ae56e20caa6a50bef6c5fe7802b96c76b19a19fd6913807345
sample-7995.eml,34050,2026-08-06,fd4c2376688544a70661186106de633659a537f85a8af2b193101fae97b92ce8
sample-7726.eml,15346,2026-08-06,751cfb3fa7549c5bc9527ea6fc3bb6b80177241dfa94f7d62a29ad2a707f4f94
sample-7175.eml,15400,2026-08-06,d00226d3ff7b4954c043c6da9560836bb668cf23dafbd83f23bd6ac0e209338e
sample-2251.eml,19591,2026-08-06,19f91b765a31d82f8c8ee2ba1950ca96822fc642db6f37b6c1ea4c19d054f26d
sample-236.eml,24075,2026-08-06,4f475dec792d806efab4ccad80a3c57dcade87240515dccfda0d5c7c2f9d0ea9
sample-3474.eml,25956,2026-08-06,54f2bf2687d15fc0510ca853715075d1ec9f1f5af2b148283ccadf9653f9e5f3
sample-5418.eml,10841,2026-08-06,1b430c2b003621035b11c7d98a8d2f71be6908d83aa66ecf3f75c4fedb607447
sample-7136.eml,24670,2026-08-06,cb92f591998f49ee6fbe994896d92022d4f51dd571aded9d1ee6ddef2009efe4
sample-955.eml,25131,2026-08-06,491c1b57023941c43f83121ec8bdae6ba923bf938396163bca24a72727dd5acf
sample-3557.eml,21647,2026-08-06,7c93baa9bd7610854eacbe89929afa70535e9aa9b286e69d1532ab12a151bb28
sample-3898.eml,12669,2026-08-06,5622194742093c8d6a68a9ca71508b8c78b6ecea84345c71cfc654696c5977d2
sample-5055.eml,18955,2026-08-06,a299210ddd87ce7a7318b096378f00ef36a9439d5509a81f3ab3cecda52a1305
sample-938.eml,22789,2026-08-06,5c05d9a4e5522d57f57e56ef273dfd84ca7bafe5a3a9260b3fb1598043a4f30e
sample-2085.eml,20253,2026-08-06,ee7215c99bb6d363946005d9718611dd3bfe0dd40fbfcee661d1f22a23478302
sample-2961.eml,1598375,2026-08-06,8469208e3caad13a58aa2cf994532092386fdb36dd8dd8aed227c372ad14fb67
sample-4044.eml,15806,2026-08-06,891c3a9d2d88d1289306c798c964cc290a7be09af6912ee5163f331cb81f6fa5
sample-8411.eml,473610,2026-08-06,159780cfa208c21bbdccb636f23922b0ea63bc4cb5e6038b79a223adfce5135f
sample-5282.eml,16808,2026-08-06,df39940b093b8d97f97c8aa735bdb964fb521cf174871e92d4208a9b073fa665
sample-6614.eml,18152,2026-08-06,8670f4e27d69020f9cb0a7ca9c903f37fe81cfc60520abbd10374ba24420320c
sample-6548.eml,955971,2026-08-06,6886745aae647a222efafd1164f126d74526883b68e4bd5adf14970c8457f375
sample-6288.eml,92443,2026-08-06,cc2098ebb96b491685a8c58ca58c20eac7df2d0f6969e22a637ca53bad8b690b
sample-6923.eml,18920,2026-08-06,86ac4d97729e382bf66bba580b68e9daba29442e68d12ce1a6c37487b47574e2
sample-3605.eml,82469,2026-08-06,7a5c9060c318c5a5fcf6b7accb731b766c9276d8dbae07390deb2d378630361d
sample-8010.eml,20182,2026-08-06,8c7c89052633e29348ca6b7fb388294baf288fc5f08d4c15c2ee9b0d8a3e2180
sample-8103.eml,649311,2026-08-06,327323c9325fe2debb61d26ee40ff63dea26beb2f119925ab622c954dd4f5dc0
sample-4483.eml,92261,2026-08-06,efb051adaef0ef144068299a35c3451090a4ddebb821c84dacc60c741fff0a19
sample-1686.eml,14702,2026-08-06,128b8431fc1d15062d38b07d36a84deb85a44e3ed63df5e4b628a75009e92c10
sample-2019.eml,58159,2026-08-06,fec7872fafa286d2628ca415f846d6f3bf3635c58d94c2def1b7322afd8d1812
sample-457.eml,10567,2026-08-06,a1ad260fe5a54c6d405bb8782e5231af373d9e65634aa1e39c3908c5899bba88
sample-4736.eml,50648,2026-08-06,36cdb02ba1d873f3496ee78ffe6cd1f277def2a752cae0c043d24f5ff3440054
sample-3672.eml,12563,2026-08-06,d118d9a97b5cff40a3a685f061b95cfeb21d04921425f54a90e777c9b04ab9b5
sample-1774.eml,113995,2026-08-06,ca2e8872250d8c5e12a8d26d512fd9c2a48e5d99ae45ad8c9e66f4c60f482f10
sample-3859.eml,18911,2026-08-06,4280d1f339c5bc5d7776b07e1337630781a561976e015f05970a56c4d2cc17d6
sample-3114.eml,18069,2026-08-06,f8a174f873a15750b1fde8a545888746a4895f912b44913cd5633f61041ad9b7
sample-6363.eml,661383,2026-08-06,da4690f4c4a02eb03cb3605609b14a8b543f898b25b8cc3780586dc7d5fd5458
sample-4717.eml,15564,2026-08-06,872e9dca5274a5b4223ffba9cfb51fe6d5ad41e7e10fa9d76f47a51df6fe1ea9
sample-2762.eml,104977,2026-08-06,f18ec1457ba3dcb0cda416a7e1ad4d626436c960ac092f7311fc59f21b4318d5
sample-6842.eml,21486,2026-08-06,21fe3b74ed5bad8b2b05c7ed6eaada2acaee742ae0a5afe54c80957386ef3b20
sample-1961.eml,303817,2026-08-06,37496164969b47d1619143952a182fd2562e159ea7da615f19b654289f224149
sample-1344.eml,14730,2026-08-06,21aa7e3a2d8b19582d3652cd244b43efcf4be111ce015b69f210736dd974e058
sample-8290.eml,480313,2026-08-06,769f693c5ebd6baaf073416ad6d8fe014858eb3923669817b23f467443127a95
sample-4863.eml,23186,2026-08-06,bedb579d2453c506e0356d481517ce6444e1649ee5a411901e4577c1f99c577d
sample-559.eml,23229,2026-08-06,93a987fbdb456ec527a1884c0fab5438ea5a2c68c823447bd7f86e60ccd533a4
sample-7559.eml,56604,2026-08-06,9a12e1a5acc423c5220ae0565f959fbfcd7161f2fdcab90058605d9e35b74f31
sample-1841.eml,104588,2026-08-06,7b1754e71c20a49c255776120c4554fb100b008bee0afbb470ed3e80072cab57
sample-2683.eml,26131,2026-08-06,e6c614432e010634d624fda2b433eef6e9ce6b99ca6eaac25c4dc07a1e41d22c
sample-3359.eml,18947,2026-08-06,c4de4e4732ace209daec65f8da95cd1592ab3b1a6efce2820466eb64d0998ec9
sample-5155.eml,17531,2026-08-06,ec84b4d53993334eb3210f9e9200c74fee7d06d0d2fbc5db4cdc29f9f07476ee
sample-8518.eml,17805,2026-08-06,4c32a072a1777cad233abc5277dec68f17cca3d2864e45944880dbeb0365183b
sample-4396.eml,14690,2026-08-06,20b88f706e71cdbc2803f32d09ee823776eec479ccff4ccea5bb9e1139664d1e
sample-6630.eml,26775,2026-08-06,ad30b75b08a831946204e53462cf4cbca36c8a65bc365691856fff52d879da43
sample-3107.eml,25902,2026-08-06,b90c1f85c48d66bf84122c5f8034a20538f51da1c2c310f59be25536b2db5257
sample-5281.eml,16328,2026-08-06,128e56167a80db525a5aa6c197a4631764ba21d2bcbad445452a5229d1d7e05a
sample-4791.eml,11103,2026-08-06,0a3b9e559de1d4025d4fea8c03e22b62b5124acd66788aa98b7abe9074f65a92
sample-3823.eml,27925,2026-08-06,b1e1cf986c55b190d293abd5a9e17ee483f65441f1867875713a048f89595e8d
sample-7616.eml,30923,2026-08-06,e27b9f1d5f7256b20ae6bbff61d7f7917d293e7078f594cf010c92c1360ff76c
sample-5244.eml,17755,2026-08-06,064d92cf2b694c74085d41bd792f53d8b9ebe258ee6f7010890da5b97369a129
sample-3049.eml,2911032,2026-08-06,116cc832a284d41ba3dd0ade95424cde50c3308d6ea850ff8c6c6acba3489e48
sample-1758.eml,27968,2026-08-06,d880074f06e22b838f39636456a025f4560ebe17977c6b8c075ae8fe36487f9b
sample-526.eml,34338,2026-08-06,78ef550332dcda6844c832133a040cf9970b4a1f1da19c8f5b2509c5e789a9f6
sample-4940.eml,18401,2026-08-06,936efbe6f8f235f41747eda512f1665058b8a422b049dac39983c19555641bfe
sample-185.eml,118576,2026-08-06,3ee9a07de9749fceb0270e2cac8790c6aa653821cd88593eda6c818b69d863c8
sample-7977.eml,21767,2026-08-06,46ac63b62a9e9709bde7b757965e5fba960a521df74d9636888409231466074a
sample-7918.eml,12134,2026-08-06,941403f854fa29a83e20ad060b8ac49a9cc99540ae6964d0d5f03b56c757010f
sample-8222.eml,32349,2026-08-06,afbc8690aabf627856e636b029cdca74d227d225c8f54be9246d7861c8e9d1e1
sample-7968.eml,39952,2026-08-06,2639bcc1de97214baf999781217b6c53326786925ffc446f3d0f65ce7dc271a1
sample-8250.eml,473891,2026-08-06,6cb3439313522542ab6c2c509fe23a7f0b7d2ad298bbf0d81eb97d7d5960e42d
sample-7050.eml,18993,2026-08-06,db4121ccea7b6ea38c28f62624e3b6ea9237b6762cc20887ef46671f913b0cdf
sample-85.eml,23728,2026-08-06,5a357e45dc508d81595bbef9e7f6e2b26a932115a23a7fc6392e86eb914e593e
sample-417.eml,15689,2026-08-06,1f39525d517f2854df9aa62dbf564c06cbd6c36c6b2ce0cc74b11edf3b21ba48
sample-5092.eml,129104,2026-08-06,182f2e88762dceac42580f12f5dd3948e79207a7cfba2221456dc1325357295c
sample-6877.eml,28564,2026-08-06,80bb786f022196cf6e0d7bc486992d82eaba35d5054aa05be5b295987a840f89
sample-297.eml,1397472,2026-08-06,1aea667caa99f44f37a2563bb70b64417d1e25125a6d81c89a688e62e5a229df
sample-6643.eml,26902,2026-08-06,6a46eac732dbf43971754173af755b5f345ff86af573830fe1b22866023c1009
sample-2531.eml,19574,2026-08-06,dfe75ee1b26ec04405fe007e2701a84112c87664733ff506e798c89f7836d062
sample-6311.eml,36901,2026-08-06,1f2d81a2d9b745e3ca118aca2564191020761a02143a297fac22ea06d8dffc7a
sample-8311.eml,469807,2026-08-06,a85699c6033197b080bdc3ff2cb440133100f48ab39a4825e99a2841d2460813
sample-1517.eml,42157,2026-08-06,348e11c3916be2e1d7ae9e1cc9dd10d19e9bc81175bed3cb6f41c64ece3e9cdb
sample-8560.eml,24832,2026-08-06,123cf5996246cdfc6555b66f0020d28e7e81d478a12e25125513a5b19e7772f9
sample-6493.eml,14545,2026-08-06,7ce0f35cc27198207678b3bfa1f733e7b19b730870939fcedf9df0b5991428a2
sample-7930.eml,13511,2026-08-06,1906d6efde1ce9a2f186deba24ca147d067863757f0e9e848f62bc7c11a61774
sample-2137.eml,21333,2026-08-06,9d590f2826ba2289589b708dfc8ab4b7ab642a3e31c7b91358ebdf68eee6f6d5
sample-8047.eml,49457,2026-08-06,7dba8f693a257f083aab7bdb7e9bfefeeba5a4836c988cc728d5f224552ec74c
sample-4323.eml,20030,2026-08-06,787416f9b766c276e3877d576d44ac7e13299f574a64687d5799ea6aabc7e24b
sample-3197.eml,313951,2026-08-06,3654c378972688abb4a2679d7748c008ca06b2e4f60c2d743dc5a39d4b4bd663
sample-719.eml,46233,2026-08-06,a71ecb5d7eec64e7231799600eb79d912160aab102d84944c521090b6e367a4a
sample-7081.eml,15829,2026-08-06,0c8bc69d6c210e3ec5f327c2844a409711ca82c0c1a96a684569bf3a27362707
sample-8241.eml,14144,2026-08-06,6a6ddc716afc85fddad42b38edfd2f0246dd4aeb205f3b4e9e8e17e879de2a22
sample-6251.eml,40928,2026-08-06,2f38c08130759b43ff86ccddc7ecc7025b2ce86205f64db5711e1b07abc9003e
sample-3399.eml,22424,2026-08-06,a30fcea62a841d9086f913c5f0c72e108de54bde2c848d9a92942ac80bf233d7
sample-5301.eml,120419,2026-08-06,71034b7800ee8fefacd71a7d82bc6c7673a3b1b0450c632db873194744829042
sample-5186.eml,14190,2026-08-06,aaf95e0a93922936d6bad6ee7bd88053ec51258fd512406ab862e6dcddd5788b
sample-2302.eml,10624,2026-08-06,34bdbb6a8294334a44f668e31e00780e74107b63387ec30533fcefb21122fd7a
sample-2853.eml,19057,2026-08-06,3a1532d3d703aad29d6ea31a193a644ccef4ee41b24dd110dc259801bea06f78
sample-3431.eml,88989,2026-08-06,3befdbbdc4b14719e64f2d6f42fc650922d13e896177b14bec50c8611a1f5555
sample-6949.eml,20678,2026-08-06,2c6ee158694e527e1d70af6a2990a32127804c8617c4be0ab0077501c8a9c125
sample-7870.eml,44954,2026-08-06,aba02c6a77a6d02a2698cf0b41a4ca0c523d7afc7358b6e834e0f4f55ad2f79e
sample-5877.eml,15664,2026-08-06,1d85f4139b8f92c3176f9baacdc6018a4f920728e23f1ace53d47de9b3938088
sample-4582.eml,13299,2026-08-06,c471337821bdf45a8b383c129b44a9ac1024ac7c186b94f5d0f26975f3c1c859
sample-3759.eml,14878,2026-08-06,ec8af093f40cd6489376da624865a860ca657cd9b849a84c8a95db1fd335afe2
sample-19.eml,14178,2026-08-06,593eb87a3147c4d72f0b93e3e2b1b949a92107f002a8d9cc28092a81e1a3fca5
sample-7537.eml,17550,2026-08-06,4f67028d55bbd7152520f14bd528d619c6f6b826c0adb2b653fcfa83b8a61183
sample-2418.eml,31657,2026-08-06,a7f2a9a33947082a166bf38bb0ba11b28b55124211eb417351330eaaa2db58a5
sample-5696.eml,14119,2026-08-06,e992cdaf6a09f2d6d80b8060b28f289d2689137da5f5d0a2e6e1316e19c66d2b
sample-7291.eml,47970,2026-08-06,f626d4edd5c76ee0cc0c5c44ab02bebc9bd20f3970ff5b98a94529d8349eaf15
sample-6821.eml,21348,2026-08-06,f41f54b252f48eb0b79a86f593943a6c1adcd628533500f500662dcdfe1f0ca3
sample-3153.eml,14266,2026-08-06,a64a73e9f36df51873b466c5f35bf0429beaccb2314db5b65cea5a51635955c4
sample-1479.eml,54148,2026-08-06,ac9577abeeb3df31a36360ba263fecc435ab39faea17cfc7a19aa95799d15915
sample-1880.eml,105943,2026-08-06,48844a34264604a0ff3ba2b09ebe433afde588c8c292323b5b0050777d969864
sample-3533.eml,12597,2026-08-06,57488910d397421790f86d03ca43dd2e3882810dc4b6592d483378c7b3e717fd
sample-7656.eml,25302,2026-08-06,44c3f8963b9dc7e855cc5e45233b032c5f996f1823dbb169309ea2f90730ece4
sample-1598.eml,25239,2026-08-06,c3d0269df494f127a92a21f35745a45fe8778eec2c3431d122f8481eff92f2ee
sample-3182.eml,17480,2026-08-06,aa22c27b5e11fb88c7f39156eb143318476d0990ffcba4d94df47153f59fb890
sample-6444.eml,30379,2026-08-06,4d485806c84fb331a60ad0c56ae32dcc54a5679be2f07e452f49ed351c4c8f40
sample-5042.eml,27453,2026-08-06,5ea03a52063a2c148d16bd7d97bfc492241a1626b6648e5c0026eab6512579fb
sample-2833.eml,139301,2026-08-06,9cfd640b2cc47c7dc5c16a43b06196aafda17f07385eafc95070554c1977ce02
sample-666.eml,8752,2026-08-06,66a1e108278d0ee6ab69a6b60854d850c905f681dd893a97774d2e5a1f9a0937
sample-4958.eml,40846,2026-08-06,e5d6614e176a6bfc4b7361c9d8c8b7cf0002d59967c543884f4ba23e0b4ce49e
sample-4727.eml,26431,2026-08-06,bd022195208338efe2253a2349aa207125525bc7c05953e79b3cfb30da886391
sample-336.eml,11311,2026-08-06,51a0e518db4dcdf72b32535c240560811cb7e6cb22e8d6f90b2caeaaf831176c
sample-2398.eml,25038,2026-08-06,c4917065da39031a9eee1b6ecada4b8b02f408edba6f6764aba595acd822c26e
sample-8466.eml,32379,2026-08-06,b960a4ccd7d1b8dd1be65819e78981fa7b19803fa302e957967705817ee2de04
sample-2976.eml,15648,2026-08-06,82f22a429804c1f47e3b8b78b9e2f0c871e8ba8c52a572ef915ce1de3696dc07
sample-4216.eml,14856,2026-08-06,4ce41a6619784bd5e861b9b9c866e33b36774512fd7de64ae30b74d2f2604a88
sample-6202.eml,32314,2026-08-06,295af14a78cdec4c309e76b473512670eb7ed2a7a4a80b94b426dd9f2f2cb4cb
sample-7630.eml,22043,2026-08-06,96afbc9b313113e81b46060276746e4333beedb6ca9bf5bf1afcdc951b58c1f4
sample-8553.eml,471978,2026-08-06,55ff42022b10435da3dde533da0fd30667cb24b91a8968359d1cd5b841165783
sample-2393.eml,105147,2026-08-06,70dbcc2a3813ba98a1ae26b6878587612c4398de0ac996ec15c04b495ca15439
sample-5013.eml,15260,2026-08-06,205265638005104bc7ac77454b564153ea4d45ee81958e31b0447b0778884ed4
sample-6239.eml,58338,2026-08-06,6be698c8fc93c3269cc8662b93ff56aede36271569fd653a01162939a0861aa4
sample-6855.eml,21433,2026-08-06,2ded8424e74184240a1ea4288114c7c48cb95563ff2255d0bdd724670df17910
sample-3360.eml,25058,2026-08-06,db130201a54ef1054124176ceb715f3f6ec62b1b27e817f9a6602a26c7c6517e
sample-1773.eml,20367,2026-08-06,0b093165279c55cd761465ccb018937165fae77bb89da073e43bffceb440c304
sample-4020.eml,27942,2026-08-06,81743268a682ede36103c2cfb947258b47fdd2c62f2c16534cb21137c897674b
sample-5913.eml,28152,2026-08-06,c16b7b737f4d5d13dbcd9f4b02ef5b4503044f7fcf217e93d72f6e27b9dcc26b
sample-7994.eml,22075,2026-08-06,be4d02e00066b0edfd314de8035cddd18ac96d3328b1696e2fcb6c8e8c0d24b2
sample-7099.eml,26720,2026-08-06,3ab0c4a77d88aa0bc597714b038dd10d451b5b006345e5b6c280b6fe3380d7af
sample-5934.eml,17846,2026-08-06,c5011560c0a1955f6d3239458c31c880bc3c4b21603bedc2d436efe1f9aa61d7
sample-1432.eml,18674,2026-08-06,546e2ec67e9b50aa0032d3a5ef2065783fa92df48c919131cc8ed0c7e3806421
sample-2467.eml,31687,2026-08-06,7a0c8fdcc1ed456a7ab89a903007ae9f165ba9065b069bbea3c490383baf5698
sample-6434.eml,15256,2026-08-06,f4f2118175242ab4a9fa7b9f57233dd6217147f43fc405dd72157ef408707b70
sample-3224.eml,35451,2026-08-06,18f7bbca7d7bbe53157d7766fc48737fc83429347e6759e121d36b67aaf5c0b9
sample-4159.eml,18988,2026-08-06,88e21e1a17602869e20a9b453d300e753c889fbd478dc9ebf50262ddf3d511a3
sample-5184.eml,19114,2026-08-06,4cc47acddbd298f0a0719bdbe4f6e80e69eba704c076aa0996eff36d0f2600f1
sample-2344.eml,30085,2026-08-06,1702bb471da603f620e351bb9bacc23621d299d4c6e9f8d6cabd7e72d6d881e2
sample-2367.eml,26171,2026-08-06,999c8280ed40ce80d860ce3411135d826f5c42f840fc073145b78df848c5875a
sample-3352.eml,80761,2026-08-06,08e770fbad7964cf43077a8a0653a427a1dd8ee8feeb6c0c97ae1e12d126ec83
sample-1317.eml,23112,2026-08-06,8cf434279a9297e3c0542e97b82b998a39fbd2ad5dcc5942bcc0f43041baebef
sample-2253.eml,10238,2026-08-06,197268354b921b54481a298284bbe1d9b7c9c7f14d505eb8eba0d051d82e25c3
sample-6986.eml,19169,2026-08-06,2310468209fbb31dc35be287f6a96a06a2ac33ba6368f4091149c32e123550c7
sample-5872.eml,44136,2026-08-06,bac8573fd3cb7f31ab94c693cbe1960b424d971c23026e93263bf5a47c869fe4
sample-3567.eml,11662,2026-08-06,7d6339222b4c27071b22aade3ef7b15b8b0840f1670aeaf75782c34452336200
sample-5105.eml,28224,2026-08-06,38edaa2e2cab09bcfb8f9fcce43a9478032e7e46275da38d56b239213d33694e
sample-967.eml,11427,2026-08-06,842cb9fc468dcf25bd32b3fe089224ea7855d7686d9aae0a2600d6625df9d0c7
sample-4885.eml,13824,2026-08-06,39c0286dc6c9a3f770b149a686d9d8460469aafe97bc1c5c006bc536801a06d7
sample-3075.eml,25084,2026-08-06,f8ee865b6123354110b2614bec75d69a4aa04d217889ee7d8ca587be4f1dc0b5
sample-7299.eml,49289,2026-08-06,daf8fdca9e9cb9f7d6fb44fa47414609f1cb073a09e88ccdcb6b67423beea823
sample-4091.eml,78033,2026-08-06,08e2f7723f802ca7fb8f4770051da410522385a23880ee57123051f181344ee2
sample-3213.eml,19303,2026-08-06,4f18e0ced8cc61bf681786ae439beddd76251ea6c1e1b1aaa3c63ace678035f5
sample-8416.eml,474964,2026-08-06,c18a7e8cc1b62dae48ff3eba1898d654a52f5e969ef85e36f7eff5eadc9e259c
sample-4819.eml,42307,2026-08-06,74f83e498d527f8a60619d82c1eb70ee50cc9f9e05a0d25b3654b9e17f0bd138
sample-4861.eml,13307,2026-08-06,f02f2c845e61697cbede644ffbba0292bdc76a322eb1b67c7943ec309db1a943
sample-7359.eml,27339,2026-08-06,09fd0c848b270a5f5d0bdb3e677012d977bcf6e5300767c03a246d971ba280ef
sample-7428.eml,19908,2026-08-06,8a43d39403ffdb71d52c56015558ab9ed86d1891f3f0b8aee853b97fdad4f739
sample-6176.eml,19207,2026-08-06,99a8063598e03b77b64db488b1085bb64060a8ea3396f5cea08934520a82d405
sample-1263.eml,13080,2026-08-06,a87c601219356b110fb55df12e22d1df4802c1167a759ef27789e7c1ebd1da8a
sample-3195.eml,10721,2026-08-06,bfcfb165f00e7afa76c46b13eaf77f9cc3f391f7fa068d14a5d657a96e6fc617
sample-1829.eml,46718,2026-08-06,2fb13e17bc8e8259d14484f05ccbf3146bed3d538696f1333e7ddc06861f1e47
sample-7998.eml,26913,2026-08-06,afa57490858d7eaeccb820fd0ed1bc5ebdbde715107834acea1215c52c9cb434
sample-1514.eml,9646,2026-08-06,6498c564dcfa5e0419c3a85010732f6ba65637340874b9496a18bcf23aaa4721
sample-354.eml,48965,2026-08-06,fc5028be5a8100b971247893029128bd92cf418f86b73a4954a20a8d77ae3b8d
sample-322.eml,9404,2026-08-06,cca5f6c2f66393fd665e6d212aa8765011b4c532e3927a4f6e7bd854732aada9
sample-6769.eml,26577,2026-08-06,a247a230c0b30408a2146573440c64a0ae68a932fa131b1fffd35a0fdd1c383b
sample-6919.eml,27291,2026-08-06,1042e8eb2571902c9cc49d5b0e2f26a33ae12179a08c6e36b51888f37aec3ba4
sample-6487.eml,29720,2026-08-06,6737f67ce4419866ae4ac313bf9469f2c94af86dfb8d7f6584300def50723b54
sample-1131.eml,16471,2026-08-06,35963edea0bbaf56e3ab2d472150c03c3ead1b920748ca94b49294f14d026a18
sample-5385.eml,11049,2026-08-06,d6a48aeda30277ce04889322ec55e9aaad9181ededfa2e1b36453ae7193e2627
sample-3351.eml,38986,2026-08-06,6e8fb05c9948399ba69688bb8a482792f0fad3b755b5e701b6cd6503116efc98
sample-3007.eml,19366,2026-08-06,98a83fe1f50b143d22ab40272b8b9d865fa5ddf6b9b6cd12dc1782da3a46dc77
sample-1349.eml,43830,2026-08-06,81a0996d40337ea9d2bcf07c3ef6fd70462208aaa5ec6b83fee3835200b8ab75
sample-3293.eml,12599,2026-08-06,799d14c98d90ba886e1b7b9afdcab7759aa0a5769623560ef0b9430a58cea755
sample-2851.eml,11487,2026-08-06,69a9e546cee5a2890ed0c1f73cdd2446cd11d42c26af66eb07ef7319aa8590ff
sample-3141.eml,20892,2026-08-06,feb96755f274c4780b178b16c3c921fe1342db94b915cfef20ceb576dccab03b
sample-1665.eml,47002,2026-08-06,5d9ab8b0f1b4d66542cf153a1518a08b1fa098f35e2e7940520d25ab48589ee3
sample-7143.eml,15691,2026-08-06,6157bbfb151ed5b69dc5b525abacfb9fd7b3192d01b8b9514eede0458a479c56
sample-5401.eml,13546,2026-08-06,7e610128b55b011efeec33237d02f311ee450b6b5008197bc25a973153843fcd
sample-2738.eml,16731,2026-08-06,8770481be4a3c832c2e14f2f178e2547440aa3893e68b1b67bda9fa63caa065c
sample-6851.eml,21723,2026-08-06,39f8273a34694dd22295c491cac4d14281b798615d124f9b3ecc3975b6da9bfd
sample-5437.eml,11738,2026-08-06,907c338d2055fc2b948d19ff964cd39692c8f81229c3fcc053e75105d003cd48
sample-3242.eml,58364,2026-08-06,2ae6c80e5f219ccf5137de062d1557b2f11abec3197a76cf0eabb3adcab53f60
sample-6477.eml,27707,2026-08-06,e90e171be37bf50c25f253d49a4035e665e082160f733e2e576b83230f503f6f
sample-6596.eml,20185,2026-08-06,be7c6bdb1de2079c7349b0239ebca72232e588ae0aae0a9bbab1a33dc9baf3fd
sample-890.eml,9658,2026-08-06,4841b8b6e8490037980319af1e12c222373a146be8dbabbd25457aaf0380c1c2
sample-4201.eml,46908,2026-08-06,07a23592aa907834e3d228bf36c44ba37c8964781a275de845670d40918545fb
sample-8217.eml,465534,2026-08-06,7400325ba35d3bd6aca4e4720409a35b611d42d293b30dc740d3bde5e57f898e
sample-4019.eml,27731,2026-08-06,05b2cb7b280130004c884be811554f3f8917aa7ad242eb49f9b80b2bbad045e5
sample-7934.eml,13532,2026-08-06,4b9abd4b2d52df1fc90f2769251cced865fb43aa21ca45f2abeec10e4e634998
sample-4350.eml,18156,2026-08-06,2236f3f97bcbed901a52eedff500f43106db0935098bc2a8e8e510e63d098a7c
sample-6582.eml,17910,2026-08-06,a7bad47cb2dbc2271d8d13317b95a782cba572e8bff39c42b5171f45ec79263e
sample-2458.eml,20580,2026-08-06,132824e03ad4c27f7a8583c4e79ecb8e0b541c323b29da28de28b4e2cdee8548
sample-8472.eml,16961,2026-08-06,9879ffdd604710f9d49a4a1fd878702ae8dbf7c9a528120e21ef09066fb697d6
sample-1667.eml,46604,2026-08-06,8e5a053a687a767796f89de9107f8d767aa0d60423a50b0eca61fd81c37c4374
sample-4012.eml,52984,2026-08-06,c743030fc11a899ace4ac27a2e6a52b234614adda7fdde3bddd15f8b22e31cb5
sample-2680.eml,19253,2026-08-06,6c3d25c3e75459866ccd2956c02c6f008a984848584c9ba147b917ebd576fc72
sample-7421.eml,27088,2026-08-06,86c0943df87f0617bfeb18236aeb4296eed41ae2e564572569c169939e2b6cfa
sample-4993.eml,14491,2026-08-06,1b5a3d6634e732c8256537e794a76cf36b824371547704a3a8911e1b7cbbb8fe
sample-3312.eml,308338,2026-08-06,0ebe6536a8b19529a0909e7760493b1e17985c315a192db36b9271d0c9dc6a54
sample-8100.eml,473887,2026-08-06,2b0f7ec190b8b3e0b5666a83c586982af5883b3944c4f7bbf9af3d025d1977fa
sample-6004.eml,27854,2026-08-06,4077b8ed4849eb409871d499a07b33edd9be191838aa62687d866df9d80b231e
sample-4264.eml,14820,2026-08-06,b3273f881a897c7228cc0381ef909b08757e60883e899b9353657ca775f496b2
sample-3856.eml,26916,2026-08-06,75ed3e3fde8feb33b80930c95b299fc891a5e152be50762ebf05a2a9e1fc9ea3
sample-4799.eml,34891,2026-08-06,2b2b1e0b12513c94de1ee53894b31c11eac84ab07176be56a2317b4951db0b47
sample-3537.eml,27192,2026-08-06,ca27f900eed7a7e47799e95fe07fa6a04e555e3eb7676931aa1e478389f26ae4
sample-4664.eml,27182,2026-08-06,feb3034459e8ee0e56721184d579b020f80d821d10db0429cdcc5e03e76a4727
sample-3101.eml,17972,2026-08-06,2f41738e2eba3d6b0c7ff3bbdbd144c7df5b1a88518f3dbc7cc5d96f57f378c6
sample-7764.eml,17246,2026-08-06,298482973641a47aa18942f8c9c6b5032b4809ce3fbb59f8495d47c3dc61b6f8
sample-5957.eml,23732,2026-08-06,f05f2067992420c87e36fade7775603300a92b7c3e87263d4715c0ebb5f51b3e
sample-718.eml,61261,2026-08-06,6bc4dfb616df866628bfe4c7e47259a5779cffcec267a22876de383fb642b98e
sample-1173.eml,75163,2026-08-06,e00ad4046783fe4b15d3a7686d6c4c9e66f41a7c11e569ad1ff46e72b537eedc
sample-784.eml,25953,2026-08-06,da5cc4611889290bcff39e66682494b0fb7e917d881421702e0d2eb2dd29b15b
sample-250.eml,17531,2026-08-06,5449cb7358bfe912a6151a5259d7070559946ce29ec3ab100b44b1e8e36f9e80
sample-576.eml,19634,2026-08-06,ba09cc525992abedc4d6f8769fd5b5130e927198bd5897b6089c43ae44869cbb
sample-4429.eml,10837,2026-08-06,451b7ca1f7695997f0aac7e75670c061d840e2bd863a7ad46a6cbc89fe63a734
sample-7329.eml,21734,2026-08-06,3f5dbca5e29c32103f81a4ed7cd11f4cc740ed2bb909b5b6da08de45821bcca9
sample-8108.eml,473529,2026-08-06,cfdc35622cde635ad66dc656d4334f5c168507d41f3f11fa702704218d647b46
sample-7859.eml,29341,2026-08-06,da4d8a1a2592110033fc84ce9f50ec14562aef5e0fb8a5f11b529b5ed2829ec7
sample-7622.eml,36883,2026-08-06,0c6f6401872d458b39e37b7ae67b4f34bd833edc899fbb38aa0516ac416846d8
sample-1218.eml,11970,2026-08-06,c0177f9f79b386249347e58d0a4d7206514ec4b6a786af6e0933af07aa759cca
sample-8304.eml,649496,2026-08-06,29bf114a5950c5e93138a9237f72c510fdbd6ca2b968a30f869bbbc360db66fa
sample-6361.eml,119401,2026-08-06,37ec91b8b5f863cfee1d65d7397ca0aa21294b35c1b8196af84a953b45fe7a93
sample-2005.eml,37428,2026-08-06,866e9a483724ae1280d39394743dac8f558aead347cd72d57d6e69fc69e3af53
sample-3134.eml,19540,2026-08-06,09df5f484080100ff41cad3a44d3e663ef39c5203afd8f719d81d659654111d1
sample-2660.eml,19410,2026-08-06,44456894719204171bbf745bfca24584a69d5ae82dfa5be29f51ead4a8db4ebd
sample-8430.eml,16105,2026-08-06,298f33fb5bc54bcc50431a9ae3c0f8d39de495e003d136723916e8380bafe80f
sample-4079.eml,35694,2026-08-06,4352d61427019026f7bf2e020b301b09298df7f046b5c8f7db6ccb5406c4553e
sample-4579.eml,77728,2026-08-06,7b342f4c2150b9040bd805e0b452ccea12f46d5df85ce69a8338bebf1b8d07af
sample-672.eml,19967,2026-08-06,9926b86f9c4cbcf95e3da624fdca24dddbee1e09338d61b85e8c1eed3ee33844
sample-1700.eml,18635,2026-08-06,7aaac83fcba5d4a5dd1262deeeeaa4c077838cae9812364fc057580f3fbfed79
sample-6902.eml,20289,2026-08-06,09979f56a4cfbe9ba3d932a87eb165474ccf932308f6649849ce35a28adb436e
sample-537.eml,55338,2026-08-06,210aecab8b6bc2003b6580206a66bfa01f50bedf798d097f53120e9dc788d11f
sample-8254.eml,15987,2026-08-06,9cc41ef8f46e055079ae4bbbcd22f757abe5e945fb9179bb172b29d80a8ff1a6
sample-7736.eml,41107,2026-08-06,38293811f17855de3e56f93fecf0e4c1c9e3db6d88c38ccdd17e1df0207a96f1
sample-6391.eml,31922,2026-08-06,de185186c152a08bac7215793f1bf3faff8622c0033408d194cb30770b9d4d09
sample-3870.eml,13815,2026-08-06,ae9fe9d183665c9437cbaa49ced6e4ffb44634109afe2026de199d349bcb40c4
sample-6118.eml,51240,2026-08-06,7086e6466ac1d61f6567beae3880106ba5ae7cbb003597fcd580143bf8d6ffd3
sample-2383.eml,36365,2026-08-06,fc3f89bb415fca865abb59a2752a7bdb47ab5e7b760986b17019fb08250a99c8
sample-5772.eml,27558,2026-08-06,f676efffb735090e735d42b41df6e1ba08108be57e0048407167dcdbd362aa8a
sample-7873.eml,26365,2026-08-06,dc41d108953e0eba38f54be7e010dd30755ce4d9d96ed383947e05cadfd92676
sample-3044.eml,24748,2026-08-06,f5f30c0e5ac3ba1d9718d84a722a45f9750fa857059a8a0a00219f8a66015498
sample-3688.eml,12731,2026-08-06,656b23e09632e444869bebcec61bbba6333c107a9b0ab888462e584f803fe3f3
sample-1637.eml,18219,2026-08-06,6a8a3328dfee9398b6da8db1acc4c93a8ab021beb157cfa056f455b2a8e5e6c6
sample-5961.eml,19166,2026-08-06,46dc75adaf910f6a39180aa45dc215fcbb324bde2218069bc6090bd90b9817dc
sample-3235.eml,12277,2026-08-06,9d1493ceab9b5ae824d88b8406765255f4cf7a25b955df6c933619f4c28b3764
sample-2885.eml,14842,2026-08-06,081e926d1972f2cce103aabe6f5e1ea7345ae0bb0406a88861be262f8d56be69
sample-5880.eml,15290,2026-08-06,70bc4fdb7a5a4acdf01407e3d54d05153eb57e258e6e866db603d592057d095d
sample-2617.eml,105267,2026-08-06,9550577c6f3bb16ebd185fccb7db91c40006f8dd2b3a1bd9cdce4e0de7ffebca
sample-2641.eml,22253,2026-08-06,dc648632239796edba74dabe0f2022a5b7d34225b016e390a380f987d8074912
sample-1906.eml,20200,2026-08-06,f1bd6b62bf7f3953d4af1dd27e39cced627ec809002e4aba0f711264679d64a1
sample-5966.eml,22877,2026-08-06,fdaac1e7db27b3519b129629fb94639abc99346aad91e53e1c9626a1ca4ff822
sample-2655.eml,11734,2026-08-06,023d86240292ed3c030169a36e8bfe67c5f02f88e03d11e020b1652853eb13fa
sample-692.eml,22029,2026-08-06,b91c9bf6a6df1b6be6af00e196e7c2088c7fe0adf8108df0f2f7f7288eb6fe2f
sample-4370.eml,11582,2026-08-06,1b269147d6db649683cd36ce5b23e51e1dea9a708e19911546c90d23750fbc95
sample-3985.eml,13782,2026-08-06,36ab462045a26ee574d09c6a0cbb4108a0acb2ab22f93aa835999328607a6421
sample-6465.eml,52322,2026-08-06,e4eededb6f99a8e650e8d0d790359ee84937f599431d2cd2e1906a0702c1f052
sample-6167.eml,22435,2026-08-06,e2cf65a245b9c17f77900c810ca7a4b95328fa7e358143ae827b0545d92da93b
sample-1994.eml,16909,2026-08-06,b2ebce6b8514230dd591a1a2bea764ced5f25b3379131f19db10c1996318c3f3
sample-5002.eml,36265,2026-08-06,35bc9c880d3837ce16ada8dba9be13c826a2be7bcf4eef6120f22648d20c13f2
sample-3616.eml,92371,2026-08-06,c681bfe52e17eb2efc19f5c1807260a00f0e6f65be2afaed7c124db4f4d11677
sample-2322.eml,19347,2026-08-06,db6af1fed9ed6b9ed605f5526ae72afedc18665ef171a37faabc82e674dc17db
sample-3169.eml,27657,2026-08-06,f8421b148fdd71bbaa8896e8ca908e4a69ad22369f361a750fcf2d47cfd95300
sample-1867.eml,105002,2026-08-06,440e39f7d13625bbc064dea5ecc2dac421a0af77e27043f0056803d3f564e655
sample-5099.eml,15342,2026-08-06,92e3ae8fa4279403d813b7239ddd7a0c9d90c9b5904a096ce94927ba932413e5
sample-4830.eml,15131,2026-08-06,5cdb85fb1f459d4741190b235f7c387a2dce35f578e42fc47fdc76f66bf09338
sample-1183.eml,7218,2026-08-06,d6c3d1ef1cb3398f37b9dff6acbf2104662aa21615f2330a85ec093a0779e9cd
sample-2394.eml,104662,2026-08-06,5dae7a919b3c373c5ee32645c9cb991deb1ad5d7af76d74d869aa5c3b4d433b8
sample-1110.eml,12312,2026-08-06,5ef0df14c9590e4b6cc7b196cf65d99137f14c8813282a96bb80c882a2ba5a76
sample-1196.eml,10201,2026-08-06,68c35a96b4b14fe7199882c3c47928df690f415b112935bec5441f6823bf47c8
sample-3864.eml,45729,2026-08-06,7db4ec64a9cadc00073a809557a124abb1f953fe59cd9f710d466abc88d4bc11
sample-1879.eml,50866,2026-08-06,6518a01842314b03ec38b110afc6fd2a995c82921195e6224213f7e2e5e51bcb
sample-1648.eml,19218,2026-08-06,870f7621d3dc1de58a6bd2437908264444aba34753e2cd2adca5f590229f881a
sample-4376.eml,22785,2026-08-06,f666adaa5a453ea7f45ebd7d1637da05239006435596a263b236b9c03783a88c
sample-6027.eml,22890,2026-08-06,4c1dcba49159630cadd62d3d9ee34ac7406b5eebbedb0acce71c64b5b331304e
sample-4623.eml,10761,2026-08-06,db9af4418f88d486d46b3d1f07250fccc2c7f6e70e554bcf155d2b795522abcd
sample-5478.eml,15745,2026-08-06,efa287359caebf6f85531d69f6e553e9b50d35de59069d286292bebce45672e6
sample-8087.eml,473647,2026-08-06,a7af2bea73e6f2674a3d28fd645f1d0e707755801291bb42c1b09daaf94169cf
sample-7425.eml,50136,2026-08-06,be623b51494ac6419b46e33a45c25144b4e3bb9cb65c7d96a0717500ec21a9ed
sample-7804.eml,27003,2026-08-06,57923abcb7b8100b22f54195ab34bbe9b5e3bebf78f6fd8b82bdde448a3b6554
sample-8122.eml,464942,2026-08-06,6cc7fd5f87e50290ecc6517f7cde6073d1deb6e0078b8f6dee40c59ead9fbee3
sample-3186.eml,17387,2026-08-06,77e447ca23d5e523a4e75eedee0f9f89f052de18b5d0414c52d4f7ce7487af70
sample-974.eml,20195,2026-08-06,2e7a0b3f2ea37c746719185bab64fcc852895cde6392bb0d31eb3b71d0dd2043
sample-4533.eml,63491,2026-08-06,360893c1f1426f69f0af6f77e9c1adc90a54fa11d6ebab53b86d3e4d90256eeb
sample-8610.eml,19274,2026-08-06,2d7d1197c7b872c6a17caa454c0adf122e115361d48d9d1a2cc658465e41517e
sample-4515.eml,17887,2026-08-06,a58a40cdc98f91877e7e01a53cd05725e6cd33e83ae2b0471a93133278bf433e
sample-2731.eml,51732,2026-08-06,b012712e9bb131f18a3a97ae78ae8c5d076c454173eb2bbc8efa23ec838c33b2
sample-436.eml,20435,2026-08-06,e60b8cea0bfab469c21488ffc0c3f4830e95a74aa977914262b09e0057afcea2
sample-5354.eml,39701,2026-08-06,4fb614c36647bc7ce5242a9cb64568c0ee9b05e7ef3c354f5cf3382953a97f6b
sample-4753.eml,24773,2026-08-06,b56c0b8408b9a5b88c7c56daf88ac5445b6b0bef1b0e22762cb05b5f03c70d47
sample-1527.eml,15401,2026-08-06,2b89876cadeb22d39841980ae0e79048293b1b90297eb63b93a63f5e57c77c7e
sample-174.eml,9830,2026-08-06,723e5a960df0567ffef448c1917f54ada226c5a2ebf02795ffa207592f7bcede
sample-1023.eml,11431,2026-08-06,f68e56de94834d3bbadcb74100199f670fa973c3795792c3ef4c39fb52313e06
sample-936.eml,33071,2026-08-06,da44336c570304e2489384db929e232f173715854302335849bb5a9e454c6825
sample-3863.eml,10035,2026-08-06,6a94f415d0ee926bdb8adf889b0ba4c979ec87a4321b2e222ddca5b0dcfa611a
sample-5268.eml,16644,2026-08-06,d3bbcad4f30b680c2e38e19dc192cb5ad3f00d50d72c7fd86ad9dde66725753e
sample-2717.eml,25678,2026-08-06,dfff8f73acfe688f0449b8a5101b96fb28fc79b54fa67dc9e5f0fa4d061fccea
sample-3582.eml,19891,2026-08-06,5b8e9e8b52dd3d7cea9fd9cba1215149c7eea99d72990727342fcf7bac2d6b9d
sample-6211.eml,30752,2026-08-06,83d5b1106bde8f8ba04b44a831f00c2e7cb05bb82914c0f280b5d0c0269a55bc
sample-1708.eml,19343,2026-08-06,64c4c785f66f3019dd607de98a0af72c8a05ace3e7352da6ae5e00d0d07b2dab
sample-8082.eml,21275,2026-08-06,e1da28a6215652599e744b8fb6c555d61f2830621c9e823da16e950677f9005d
sample-8576.eml,473190,2026-08-06,df054d0c607fcdfcc85e5ad4121495e7145b0fde76e739a35b193de5eeae734b
sample-5506.eml,126791,2026-08-06,4c095bc81c4c02ae87a0f100cca84d99d78c138d11d8c17a03d95c9f7d924beb
sample-347.eml,16666,2026-08-06,1b2bf9e742873d9e9f56ba49b2dacb1f84fd55091dc0b32ebe612dc5ed79b0a2
sample-2025.eml,105171,2026-08-06,584e50c1f69910cde20eec654663d94270287673bfd18b7508ac2df407e17e24
sample-1944.eml,275016,2026-08-06,875f953c85bfa88ddd1296dd7cf39bf980ec6d207dffd539a6e38093bef6baa1
sample-171.eml,47493,2026-08-06,aba0e5f5d3ebdf7c386f90ef7f9aa75c48b9fceec36694c46e7b196d0902a1fb
sample-2229.eml,44656,2026-08-06,7423e8352d22650d9f891f9c05bb208ecc4c47b24709f6f0aadd4c2b2cd4658b
sample-6496.eml,26658,2026-08-06,58ef406ed207c4a0422cd8c23d6696e2efe2cc535aa81692941d73d706fdbb0a
sample-1096.eml,24709,2026-08-06,303340b0661e2f17f1ddbf81174a359a6faca0d6ac509f142d4660f999880459
sample-3332.eml,11466,2026-08-06,e3cdddc13a08c7597086bbcf57e8379eafb324599d8424c9d1e19474206c8633
sample-2069.eml,21711,2026-08-06,d21f25d2e0afe6ae93d5ff6ef709ee32bff8f98227117aff4867539a7c441251
sample-6574.eml,14122,2026-08-06,51a2883bb85ec336fdba6cd1fb1687b2baf5ee1f362634cbf9deb215e7b9c395
sample-4228.eml,14738,2026-08-06,d36f6dab840b9f7ce3c1f71dfeb834ec3c9631bb8c7e7438506446e0aedd5fa1
sample-70.eml,11600,2026-08-06,df195efb9e62f52da39dcd9220de502f2658ac1664600d88712e8d6f571822e4
sample-1470.eml,20109,2026-08-06,1bdc45f3df0afaa9ffd1f653393d6929f471983a1bb2c63e9f13247320610b91
sample-1138.eml,189823,2026-08-06,74d57521fe5c1bdf221608458f9107c385637445f00851eee11517d3f1a6fc91
sample-1784.eml,31149,2026-08-06,3aa8b74db1eaca4853cd84c59f74dbfa1ebbc4270f5bc53a4fd41870fd175851
sample-5177.eml,21558,2026-08-06,58fcb996580711b530df095c425e794bc1365584bb2f073133ca8762612ade8d
sample-6365.eml,22616,2026-08-06,57f99ad84debf1eada0fecebdff86e095abed349e959da42e9640f45ecf3a51c
sample-5110.eml,14611,2026-08-06,c1b4b6f3dd401645723e28ceb64a0f0858302a3e3bf0343aa1633cf0b343d124
sample-7135.eml,21105,2026-08-06,a05100d1c4449f944a7cecb1cbf686181c7e628bc3be848391c8bd14c8a37b4c
sample-7110.eml,18096,2026-08-06,e1f7f854c4470485aed52fa3ea8913fc5a33dc597867e3a95ab2d76e46b7cd3c
sample-3003.eml,20277,2026-08-06,ddc745ac25a0a68b9cda534763180a8c0dd7b04004a20dfd4904860ff1166bac
sample-1364.eml,10723,2026-08-06,20d1e42df9587a02ad9c63097b66557ac3e9c569e954fcdcc71e289ea5a8d851
sample-4867.eml,93900,2026-08-06,cb86cedaaa0d6c65da69d73c5129b4d30114061f123811ad025647752715133e
sample-1596.eml,18968,2026-08-06,eb94b5c1be6ab3cbfeb6b3ec64062e2ce17afeb75c4d5396eebc5bbfd800e1e3
sample-3599.eml,12987,2026-08-06,376a81a2916d3c7ded9be907c571141a41449b2b0c39c4e6074b8ec3ad6a8aa1
sample-8101.eml,473975,2026-08-06,ccee0478e956c1f33ea28c6d484ce0ef3fc7d5c38d044631f851b5adb1fe577b
sample-69.eml,27632,2026-08-06,f43d9e21f8fab113042803277f7a643196880d31320793445f4ca4d776cb376a
sample-7661.eml,25402,2026-08-06,02fce774d4890baf9c353bc3fdf953a133250e59f223a997569d064b599a222d
sample-1876.eml,104826,2026-08-06,1d80d8046a104f3dc63ea281de733ba8c8ab462bd13aa9adb8f9682437485c9e
sample-4536.eml,11422,2026-08-06,011873f23457397be279a28435528b5ed9d92efc6e9291cea417a6f208a7a333
sample-830.eml,6950,2026-08-06,ef895e9e2cb0037966e1b3086d1879057cb25c81ec53d9d5922453faa93450ef
sample-4541.eml,14492,2026-08-06,4bae7113a7b2fb339d8435d44e5fa544cb1f15106b43b504821ec9b8ccc4c21c
sample-3060.eml,18703,2026-08-06,46be1c689d71b12a9c2df4e0c58108a75a40898069f9911faceb91fec2199883
sample-3635.eml,27608,2026-08-06,2751c84554534b7a3074b48252f2845649a58326058e4ae72369f4b8fa51976a
sample-4106.eml,21470,2026-08-06,f9b7fa9791707ae2aa849a70e05012ed92943356f484d9c9c6e974c18b5b45aa
sample-8404.eml,472936,2026-08-06,8b82dd0deed802e038993321b7011126a9a59ab3de10d5b568be466ce70bcc79
sample-8559.eml,472729,2026-08-06,3e401587e1d2e980c53c9b65067fc5e796c3ac7568ead73e71991ff81b484442
sample-6455.eml,21707,2026-08-06,bf9bd91bc3c6e439f86eea1b51a9f4c2ec103a47f0d1220594e6162c91bc3a86
sample-2484.eml,105398,2026-08-06,68f5e4806dd68153b89ff649be1bf36b8a44237c7e8ced912873bbc7381353e1
sample-141.eml,24872,2026-08-06,ed1812e20c1dd93d9c57c380f1ec0621d117768e34e785350b66c3fe6f028385
sample-3799.eml,22966,2026-08-06,e09c22ab8e439af30052e392f5c7065fa7361033a101b496fe69aab98f738ca5
sample-8579.eml,473099,2026-08-06,141ac03f4e0bcb10a22a219d8da89dc464cbfe3cece87804042d42c0eb945bc6
sample-670.eml,136653,2026-08-06,56fc1e31d5d839519e485f30bb1fba166c38d6a4ad8216d7e13cd6e9c55bd8ef
sample-931.eml,12742,2026-08-06,856814117f20919966bdad70843842ae153fcadc44ae193a1bf43f53c46dca2c
sample-6394.eml,20330,2026-08-06,947a3ab85ef3651fd6319697654df06e5f4c69adfff2e4af99baa3a7dd7befc8
sample-7846.eml,26572,2026-08-06,c4c6de7e597001ec58fa24e942d0adad25c54edd577b042156be1fecd7bf11ce
sample-676.eml,19618,2026-08-06,baa1c657faa5b8aa5d64445469341acc240de6d607eac0d3c2ccbb4531b3d666
sample-5808.eml,67149,2026-08-06,dd57e4d923c08232ffb11fc491332da95b9f1f78bc91205024e604bd32324c88
sample-3240.eml,11083,2026-08-06,dd1b960c810e3ea4e701577f22eb5f880542f1b7bb7765af555d206880a7d6f9
sample-5206.eml,14738,2026-08-06,f2fb130f7ed6a4e5780969f03ae12d8adb39e2d15e1b2d79b043057e7a33f3b9
sample-6369.eml,18351,2026-08-06,54ae09bfb941bf27a9cd0f6572bd1f20fb35cd7b0cc8df47f78b71d2e23fa73a
sample-1012.eml,10251,2026-08-06,b5fdc6b1d69ce35b38f5084df0f1d820add625d9f965481ec4ec853bf1700c8c
sample-8599.eml,15125,2026-08-06,07b1af6221938bf13ff80e70a0b2cf16a56964d9d207458b325fc16a7917291d
sample-4909.eml,41604,2026-08-06,0e50fb43f0801eb04f5fb32a1ee974691ea04c7c3d58f3efd225b41e5fe8b4b7
sample-1971.eml,97025,2026-08-06,92fefd23ba97ad65c86e90fba06b42be0517a936248f6c2292f962b2d3783fae
sample-7910.eml,20359,2026-08-06,69ccc41558de1aef246df980852e6c473a52586c46d35c133faa9ddabeab0f78
sample-5895.eml,13006,2026-08-06,e585a7bfcb1c5e0c75cdbe6535cd68a126d649353075d89250166e1c6265c3dd
sample-3477.eml,14400,2026-08-06,d85b377c742c8a46aa437302d8acb9995ab5f3b7f10f4defaef89affffa7b735
sample-8116.eml,17157,2026-08-06,38c20d18ea2280ac2cbcfc6302fc0f61aa18d64cf4bdb7b0bc96ac819d5466ab
sample-2999.eml,17279,2026-08-06,fa6a5071680d3b98e33e1efec12c8b24a55dc88171dee28bd1dc38b9edea8cf2
sample-3604.eml,82588,2026-08-06,dddf2451b1373c721ee3757dbfd6152c498a32de8c5f71b88c86b6e27474915d
sample-2746.eml,105111,2026-08-06,3467c9c30572a041ba148087c01cd4192851b783686a65d1dc65d62eac0e72f8
sample-5182.eml,17768,2026-08-06,156dea66850c1c0e057fc9be833a4d2af5e4124dc09545a2a6daa436bfbbbb14
sample-308.eml,10612,2026-08-06,f23bec78a129fc73e367076a071f65b630448407ea3c3b7092ea6a0c1f2ca1eb
sample-2015.eml,34631,2026-08-06,d2c9db5573a9b0f67f0859c234581e99a8a5e7fc71567dd92370f28d600e257d
sample-2228.eml,25106,2026-08-06,8dec5d26b06f4115bfbeaae87a8c3a01d7967ac35ce0e18ebf04216b852f4d32
sample-6795.eml,38056,2026-08-06,7f8ba410a2f04a456a10db76a2a2d8cc2144442c825df4adb4ea736475164677
sample-4755.eml,26787,2026-08-06,8b780420f22e6eb70d5e65b3def258ed9ca63d76f3c252e452da46b553d5af47
sample-4131.eml,27518,2026-08-06,18041637ac76a5909d0232d6a66e51bd091d2f2fed271cc73392d92b2af873f5
sample-7871.eml,15315,2026-08-06,7e25ac9cb776a2e9867cf4104d755002b8dcfeb0adb954922e4965a9cb67c5e9
sample-6980.eml,26526,2026-08-06,278a2d72240f413383278463f8b2351b51489151389a9fa66e95b623359a67da
sample-3358.eml,16889,2026-08-06,dba4d10df944e391a0ccfb8b16aeb1da14576afeb7fec3d0d80fa63f3e1ff23b
sample-1569.eml,10131,2026-08-06,30a83c7f9f0291a2b43aba4940a623a3e418cd036a4b3c241b7f3d39ef77d05e
sample-6089.eml,93388,2026-08-06,926b2495d52c5000f694ba32d9ff215a53c14a6309ffaae50455ccef35c2cb69
sample-2117.eml,20649,2026-08-06,70e42646f0f2aca8ed0808b905473cc11479e926653404938bd119437ad7058d
sample-1881.eml,29085,2026-08-06,f0cde5a95dbd165b80da408d80ff0a104624bc0ec384e3e3b0e04a3506c5672e
sample-2963.eml,19533,2026-08-06,b8a974ca6ffeaa3e3c1903dbe54ca58b11c635808ec4e73f3e4a4a833ce8e680
sample-7891.eml,22779,2026-08-06,36a3a54596ba8207be0da404f7cdbc5060fe6e2312d74609d8835b75005b98f0
sample-1095.eml,24711,2026-08-06,aa95bff6ab415b9c37f7697ef91ef6dd2cbcc40c02016cfc2048fb0885b82c43
sample-89.eml,24756,2026-08-06,33155214ff8f399e6fc689b205a13614cf049a6ab47746871694aa01461949cd
sample-1168.eml,24820,2026-08-06,edb135c1efda66e8bef027b5fb6ee30ce87712c6cb13c67f74f826ca7d9d39e5
sample-2274.eml,19235,2026-08-06,76a7caabe0d2cd15cf7a6ad758967307d335165fe6db189a284b529d042071fe
sample-5375.eml,9675,2026-08-06,d107f15615458ead7f596b00e843e7050f0824658e05c7ef740d8336c28d9130
sample-4998.eml,13229,2026-08-06,a3b80c3bbe989ec606469ff0dfcd3e71fab4212341a4ff04165bea8e88585092
sample-713.eml,346083,2026-08-06,67cd7efd913a29ef0f006e985acb0217e90c8343df5ec0eb9933acb8c4322658
sample-3700.eml,28884,2026-08-06,8d7f4212617b384975e06dc68673d134961b105f2151863d37a81ac01d176757
sample-8140.eml,19792,2026-08-06,97f495b7e8580482d2b0831e257a3f1aed9694d0fab2db2b949c18b10f228420
sample-5987.eml,21705,2026-08-06,6c9b73dc3fac394382b9969f7afc01f56ee048f6e8071d676331e53586c023ed
sample-6139.eml,40439,2026-08-06,5668b0337bcd13e7e1be5fb9ab27bd80cd9afcb2b185884379b2a962ac316b54
sample-6550.eml,15711,2026-08-06,f6c9e78290c9712ca98514821002dbb68f624afef5f6c872c2d7ae5d1ccf9297
sample-5142.eml,15503,2026-08-06,ee14da8f8605bf2d9b90389d7750ed81dd277144fcb02014a4a6cc17d66f06d5
sample-8400.eml,34572,2026-08-06,05f038ac8054f484182a97a829e39ffbe576fb264fe9200fcf2fb988cf0b1772
sample-2825.eml,47227,2026-08-06,f9321d0649622d169f77047dbb133335a28fab4e93a5543e818c3a961010a630
sample-7952.eml,36198,2026-08-06,a950751371eb533ebb402b5731e09c62eda33af9bd51bba048a76b69ee1f50fc
sample-8146.eml,17116,2026-08-06,33c835b500bd610bf0bd1abf57825b84006479d7dce99f878bc3187deea7f2a9
sample-1780.eml,17848,2026-08-06,4dc660795d7d5cc9762fddd1ad1c30f722dcc5743e72c2a8aa79215982443f08
sample-1799.eml,19318,2026-08-06,34c0f8c5bbb7014c15a959dea22bd248a414445ff0a77e23ec25faf916b85673
sample-3608.eml,132956,2026-08-06,9a9e1136ddef7b838cb7da3d160c689c3e92dc040c2827c4e4e95807dee95410
sample-7218.eml,20615,2026-08-06,829ef80a59ce17e4029fcbe81de265b4c391b74972153fd6895f8e379163aab9
sample-8195.eml,470888,2026-08-06,173afd69b57fb5282fd13c51c8faca533fc9e14f78a03e572edb29dae6920428
sample-8460.eml,15095,2026-08-06,f62d02b6c785c78d99d635dd71c153c69cb073180c19a84075b1f486c8a49571
sample-1358.eml,19208,2026-08-06,d16aa20e1836077b55adf0594e8e660f461b4693bfbf121388d39d6dcfbd8747
sample-1209.eml,15772,2026-08-06,50f32459499852efd9fda99b198c48620964477ffe3d6dfe4ca3ce375d9cba2f
sample-3275.eml,12008,2026-08-06,0bc08e4760323395047de4f6ccce92aae476298fd3611087ef9a292ae51914a6
sample-1282.eml,21898,2026-08-06,ba112e7f5de8a7e99d4cb186bd8a8ccb3d3bbc9ac551867b26c11bde7e579cf6
sample-2308.eml,19452,2026-08-06,0b2657991e31601dde0854259c0de8175f752a8abf31317ce2ca51e3e57f6075
sample-7981.eml,10574,2026-08-06,fea3452fb66c9bd31bfa7cd118f8b3a35ded0506e867061c20ea3825e0608605
sample-3422.eml,18575,2026-08-06,07d0ee4abdee455272d0ff8b2f2f93bd03ba81788e3850a16a25aa2977182820
sample-5602.eml,9608,2026-08-06,1eaf378000be8332b9749ee1c6692a224e077e5d9159212ad249f235e5e836be
sample-1966.eml,24420,2026-08-06,7800e2f4dace370f03edbf2f2b60c183387b9479ca91377684fbe21bb6c81b34
sample-3890.eml,23252,2026-08-06,34a194417eec0c7880afdf16e3b6dbaa5cb78a0fcf873086356dbe280fa3a1f8
sample-6412.eml,41097,2026-08-06,f16b1cd5c1023b2162c8154261a2b514ed1933106cc2a098eb6b75c286c314c5
sample-6850.eml,19738,2026-08-06,5e463e54b21c10771161d3647aa3be49c01bc6ef2b65bdac26fd034f71f1b044
sample-5657.eml,13117,2026-08-06,17e8d44ffa6c88b1781ede10cc0e86e2e535469118ffb5e5da996dc6dca97bcc
sample-2145.eml,131216,2026-08-06,b9b96ac52e3cebb38a90c893de6acd64edce7d882c086e896a4c3176f8279446
sample-4238.eml,23972,2026-08-06,003ccbe8f024b463236914c890c583e86db781cc5e0e747db89115b4745bc829
sample-2964.eml,19430,2026-08-06,7deed0a004cd297bc0c79a7d69574335e87c39f772f19c30e64c2bd61b99557c
sample-8093.eml,16679,2026-08-06,1e73bb17e1cf4d30924397f07aa0a19a6ad740c68f7a10fb79985101fbf2492d
sample-7453.eml,15908,2026-08-06,fd78b8ff2586421b5716197b8cea1e7227f788c1526517147bfe1e3a63f71528
sample-4445.eml,19800,2026-08-06,9825ad05c8184865ec58b21e2cec58d33ac5b58b076977685a2025ecfe513770
sample-7966.eml,10784,2026-08-06,f7e83ab540abbaefce408cb7c572dd9e2a6f6fb8837aa525d0b1460ced0ce9df
sample-7547.eml,22276,2026-08-06,c389100a41209d532b6189a31fe36886d34229491d5e99ed5a7e5d23ac811c75
sample-359.eml,11360,2026-08-06,b638dc5d7f5422c184668b7bd75b25daa211caa64ca733a630147f45f208eed2
sample-968.eml,19565,2026-08-06,20a06b78056526b2436db1f253fbf20630e2b22e20eb706bf0883f8f3c4652b5
sample-1975.eml,159322,2026-08-06,093164811cec1e40dee96033c86fb741233b2d6fb0a2b9220e263dc6de145dea
sample-2071.eml,24236,2026-08-06,6f11f53cba2b712bdcaa3e2f376dd2c52a4216b57eca8b30306b57cbadf7717a
sample-3427.eml,15272,2026-08-06,c3ee57c41ea2575f82c23ca6249d6ee2139ae0d96f10850e1ae412f7f1a050f7
sample-7779.eml,23354,2026-08-06,158998c64885ddf79dc10f3b9386c39a9cdf87fca2d9a8a5216fece46c01a414
sample-1391.eml,21825,2026-08-06,2c28d940d6d397cc1cfa5e66b67b1c7316e1420851fca76aa537291475b6ed2a
sample-7588.eml,20814,2026-08-06,acd5b2b1b76286806fb85d09127aaa9f6bff48debe489e1781aa63e46aba8ef5
sample-6010.eml,30724,2026-08-06,4b22a1922a1a5563631011c95dd095b59e8841b59fc039a1069d9840a7f70126
sample-1172.eml,34704,2026-08-06,77113da6b00cbc6247a8dc16fe7d536790d2dbbeb32e3ba4172729ad0e408ee4
sample-139.eml,25315,2026-08-06,a7c7f551133c1b1d0522395d54d86b4df72c22eaf4719d681b772d5deecbe605
sample-4590.eml,15051,2026-08-06,66e8f6794e4a67a1e9dfac7f5fcf338e11b40c72711d8cf1f4d5e1f998338a40
sample-3106.eml,22129,2026-08-06,f978b98258c97a1c4179c9f8389626460767b7957105cfd26b1c769237d2fcec
sample-1588.eml,16726,2026-08-06,a19386db9e3afe74230fb6f669b0cc19f7737104a2f9345919775690f9eb4b4c
sample-6717.eml,19782,2026-08-06,7bab99e31973af70f8d7849e7266fff7c8e68501c8998af7d8fd6e0265a51297
sample-490.eml,23042,2026-08-06,becd3e8a28f741b52c3738b85ef6c4024693b17656643c1140d6ac61dec2cd12
sample-989.eml,24919,2026-08-06,78960985de09c6619cdb580c71fbd1e82163a5bd03c4fbad7911a0388bf84463
sample-4206.eml,12365,2026-08-06,ea5db9a94db257765b435e156c57945d2aa4436544e31f0f58b0ef30dba37e57
sample-2047.eml,105152,2026-08-06,baa192d80b89a8f3273b790574a878f7ea97795cfc487061f78ba19122cfadff
sample-3323.eml,11561,2026-08-06,d6e917643ae149061e478a02e47284609f7ba737bb4f95f0eff0fc71d4d5b4a4
sample-917.eml,19941,2026-08-06,f06e123914724a09f906726e9efcfb9f07f69d22cfb11763463b229bb61f84f8
sample-3549.eml,17241,2026-08-06,285c0d16c26c63f32447750b5453aa9bbf355635e7f9465f6339d6c212b11e64
sample-3033.eml,24853,2026-08-06,7f47308d1b678ebd5c4d267674fa739d26a7eb210288995b6daf5423000a5b0c
sample-1694.eml,20475,2026-08-06,ae48529e18a5c2d2fcadc3074a9fe74f9ad5a6d10b6a1b7b2a8f1b194a9a84d2
sample-520.eml,8645,2026-08-06,a43297fc876550c9c207a08b88f0a865be11b87f44189175c67e6dfc76a8a8f8
sample-209.eml,12592,2026-08-06,c545536248080097e9eb9266436b02ff122289ca3de05148696a11a55ae0b95b
sample-3072.eml,24418,2026-08-06,682df037e4a2b1be555d09e0f51c76ccb6be85948ddfc08b42761e8ccb2ec391
sample-1174.eml,65544,2026-08-06,ff54f82975334044f5bbdb35fb354e1f71fc03937469e2cdc4d1afb95dec8bb9
sample-7122.eml,15415,2026-08-06,ea6cdf3fa70298af36664c21d140adde1691d8f681c578b1778245f17741dd9c
sample-2854.eml,19199,2026-08-06,c1b7a4e431c947da58453d96d9060ecf99064e698375c465354979ea6db23976
sample-5120.eml,16703,2026-08-06,ab6aed1631ddbaa8f3e976be238a11edc1e8f96e90bcea857371491ed3c8c924
sample-7161.eml,16714,2026-08-06,33dc756ba692232631d50514d2fd3648d81d9e73f158e9bbab4ce3a1ec29096c
sample-627.eml,22023,2026-08-06,074a4ce70ca802fc139186c76d31da317468cf6dfbabf60a1f2161126607146f
sample-5721.eml,21854,2026-08-06,4f301de43945dfe1f9367f9f50fff7754517665b9abd5f4f057f36add04d1de6
sample-3051.eml,38221,2026-08-06,e5fffc9853ef297cb782f37a78fa47e0358b1700ebb1cb3e8834d724f204fdbd
sample-1591.eml,273734,2026-08-06,a585e577363aeec17d81325d8ea814c7021be8284d4ac1fa85a33149b73402b6
sample-3968.eml,27638,2026-08-06,71d91534dbf9a98606152ba215960d1b224d0a2acbed6119e9433821da1e4120
sample-5250.eml,65741,2026-08-06,ef2545d5b4328f59cb518b89faf5c53d0773a47be1e95a108e36ccb18980fc45
sample-3703.eml,21305,2026-08-06,b58635964ffa648b8d0dd756adc6c4e60f23502c675c9c30121d95a335d818f7
sample-6996.eml,21995,2026-08-06,792442fd2b7b0640f3c6486a5adb6a5d9b2234a0951f416da99b12190aa762b9
sample-4787.eml,16244,2026-08-06,8e5bb838aae9db563d3dc40b5ef1543c192957a73689c710a3406ce74db3b68d
sample-5659.eml,18509,2026-08-06,fb84b0b49c2dd1d001f7961534678b793c7da7e162a217b830ace4799e444826
sample-5147.eml,16085,2026-08-06,30dcb5969a83c4e405cdc1aa82355b0cf782700a7d3ff9e0ad6c173d2b45bb25
sample-3741.eml,52274,2026-08-06,38622da00f4e34ee1c377b2ec24b614438bbb572beb81b8507f1f3cb7b7c8e66
sample-7861.eml,27009,2026-08-06,e4b5b8c9e0506a5471c9788bf1ff6f1c96ab7b4f6daff34c28e82758c5a1e88c
sample-6388.eml,15134,2026-08-06,b10331d2b9ca90abe3b2f2a764b79c951a462fbdede8bacef04a24f64ed74026
sample-8191.eml,472785,2026-08-06,43a39636b5c412bcdd53ea72e6b5fb131719ff4025678972f5638b245ee0a6ee
sample-6101.eml,19908,2026-08-06,4920c0d1b3560af65a0cf787ca8404c714b606b1b80dc92e647f14a9d9a9d374
sample-2518.eml,24964,2026-08-06,6789643fa05aac3d5efa799979faa8af747ae1e13fa1d7b4b8f58e208bb81535
sample-2402.eml,105062,2026-08-06,0685a2c663277165392a61246b3c529da780c44392bfb34e275e3ca951431401
sample-5131.eml,11619,2026-08-06,77ceb9b4fd81aea7fb2c2bb288b2991d37d41cb97a9d685e8fe8d7af6f0c6056
sample-5861.eml,17835,2026-08-06,f5a29d7666564bf83c523d9e46ee9d7015b168dd5fa19606945947b5ef1a5c4b
sample-8439.eml,11697,2026-08-06,82b736017ce659d33daa284bb22bf4b1e6ae1b597db7f4e79cf457f19368955f
sample-5087.eml,14957,2026-08-06,63bd830b883c08e09162ad149b87764303a89f7e7198adcd1913475163f3f069
sample-1486.eml,41416,2026-08-06,cecec29a58e839ea0c332d81a17ab0972a259872b71946d2cde6596126a10dd8
sample-4120.eml,13678,2026-08-06,f501246b4bb4e59a1581fc40baecbffce12118056c9e8345ea769408a06c14cc
sample-3305.eml,25791,2026-08-06,fbef5dab0973fe159db09d78441be83a4e391ee03b92f4dce708d4926e1119a1
sample-7106.eml,27777,2026-08-06,ca16250edd44e534732967fd3e58c05675fc8f845bd9d9be44f48de198094a4e
sample-5624.eml,15715,2026-08-06,f9536677e9405b6ae840d2e2e8b862b76599f8b24ae4ea1a1bb4b16dad942c33
sample-1074.eml,165151,2026-08-06,caa0292afd5b8896690f4364fdcc42b62ca1772e17d03dedf7d26542f980abe7
sample-3470.eml,88948,2026-08-06,dea6f86ea519fe2c69b53afabad078ef1f60efde609051eb369f4b2e2fda54ad
sample-152.eml,20099,2026-08-06,914e22670a0df466457d9c1ba6cb04e5fa363d5e44420bf86d3c20a9f37c536e
sample-5491.eml,36920,2026-08-06,4a467f1c4cbd6caf2c3b98cf478142786ce0dc58e2363c4a1ffb3aad285e82cf
sample-3330.eml,17869,2026-08-06,226cdeb158f08bd975ad9fcb8a061328d33503b1a624667a66b9adef555f0156
sample-6269.eml,20011,2026-08-06,9cd826fa830499b03efe9e21cf024226cbabb7d7e0ec8b31addb91ec8cb4add2
sample-6798.eml,19237,2026-08-06,7d624743e7914c8b284a5a3e7b6bfb360efc35329efa267f29278677b24038e6
sample-3632.eml,21397,2026-08-06,2048ee25f71a80b60635b299710f246ac4b8e45159e065b712d3eaf93b8c83af
sample-6659.eml,20109,2026-08-06,fbb70613c25498676cd04c0ce8fe1baa32563dc69af484ed1e427be2bacdccbe
sample-5461.eml,19860,2026-08-06,a2e51cbaf4820cbb3cbb6ee43cfd4fb88ef71cb9af31f558238f24c5eec4428a
sample-1969.eml,17300,2026-08-06,949ad04e0b7104c0ffccb14bb7dae24e64a4a1befd565944f2e11a38c64b3692
sample-2602.eml,15927,2026-08-06,e72f1b1b82439d910bbd73c9c78112911b1b33f9eb2cd51339eb20c3848346fd
sample-1003.eml,28215,2026-08-06,21ea7128b8faec0ebb1b008f5a225725e304b5b9e8a6aece288327beef033072
sample-5717.eml,14483,2026-08-06,2365cf60b4243c7c523c81018740e83f26234e64872ffaa33eda8b5e38bf1754
sample-7531.eml,26602,2026-08-06,7ed9b25e56243b4b7a954d1e159455472b05064abcc7ccbf4c92eaafb530a1c3
sample-5012.eml,12819,2026-08-06,ed65a7bdf2da3f70054d3410ad28ee6ede77e65bf94b40daae3f7e42d59323cb
sample-3090.eml,27625,2026-08-06,4b01b58b434c9597f7dfdf34b5a6e97977f5980c5e1b3f970f12a578beca8ea7
sample-1702.eml,18138,2026-08-06,ffa804e738dc97cac3dbce8c0e7fce64d127d5f28244cd26f21568eff8785a7c
sample-1935.eml,103743,2026-08-06,aafd9ee85fa44a591756a2d2ee4c67d4e81b941a0836c3147a386a76a63785c6
sample-2862.eml,14191,2026-08-06,05b0f2e810551ff74df146f05c43945e0b20aa3d8950fc2726ff909732efdef4
sample-1421.eml,16544,2026-08-06,253e09d948644a58822b4b6d72c457d37d88cc48d087ef3ce7e95f27f0ce3edf
sample-4446.eml,47124,2026-08-06,1b64453577c710a3cb67583608e2ba8f6bc2ef1f1cd54fe857fd671a4d6f3fb3
sample-227.eml,11847,2026-08-06,093dc89d99724b5ffcde632b90998ce5dc73121c0438735ff89ab52ef2a0f37f
sample-894.eml,22708,2026-08-06,ba099be3c928776d37debe4004d536993b80048b3268b90d560d9aad03775460
sample-2686.eml,105562,2026-08-06,0446c16daf4c12b5ba3131bc610cfacc032480c488b99fe1743f19537068eb97
sample-4803.eml,18243,2026-08-06,cf4c3c104ffae5efb9613dceeb872640e560b5799916c8eb657f4ce365962b0e
sample-1063.eml,24524,2026-08-06,435a03a53d7836982a32d23a9bed0b0a8edf1870dda9d41f427a88ff6e073324
sample-3801.eml,26288,2026-08-06,2397961fc0fb486b895045e701ec4d9b8bb8eff1d9cfdd584c3e17f0bb1b9d9a
sample-5759.eml,18878,2026-08-06,e6ea74df61bba4b4a0f146792d8aa86e22a0ccc6ef4f817d8f3f74018eab5389
sample-4482.eml,89260,2026-08-06,e889413f010f75a40dc0f5deda853bc090a92f6c44332d15b047931895506b60
sample-6706.eml,41158,2026-08-06,a88f7939dc78c9ac969fd39db03613b8706a4203d77a2a3bea185592505bfa9e
sample-5623.eml,31653,2026-08-06,b814d58179259b15e0cc2347ef6b3c642179ee407619affc85f029eef02901f8
sample-4034.eml,37281,2026-08-06,5d3df982cfa8aa284f1b4b3c278e593a891d38ebf75ad865df9a017559c4de13
sample-1750.eml,18802,2026-08-06,1b87f75a89d6774fc3597c83c43248c72655416e0263a9d0ad3a0f25f6288329
sample-3631.eml,21549,2026-08-06,9b1d6f3960d183bd69439eb3127cacb76576499b5a3fb614b615845f49939659
sample-5263.eml,15633,2026-08-06,5ee81610185ff8bf26cfb1e9cb5b170fec6b62052c9585e3fe05af901a9384a3
sample-6632.eml,28428,2026-08-06,b5c4329ede36208ba10a2d026f70de45bb515d523963a9986655df345e345823
sample-3161.eml,11059,2026-08-06,49ff3d69cfdddbbb8725f70fa211fe25ff3179a8224e966d84a84d4c3bfc00d0
sample-1163.eml,189880,2026-08-06,2b1c0252488e44d902fae4f77871a4d346ef4b9465af6ebaee336315c7def730
sample-6745.eml,20889,2026-08-06,1c0fe3c62f7a2a995da94cf9795e228c2fa9ca59bc0241092ccf17ef3c68f82e
sample-2333.eml,19518,2026-08-06,e210d4cd3b2500186e298cc75c5506118631a6a5bcf471d282e90277453e6421
sample-546.eml,11137,2026-08-06,3f8bb6ab7880a9bd19f458f556cbcbf81e6f05ef843bcabd1fb6e999bdd0063f
sample-1410.eml,13367,2026-08-06,837339b1901bf99a95089f82e084859e96cc9c6c59089f89fa48f4b7db2832bb
sample-4365.eml,69169,2026-08-06,6fbc8a7537a917d67c31a6e6589a1f9d663ba53cf8b40aeb6addfcf05cc2ca33
sample-4186.eml,18124,2026-08-06,095756952bc20e74905df907e6ece43f21959d7072b9ffa7a42172988c17d5c7
sample-1743.eml,31552,2026-08-06,8dcd7084c688fea2cc159abe2cc455b4d14633ff838b222c8092a3dc90fbb3ac
sample-6188.eml,20708,2026-08-06,ddebc78967ded2b2906101c55113b22515c8fc8fe752d930851b743a11aab1f5
sample-2525.eml,21206,2026-08-06,6ee6b144e2ee4745e7c03448a0a6a1f45875ab988a3bc5aeca00b2ddc7495a10
sample-258.eml,24861,2026-08-06,a03c264b5257e029623e7445b10a15f590a904b1fff26f042ea022277303c89d
sample-7107.eml,18215,2026-08-06,7abcbdcfc547e6cdf03ce30b44783fc01cecb13c8a9428f1926cbf5def52d510
sample-3802.eml,26241,2026-08-06,ce5d597f23cdbf1554d345dda633f180d4a25bee6ed47f3a1b2a0d74aa45389f
sample-5083.eml,13229,2026-08-06,1b67e75660cbbc409e81a1fff02986722d50cb83ccbbe09060b7eade41abb23f
sample-350.eml,395594,2026-08-06,9e246eccc8e71b25454f9c9c0a0ec15a815278121e82a3865e8dbcc10e5ccc31
sample-6451.eml,22951,2026-08-06,068c679b653a69be43686487f4b39955f0d47e89732920272863d04d50dc3408
sample-6591.eml,63584,2026-08-06,042cbacc179c6209352cebdc3d9c608cc6d8d8e23d7c9407f1206a2e9f01b24c
sample-7318.eml,10111,2026-08-06,403222e97e3b8541d8bcb72e85873a92b008b76af0703bf37646bcc408ef0dea
sample-8048.eml,20604,2026-08-06,7487035d42293613eed3ce3629ec4a6027078d8e62ea753f8b904e21485f303a
sample-3609.eml,99408,2026-08-06,cde702d48f617ac28a281389aa5afa404cb5fbab6b52a511cf48672544f7945b
sample-981.eml,9533,2026-08-06,6df67238615feeadd6c258b6ede2ffb73a33cf10722cbfbfba5ec0aee8a006bc
sample-7623.eml,19207,2026-08-06,2d33d3848df7139710b981c011b10aa2313dd35e7c52b547949077de5691aac0
sample-1268.eml,89303,2026-08-06,ef748725c0b06129015f628f04ad499af2b7ec98cb6bfe4ad8d1f0b5dbdfdce9
sample-662.eml,26691,2026-08-06,bdbcfcb6f229ee29234df8576e441c79e935589a44e59a8f3695dcc262eb439e
sample-224.eml,10481,2026-08-06,e988c8a7ed057af571cf54be3d398ef44613e86945a50c318bee55d385da9838
sample-2046.eml,106939,2026-08-06,de29df08b76f721d65baf0a92e0744ca6ed77a706ad24c8186eb3a114ed57564
sample-4028.eml,15757,2026-08-06,c399d32f900b117ff23d3e2759bf8012c7d7c4c5d778f1fe74e8d47bf1c60ad0
sample-552.eml,8949,2026-08-06,9db8093644c4723e7350678868df7687e1abc344a682d56aaa37139709243875
sample-1701.eml,10833,2026-08-06,ed0a6042a45f9592cdafc66adb4a16fb569d92389e5eacc7a3ccf63aef460b53
sample-3192.eml,18483,2026-08-06,7dcf458759114f576926bf8440fe88eeacad34e3a23ee34198061a925b481445
sample-2201.eml,16666,2026-08-06,efb20b84b41776dbc0038a5279e07ab6e1a3768f95ff41afcd06a51777aa7c6f
sample-309.eml,17067,2026-08-06,0a5835ff0b2e58fa9e3c5c8d4b305fa9df06126f1b842aafbb4d92a9dc92e4b3
sample-5356.eml,16490,2026-08-06,c74419e0bf7b4021dc6f0dbe40a8e88c0dfcca8d4b5f242aed609e5cd8346833
sample-4469.eml,33837,2026-08-06,855eb64b909fbcb2f2116b71a974d6369b0ac49abb356d5b1c24fbc15c4749af
sample-2739.eml,22778,2026-08-06,bd1e63a77edfef6bebdf787227209b4cc2d1156647edf22dce859404a8df1e4e
sample-4057.eml,40198,2026-08-06,b1dfc3a2418e62761b80b992fda3cb06099d8924e099323d9e6125b654ef47c7
sample-4359.eml,15462,2026-08-06,c958c0c9d1e755f076676eb5f51583aa6017f2b14e3b6338868e2ba98acef787
sample-4003.eml,19052,2026-08-06,011b1fbab98febed0999d3d10441b38c7e73f05d7833ffcb5103659b26978d7b
sample-3678.eml,13273,2026-08-06,50636a52e29e97918963599b40129b54a3f3e3f4c27a38e2fbf5d2d84400968b
sample-4734.eml,14662,2026-08-06,ebf974dc3c3774ba7de58bca6e229ff28a658b26d0383be92e9ff430e23e10d3
sample-8581.eml,16828,2026-08-06,1fa6a6c5246e1cc8b71eb74106ce276fb88bb5a0766037c8ea05cb715a961c0f
sample-8358.eml,476481,2026-08-06,de3cb6385d627e2844d77ac2013359efd05a077a80e31a27ab414948db901438
sample-3858.eml,18543,2026-08-06,4db0a06a58217674cc22bee215f047123add4c209f4685ba839cbeff26f8caab
sample-7076.eml,28566,2026-08-06,0f3464edb8ff333c8690c6a4d1aeb0e21bf1fed695175bf640c17d55d0cd2681
sample-4049.eml,27789,2026-08-06,fbc180fd71e600a22cc9f2fda260ed17f79d81a9240071cc2ffce8e1d8aae40f
sample-959.eml,25141,2026-08-06,d80f4b5aaf24cdd09dcd6c5c9932593f18430b4eae371a8edfbec988d81cb383
sample-4441.eml,27313,2026-08-06,53ad2c968bcb93983e326cc05c4c6b2586f96f6fe35caa541c5d5c17ca813cfd
sample-6234.eml,372684,2026-08-06,c21bbda7d0d36e36e404ad44529cacecc46387234d217cede0d841086c039e66
sample-7405.eml,17148,2026-08-06,50ed499903b96f8ea14762bc961d1c90e91e0a01fad5a4aed4c87155e6823f12
sample-5812.eml,41074,2026-08-06,ea259683e3b95ed91959d557e8c8bd3b9053a5c91f7189ff6c3a4edd9ed39def
sample-3450.eml,11405,2026-08-06,3b4488a044d5f279d56411789282a646f91748b6d706a1fbd299643aa7ddcc37
sample-7636.eml,41478,2026-08-06,97abff6b44cb71d05eb2ec2dafd17589122a9529a2ef0c71f03dc86cd485671b
sample-8368.eml,467633,2026-08-06,bb68f9de2c508039fc36575a574bf0ae3749e7cb76befafe9bef74f2a0420f82
sample-1544.eml,38142,2026-08-06,aa0759f374c4ad3438fe9027831c5d20c4bf540c09ff5b246908ec9193b20fac
sample-1066.eml,24502,2026-08-06,e173905d92af0223c03acad22dd4827700c8d9dbea206796a4edae7afe687452
sample-3617.eml,9873,2026-08-06,cce464165b7ba28da05403388bae42cddc25b9594f730354a73eb03a55f67584
sample-7929.eml,37657,2026-08-06,50acecf7de26c85cf81893774aa9e27391d4fee531102626447a485fb1eef63c
sample-7499.eml,24593,2026-08-06,bc7d38e17e8a592b4aaf21ba689f89739d0205f653595d634609047a0c533458
sample-4628.eml,89265,2026-08-06,879a126ff0c7e5e8c041a36f56b1eb5c81098b32e4f0e8a038a744f5e8fd6d64
sample-5673.eml,16030,2026-08-06,0cb4e80a6c3d310ddfcfb21ee20b86157d19d6ff2563fdb9d2390ed337e7507d
sample-22.eml,12202,2026-08-06,52d211d7c8ca1720fd2812b22acfc2a3a28c6db3aa12ba6206d4ed848cd83209
sample-4782.eml,40609,2026-08-06,98421d6a73aa8e20ed4bb400d56ee905ed750674102e84290e205a65f496dac0
sample-1921.eml,105613,2026-08-06,09a7e7f89bfdb04a575f60fc14f3911fca0e28888b2055d31ca3130ff04d1b2f
sample-6327.eml,23567,2026-08-06,37b071c7862cf5e3e1092d2c08c127f53a3efe57383d9c47c46373c516e4dd10
sample-3822.eml,20418,2026-08-06,790b7e488b94cef5acbfb8d3173cdf844979181fc7f686ba97b9f21b949b3e92
sample-4035.eml,36090,2026-08-06,fad0a164351dbce1c1e3c53cc7e7970c868236115edc7c283d12a7271240b011
sample-5918.eml,37784,2026-08-06,29b1dd303569275f2390badf151583e55c9430b05a881c9ddbff7a9547e72dd1
sample-229.eml,186055,2026-08-06,ad26f7695f04d806e904a40593807da3d9caee82cc9d53fbd017aeaa35955333
sample-1918.eml,105378,2026-08-06,452fb224927eb036325bf6b772b3d01391f6aaa711e58d16e3e9e51bbe9d1065
sample-6977.eml,11915,2026-08-06,4f60f7a1e775b1e4decdca227c4888d81251a8c89adee97ad7f2dc5896566379
sample-6415.eml,15173,2026-08-06,e5f63d3db530c259fe74f74d80c2d8f9c25f6a0d22b4c9d2f679b82ebfdf1cc7
sample-3348.eml,19153,2026-08-06,8f904539530f792e1d531416a4c79ee51aba7665a7d0c9af0bb1c5b42f8f9044
sample-6403.eml,27784,2026-08-06,773645681ade9e135a8f86cf946323bfbefa7984a3e63bcbd5e332c98bec7787
sample-7463.eml,26296,2026-08-06,797ef96cd8b5f32a627fe7a1cdc80d88f601b6d0de479e01c95a0e5c24486191
sample-1008.eml,148961,2026-08-06,3138bf49b2ddb8818ef186f31bc93d89103c95d78f4e68293be544f29cf6936b
sample-6492.eml,62424,2026-08-06,0ed594c025412c17de8ce755784438bfa09e72142dfc741c3a66b0c5e730b023
sample-8269.eml,17134,2026-08-06,761851e4e2f1f5c594bfea63d4e20fb123bd4661f29e6d740d399319f1fc54be
sample-117.eml,46629,2026-08-06,38997989bd9a20926bacb8955ed7f251d224698c8483a0c93bd6742bd009fc3d
sample-4912.eml,14330,2026-08-06,770a590bcf2cfa9fcb0208d255864daf5bbca7537be60f18abe91faea6ad136e
sample-8381.eml,17129,2026-08-06,4e9fb3bfa44a58bd25a889addc306c2beb83ba051a42130517529de1649caf80
sample-6832.eml,26838,2026-08-06,abea21b35d7dbabdad74ff5e0923af54b24a9d12a6e8dea36e42360d45a2c095
sample-4303.eml,21851,2026-08-06,bb5ec5d1b87618f3d17a11828e6e409235d1d342379e1d8d624b0ebb5250589e
sample-2823.eml,31369,2026-08-06,fe37749f0bcd7d315830a05ec01a257434bd065c5f7a9f6b30f9a63caa1b9efe
sample-2039.eml,105726,2026-08-06,05834237df43ab953010c4d2bfa38dd5a76b7b3f88f72bce144b247aef213ab7
sample-8057.eml,28434,2026-08-06,d0044165979562cbc40f7fd64c2a3a200729dd2cf9ee5d9cb15742808b778223
sample-8265.eml,15148,2026-08-06,3a36565d4bdd41573f7a95b309daf636a1044e7c6b5dcb3d742d9c814efb1d9f
sample-8151.eml,15102,2026-08-06,97aaa2bc60caf6ff6336a344739e4c8f763b14c52d321b335755d0682dd32448
sample-376.eml,9743,2026-08-06,b8acd46b93748d838e0016eea108de85ce2a7da0ed8dc9a6cada1e9f7675449c
sample-7684.eml,16288,2026-08-06,571049b7054d502f276d1633facf16c128dd523fcc036462ac779c9296891acd
sample-529.eml,18026,2026-08-06,ed75180f311397cea1c9c10dbee4b60e8f80e663933c3874f8469d1cd1f58280
sample-545.eml,21743,2026-08-06,1bdce57fb900cb59dfafbcf47ce31778d7eb1772a3fdc1868896fc9f48ff2e72
sample-898.eml,65225,2026-08-06,88c224fdad82d964c6a7c98afe986e9c4fee82ae5b80ecce9f41ee9aa2509471
sample-4627.eml,16262,2026-08-06,fffd4467b5acd577159f048d715551de66d8d96d901f3722fbd9f6678afb37d9
sample-3024.eml,17828,2026-08-06,ca3a9b4f49c4585779ad2cadad757e512e680bf9767d14d123d93c738f89338f
sample-1566.eml,34121,2026-08-06,a05ef293bb2ec357d91ced254e71a6a32525e4a464e687e0a19f3a4dbbc500f3
sample-5925.eml,34739,2026-08-06,89a549dca5fae9960dde71bf1d0630bd292c23076473d5c27925ee1bebdcbf69
sample-8352.eml,468935,2026-08-06,4be83c580a3fc08f594a53b2cb9e4cc49aad4def809d7800c555e165f8753db9
sample-3462.eml,64039,2026-08-06,0a9d69db64508287f177d25627b7ac0b895e2638c3ccd2cc412da50dfb383327
sample-6687.eml,13057,2026-08-06,374895de5b942b3b6473169af82c6eaba4360900d9760a9352b84238c7a5eb1d
sample-2606.eml,105206,2026-08-06,a6175444f4ffec719aeea633b6913e264325c035b9024397f6950c08a7277c83
sample-8484.eml,37504,2026-08-06,b3397cf597c8dcca2fea164d7be3583dd32b1e60440a585b90cbd41dbed099ab
sample-2801.eml,105289,2026-08-06,3b891c4bf3dcdb314c99021f5a84d2f8e5c73d86f17778ad9d5c0f0bab99cf30
sample-6252.eml,40920,2026-08-06,ea9b09d7cc5f5da9d9d21ca8035b18699218c69a0d3b8958662dad0fa144245f
sample-1947.eml,46347,2026-08-06,3a293d18bc2bad3a9cf0e47fffd77dae4dedb1675d1f66e7a584c1db43d6c958
sample-3412.eml,18279,2026-08-06,ab13a56294c0c200f6c8b8989accb9c3e92c5a62ec80b368b0399718344e6501
sample-5064.eml,15130,2026-08-06,d3675c9d2367aa1d21ebae937d3b8d78c5647e368805e64610a6fe0ef9bfa72c
sample-7148.eml,27865,2026-08-06,3db601f1b36d500aed7de6ac0f14f1dd477f5e73d7eca297d0ef95627c3e81fa
sample-7933.eml,14113,2026-08-06,55b8a4344f250cc9a92d7ac2fd4e93e5f93548b4e944dfc2d53eefc2cb71278d
sample-1759.eml,18358,2026-08-06,f1028e785f700e4275b0410e6d71e023ddb80b6d01ff4ec4b925b544da6e77a4
sample-3405.eml,85748,2026-08-06,1dcb3c841fe5c3e22662db4899a0d88cf5072f57c50b27bf0431134124c9a2b4
sample-4703.eml,27066,2026-08-06,93a933a9357c2a4e03a95409feed9394449b8a97a4891fcb220236e9eee6d729
sample-4265.eml,18187,2026-08-06,68bc520b7c54ea45bceab6311751b4ef81d3f2ca56b1157c94b83b03ae7ad806
sample-1709.eml,18278,2026-08-06,dcc62bc354238cd2353d47505c4030f7e4983c796a463c91ca2cfd0821dc635c
sample-2433.eml,27484,2026-08-06,ea02f4ec6727ff7075460639b8935b0cbdbb884c68a91c17fa952e298d6d7323
sample-6428.eml,18384,2026-08-06,968cbcfda3bb2fe5c172f98e1c9b143cec2ea41d84bb0355d792b5e661012d87
sample-8555.eml,12155,2026-08-06,3d3bff2fe6b987d08ba14a06d17c7dbfa9616cd3b2539cf72635757c1ca86c06
sample-6168.eml,20820,2026-08-06,e606ea4c7bb5c43c5ce5925ecbff09865ffba7c7dfcf2bacdbf96cce0e16e974
sample-119.eml,12429,2026-08-06,53d4792236f2bc45d75f296f87492acb43a1a8379123492408f9909c65681c76
sample-5653.eml,16193,2026-08-06,957a03fcb2412b39dd62bde256d4f0053e68b77ad1963d5bf531947717566d0d
sample-2726.eml,13667,2026-08-06,6609d06bb81f188b3808c807bb34c98ce5dec4b525cfa72964fe16ccb696375b
sample-3957.eml,27942,2026-08-06,b59e599d0dc9547e0532f261d5e5aa2e63511a33c40af3a1b7d74dce8bbe7b76
sample-133.eml,83281,2026-08-06,5a76041157e1feec0976c2a65e89d9c2b489e3db75b7b83447b16fb2b3ac202e
sample-4234.eml,11292,2026-08-06,db34a037b4edb233eff0e6d6efd8c8e4ac9251df7ca8d31dd70dcf624a1ac9c6
sample-4108.eml,11804,2026-08-06,78babbd7c3a38bfa54510d78a56c41ac5073e07eb80bff700f9ca478661da7af
sample-7503.eml,51753,2026-08-06,c6eee92bf318cd7ee231c7f69a4a043d5fe0533831d0597be3997755c4b7c0fd
sample-5377.eml,9456,2026-08-06,fe0c7e8f3ca81ff264b2715d29584c6fd65add086c4579e5808a2a400e657f50
sample-6282.eml,142859,2026-08-06,a047853254972e3b8299af06b3341c52ece9867a418823782d5fbd34baf112a5
sample-1635.eml,18354,2026-08-06,5f52bfa4ffe184078f383edfbfbbd751cf4e9981b0c42bfe616e6ce430bfbc3d
sample-8374.eml,14397,2026-08-06,8e2680986f81735078d8d518e55ddd35c6798b301813b6d11512517e0d9faf58
sample-6326.eml,18272,2026-08-06,f31b342b17c65bf719cb1480e210e59537e13c4462d8e37e0396682bcc047384
sample-2157.eml,29562,2026-08-06,a14244d53cdc60f3c9d046f88c49e55ad2c149af20bfcc49b5399e6dbd49020b
sample-7027.eml,22537,2026-08-06,319d0d8debcf68da816c1bfb66cf045a9bbddb6e6112c25ebd80abdbbb15289a
sample-228.eml,25331,2026-08-06,8755884c24c0a6a115fb661e48a2e14f603e5e29e32953464362ec3089458c5d
sample-6657.eml,14781,2026-08-06,64780ba4174b3ebe1547464f277bd393ada6415de0de9445c25c7d11666af664
sample-7040.eml,28181,2026-08-06,a71755f071097d272d043a9f82abb9bbe79001a953fb419789c417788face2f9
sample-593.eml,24195,2026-08-06,cdb2c604ce966416936c1ee51014d416ebbadb389bf957d6ce614a355cb51b33
sample-5202.eml,16009,2026-08-06,139c8e1ac2bf870a8cc3ac528a932d79f82eec06f104ad0644376f0559839d32
sample-6195.eml,56039,2026-08-06,63e7ca27320e2e255243e4a0f8ec23f7d9aaf677eb17a3d0ec2797b2773464e5
sample-1284.eml,11388,2026-08-06,dd83d4719216f6e1a44445d02a6064c8718ca96f2b623af45cbd806eeab569d8
sample-3138.eml,211745,2026-08-06,6569f47565e4af296d39b4ab229358b18f9df4dc41d93430fe98d50db415b601
sample-7691.eml,21203,2026-08-06,948c07cc0a540a6c9f80c2bba05337b5b615db106dfa039cd1b253145b7d00d8
sample-3310.eml,22059,2026-08-06,1f9870ef68cf7f1ef15eb5ddce9906f824745f13d6ce6313e26aa78b7a051d1c
sample-8365.eml,474347,2026-08-06,6c93fa7138167d73a4060dd9c88fd20da9f66688a590bab302ba5da65764a4ff
sample-3783.eml,27479,2026-08-06,e501aff964c1e05a0853bcc35dfc352c6da58828b24a6308c393a0b0d0f33d0f
sample-6785.eml,16349,2026-08-06,265fac59aa42d25cfdf513147f4ce5e8e606361ce94008c2466fdb14c9f75414
sample-7951.eml,24289,2026-08-06,a7b427ad28fa6dde2ec1281b4e4b6e42890fcee139fd5733da85a457c81e1541
sample-6470.eml,56190,2026-08-06,71aeb69a3f2783b73a726f7116da0b96e5cccecfd5dce8f1c677836639f7958b
sample-4952.eml,14313,2026-08-06,bae43707d0a75ca9baebc1a13dd505416b671b0a8467f88b7b4f58dd5e1494de
sample-3263.eml,11312,2026-08-06,e3acccf0f70f93eb16fc8ab8c5d67af681a75ceca0aef59fa2432aec2b297d9d
sample-6020.eml,20800,2026-08-06,418c933d429f3c68a40aed98056b4efc8f31832f3806c072928c8bafc4181c28
sample-8525.eml,16517,2026-08-06,3c8447c4699e6f646e5231841782468ec357001e3e00e241c09f8358332d5c3d
sample-1992.eml,47184,2026-08-06,c4074f31090cf72b50cf5de0eff62c1d2847c5bf8ef1dea9cd91785abd57aacf
sample-310.eml,188123,2026-08-06,21d8dd147ef99b7c5b2a05c81ab46c68cb1a79fc04008ae447a8ea8951ea027d
sample-2218.eml,18887,2026-08-06,c2ba463f28f7d7ba5aabba607b3ef374cd38501d5dab75abf13b2b940124570e
sample-1232.eml,20061,2026-08-06,403a3a71f87dc8dee6c3702da1a28dec22778a6b4af9ed6be498af5aecf6e718
sample-3270.eml,41794,2026-08-06,711050bc43ad47ead03a275412650bae4f6c50a9211dec4e33399bc9d4340f90
sample-2997.eml,260071,2026-08-06,50d786933843c5ee494dd9907268d492863a2bc7a9ee30f47af514985193761b
sample-3552.eml,86123,2026-08-06,b44d8adbe4d747e562c706c1b3814bc07f40824c853076608dd9402bcd0b59b2
sample-5030.eml,13645,2026-08-06,d165256bc234a758b4a7b6060f37c368f6800d860b2f4985e74164563db88c7f
sample-7400.eml,14875,2026-08-06,d2ce0ea92624bc75dd4e7655258695c5c92511007ca80fab76f1b58facd0cfba
sample-5419.eml,15990,2026-08-06,cea4d968c458e619c6352e745d8b056306cbba4783611d3acc337c951ccdd337
sample-13.eml,12842,2026-08-06,0b1d6a1d82f9582e9ea0defa7573544c67887280c755a358410ffe23d651e5de
sample-7349.eml,24658,2026-08-06,f6c9e841479fc7ec08de451d424a4fb3e76d674dd2a555d618f52301db0cc945
sample-7231.eml,18663,2026-08-06,e8eba63ab2d594e5033c019bcacef95cf274c1f01f4869c04446fe4116b3a0f7
sample-2519.eml,25055,2026-08-06,9182be518537df39021c3d2f1ca5a8deb0eab92e04434de8943306f41ba052aa
sample-7657.eml,41449,2026-08-06,e02e56dfe68b9da982487e63ceea7baa605e1ffc14aae29f5bc9f3bb6b067da5
sample-3637.eml,56441,2026-08-06,f7b05bd922726fbdffa2f9e507f2cb43b6b7e682deabfbefee35dcac6840dfa7
sample-7527.eml,27009,2026-08-06,3892c2c2faee96b755affa2e3bce6778433c7cbbbdf32369a184f60e67e2420b
sample-1307.eml,11006,2026-08-06,74710465c08042a837fb4d504958c82bb0fc3f809729d0ed8849414fbb28610d
sample-5154.eml,13753,2026-08-06,f91cb7dde26e82b28228e52b35162225725d536508232b4f0012305921d221a8
sample-5502.eml,22593,2026-08-06,b390378b07521c653ae426344b7bdb22102c810b19c1f36c25d13bb093db73a8
sample-64.eml,21759,2026-08-06,5bb05ced30688dbe47df86c4f533279802a2513a76c986ba26bb7c927080d13d
sample-2316.eml,11057,2026-08-06,9cdcf75e146c7f34c71a43ea1b6c9aaa70f993f768f1a4c2d5cd6cb84c0a616e
sample-6778.eml,24086,2026-08-06,d4ecd353263fb07ae22d722cc13ba14f6b8ba8c38bfd8be569ba35ebf8df9db7
sample-6461.eml,13833,2026-08-06,3ffbcf69a7a5890b3f8a82217aacdc2c5614890ce8bdfe399259aa8551a9083e
sample-8138.eml,17136,2026-08-06,9edeca061a7d856b2b26d853365e1042e88084de205fcc13e594030053712974
sample-8150.eml,15208,2026-08-06,f9cb9789c4ec1252817a3299679b3e89e870b9c4f87d480cbcfea6b3cbebf6ec
sample-7096.eml,58258,2026-08-06,c3dc991e42c582a69070f650e1d1fbaf3975ab976a821a1480b452ddb5d85b9f
sample-5936.eml,13340,2026-08-06,d38d9778f275a19671dfce8156a4e8c48dde34f7d5511d125d91ab565a9a38f9
sample-855.eml,19151,2026-08-06,faf63116807cd2f1392593dd82a8e355687a9ae580b0e6042c0dd8a70db09ac2
sample-5242.eml,13717,2026-08-06,b3ac1a908aee630896024d9e8843bbb2f377fead12fafbf6c3e58f574b023dcd
sample-6820.eml,92767,2026-08-06,ffa1d8f84bf3240a2f1db453933407e90089e1a22d5f41f86662eb5f329890f2
sample-1973.eml,14862,2026-08-06,5173834a55177699090b92ff7457799ab3c026a83dd08dc6a7be7f4be5695bf4
sample-1755.eml,18123,2026-08-06,5cc6298f12a71ed9ae8e9c7feb6e384fbdbe6853b9ca70ffb68fd407d673bafa
sample-7024.eml,20085,2026-08-06,205885bea407941886c8acb78f260501e8c7a1db2f81741bd4e0ae681ec712b0
sample-7063.eml,27016,2026-08-06,c4cbaf91634b994045015969668e8b532305cd577d2e8b61fe458c1e2506a93f
sample-1812.eml,19295,2026-08-06,19506f477f8c6ae75576cde917cf30c0038a91dd8e3bab3c423caecdda00c2be
sample-2850.eml,9400,2026-08-06,bbb3e87fbb4e3c0b6b70f8c86dfb740f1aa2b0aae94276799b022caef30a8512
sample-3739.eml,47846,2026-08-06,d6c32661613b015f6dd9c153a722f13de5cff5f750f6d7e791e62a79ffb5d298
sample-3916.eml,17614,2026-08-06,9166d4a17f39d0d31d3ae152862084f52ffb3df9606b02094204c1e68b6c731f
sample-712.eml,19377,2026-08-06,c3cf87aa63dd9c3859d1a6f3c5cfa7b5554706589d22467b1567b4ecd8a9b4e9
sample-646.eml,19186,2026-08-06,930464cdd5e8a1d81db8d0b75a82336a9bc68c8d519e40e9ee6c09f2ee30b83f
sample-8247.eml,473878,2026-08-06,a97ef2f3369129de0df463348d58213aba8904841a131889c60557306c16ff7d
sample-4607.eml,39323,2026-08-06,5d3e2e90e4af7bc08bb4781021f463d6db9bf7a4365f634d5da97f7544894e4c
sample-1205.eml,21872,2026-08-06,ffabeba57524f444b89614f3a3fa4671b379f4b9ea42e66b9fc7acb53a6bf284
sample-1837.eml,448283,2026-08-06,7b17c3c4f1f863991dd59689f4a720976083b84309122a602e4960473a64505c
sample-7058.eml,16204,2026-08-06,f89af3704ae2fec3b4888654cce582b400dc7b3badf5f98e13d9ab83f9c897b1
sample-4191.eml,40440,2026-08-06,b80c343e3c3eb019e6a1567a6773198e4600862daba92834f34de25fd61ee80c
sample-3915.eml,40305,2026-08-06,07a26a9bc1221f2aee7f5b4f5aa09a5227724abe2cc0a5b725b7e39a13c8988d
sample-6982.eml,19051,2026-08-06,5ddbecbcd88d81657e84088889fc392ab30e67a453cdc1fce120d5381b2708cf
sample-1535.eml,37003,2026-08-06,7a21249a00fbd95a44132fd51ed69bcd46e6e918b35d297c832a844cf309da09
sample-7618.eml,30887,2026-08-06,478ef3b09a0e0b701d1e9fd240290dfc6de5e84f55867372e89390ec43c9ce36
sample-1618.eml,15821,2026-08-06,3751858e82c9d7260201dbdb974af3b3cd69a14f37293c22966481fe1e1fd7fd
sample-5901.eml,54424,2026-08-06,80bb23d49837e993fd4ef567b372f5b4f74166d3cd01ca5f7ed89b4c59a7b1bc
sample-1036.eml,34317,2026-08-06,f455086f43e6c166e68901cd1ea2dde22657eaee3cf9ce8fd11538e92f181db2
sample-2199.eml,14940,2026-08-06,b721f610f2a18314111b43f59100f8eacbf27d36252f44c8abf97f20b940a81a
sample-5532.eml,9545,2026-08-06,1775ec95acd0d635df3e5abcdd1cc250bf9166108a4bfbf6b23afaffd83afbe6
sample-6621.eml,19495,2026-08-06,a68ce61eb0de12ff16b5c209b5e908ae58602e4e1481f9a8244ab6641a54609e
sample-7566.eml,39985,2026-08-06,f61f9169630451ea4e3b76056cee41a8104b62682c326e2a8756d3a3361ea218
sample-5795.eml,8844,2026-08-06,4dccae50959e1be00a03649508cdd07def256f946652418609f62cfa66921832
sample-5800.eml,17009,2026-08-06,fd0de3739fc6584a2d9d40e8482a14117a19f029d179e87abdc5975e804eaca9
sample-6642.eml,16484,2026-08-06,089427684cad692732daa6cf90034312f88bb9f04e63c81a2d4b9205a69184bc
sample-2143.eml,11980,2026-08-06,b9c0c28f910bbfeb3d4e36a224a15cec47da23d263c81006f09971ce6fcaa929
sample-3009.eml,21298,2026-08-06,d13bc0fac4486ede4773e5cece9c2ce9d5c68224ddeb33b07beecb0cb0798445
sample-7079.eml,35559,2026-08-06,f4f839dbc91f4223a77f12d6ab2a3a2a564ced3dfd3b90cafcd8c0cd59a3fe02
sample-2236.eml,12470,2026-08-06,836d2b73a1719a336a6f012195cf0218d6978bc25fc72f738c42bf868f1853a2
sample-4433.eml,21133,2026-08-06,ca02169c66f72fbce758cc8eac66b4bdf0d8ee6f5bda6511c61e067b0f8ac5b0
sample-4357.eml,116344,2026-08-06,16b5990598f1f4cb2116b307cc570c839ac6d5e6ac3f3b9cb6b591940bd3d4f5
sample-4171.eml,32514,2026-08-06,017f2e66cd5357a29fe1cdfdd131e37772ae02303ed318cc4193c5fa69621dc4
sample-4066.eml,12080,2026-08-06,33934a3f346d415cf217458115d8b8fdea32b266eb288951331dcb15ed1646ff
sample-954.eml,25139,2026-08-06,bd9d1813fe8a3b35eb332746a7f6100fa2841c054820adff8b0a91129c59f7ae
sample-5524.eml,19178,2026-08-06,194ee9f4e63f3102b47200b504b0d9f3fc52a3ea3f0d823830f375996a23d83d
sample-8355.eml,16095,2026-08-06,275656d5aa1689099cde4db3bbc1131e212667d7ac8c105981f79757a40a9fb8
sample-4575.eml,90936,2026-08-06,8217779dfeaac4bb396630eb32b6f39e583a05c851a4c2b2ac375861213b77e4
sample-1589.eml,25283,2026-08-06,90fbb4505b04411363815a330c3fff4a970605e621caae896f4533d704155fab
sample-1020.eml,28257,2026-08-06,890edd0816f2f34fcd47e8f0912db3775a6d1d30d22db6e12a88f1f40d6ba960
sample-8123.eml,471841,2026-08-06,f2e0b65ce63d30caa87de06315bdea9ab052496c34034470b61b244a6dbd3657
sample-7550.eml,23708,2026-08-06,128ddd98ad6c7256f229273bc6e973610acd35e6b3e25f43e4fe4ca62365f748
sample-7180.eml,22934,2026-08-06,2155b549bb464ca828c28c6144e2083d08d9760722ef01dc0b1d289be86a0abc
sample-2994.eml,19727,2026-08-06,24744a75b09bf7af2b2029e718422a83507b0b13898265ca782f5b7938204b2f
sample-5652.eml,22420,2026-08-06,7872770c41a53dc6c99ebe52e49c91707090cee55fcaba896a06ba2051b827ca
sample-3073.eml,19955,2026-08-06,139cd5b10de27d170d554562f36455585c0d072db3b6fe60a0bfc2d7570eb883
sample-1313.eml,14270,2026-08-06,1bcb4c04fb89c74db42bfe87c76bda25e63d2ed6215a7cbdecb78b55fe80ee4c
sample-2354.eml,245364,2026-08-06,256925199afeab40d9cbdf11ebe14b86ace2928f9f8e5fe51e463ecde990528a
sample-12.eml,12837,2026-08-06,b7a1494eaac023b738310869f3b39607fa63bcf4623afa6b6b7f5194702b11bf
sample-4447.eml,23112,2026-08-06,bc6b31b5c648157c9e39f2843e8828755db8928e4311683353b17ca7093bf9f2
sample-4497.eml,14993,2026-08-06,71c3431b41c42fc17f3f5a34bea8ce3299277b7e6d1b8e8e412dfe32cb51945f
sample-6357.eml,21178,2026-08-06,8578ad7abf2744ead843edb3c0afa3e7b7919566cb5b5caee8c7adfbd25e710f
sample-1465.eml,21792,2026-08-06,741a000932774c1c036c18ec055ed6940936f3cf9d51e24c74d6af54290e9066
sample-4547.eml,56612,2026-08-06,96b645ff5110270191133fc9f504be8fabd956042ce3717b71f14a2ef599888b
sample-5463.eml,9130,2026-08-06,e1474c57416000b4bcb30f7bc23e7f6c40f61eb42bc68133a3efe2f0235e0204
sample-6117.eml,21812,2026-08-06,224d39504f98c07d68b371ba6d0b9ec6ad437cbf26c478145844852a1cfe4880
sample-7132.eml,16306,2026-08-06,d330bf8507f3b9e1490d5edb860557f137ef4657b6489a0bd349edcc21e4cad2
sample-2080.eml,20325,2026-08-06,d4cd956c95bd2137f4f42c5c20b9cadc95a1c29c3dacc870beb6f8ee448cab62
sample-1928.eml,13991,2026-08-06,075a880fe268c4991663756415101cd7b61c85a6b06a711c89fd42f69300c3cd
sample-3773.eml,26878,2026-08-06,0c04488bc79b761f07e2e3ea43336fad621d1c845afaf93a1de025486a7b9cb7
sample-3776.eml,13287,2026-08-06,e8da570d60f34bb3e490c6b1f0dbda166ef33e557d3ca28fc9597c98fb7f3e74
sample-7232.eml,18943,2026-08-06,25c25360b80697c4985d8332007d86da4e9c5585a8b8a56f166615f9dd9ae569
sample-2632.eml,22243,2026-08-06,3f218141eb147220db88a3e5e49598d3154cdf7b001b7bd218f4ddda8d7b09a1
sample-2164.eml,14975,2026-08-06,df18350ed6b0bd1568979172214709de704fd2243c2a932d7344b12dff64af5e
sample-4745.eml,15860,2026-08-06,ebe15d242571ade27a118ce786ed3bebc0090b3cb27483aaa5e519a82e9b0e75
sample-6874.eml,19959,2026-08-06,522389adddb6edc260e2cf98724fe89737cc77a0ab849cb0297b74e324882baa
sample-3152.eml,11091,2026-08-06,b04aea3db6c02ca184c7292b24ae3477dfb6e7e8d15bbd4400c0183613a1a3cd
sample-5573.eml,14518,2026-08-06,eb78a75163733dd3db293d24cde5fa1bcbac40245a8d2b037a6eff88c6158794
sample-2675.eml,105466,2026-08-06,e9767e26de13f888adc8fcf52ae1a861e44c0dd049f2f1aec23440803f05f3f1
sample-2948.eml,30425,2026-08-06,61631a0af5f9985a49c26535425367f52237040af46d865bd0dd2cf94d28541d
sample-2955.eml,23289,2026-08-06,9383aef5a755901bb11de6d5ecaab23af30a3107ef5763f5202b94d539d55ae5
sample-7348.eml,15149,2026-08-06,3b5227fc51755a888c96e1b22256027ee4ed28f6a74c574c4c1735d13bad4817
sample-2058.eml,47298,2026-08-06,5fc65d860b7736194b776e15c3f833cab59776fa7228ef4b12a6531204b5198d
sample-383.eml,11415,2026-08-06,66aa6a31b3726eaf26f6c83b1c45f2ad08f662e8e63aa6679384958228ae0b6d
sample-2338.eml,15559,2026-08-06,1664173a050d34376f7150ace305ac36a376e3109a88c2aefb31155122b58c19
sample-5318.eml,17185,2026-08-06,23595d713997c40cac565d28a7e32be4d28773973bac5bb67e5f8512cdd5321a
sample-6917.eml,29872,2026-08-06,6f99f21abf341f434799bb3c8bca36ac5b70ac5b2d1c40ed4b60b976074539e9
sample-6811.eml,31026,2026-08-06,3f582e97f469873081d74bbb7e6d55579fb5fa9f41024b4bc6a1ecc252298445
sample-946.eml,14355,2026-08-06,44edecfd0b1a44bec72b2782894999eeb142ee2188289a3d9b33c849839fe501
sample-6924.eml,16465,2026-08-06,da2a86737040a5e7b4b42a169f69f9ece5fc4e53dff0ecea40aac46075a74692
sample-251.eml,17510,2026-08-06,310cf537a42bd795f8309b37adcdf24279da45551abac1d7b037db60d7e915bf
sample-1484.eml,41326,2026-08-06,df547e1b54e9fe5ec698725aed59a1d43a78b2a0f41ccbfeec31842e137f4a3c
sample-7534.eml,27207,2026-08-06,9debd21270ba51336f4b0f78f1f8a5f5495c304f10b29dd8734e175fc54976a8
sample-7492.eml,22649,2026-08-06,afda78718314946305cf2e2eb8598e20777078dac5e36837429393a105c1fc1b
sample-1729.eml,18670,2026-08-06,20288f66bab99f4ddcadceebbb9337ab823f948f710766159854e318db5424c0
sample-3147.eml,306614,2026-08-06,89b58c2c8055da4e5173dd7987a1719cb626e092ecf65fe07a2322d168a62003
sample-7837.eml,23736,2026-08-06,3b1d467176d91e195d40e9ef8a845f450847ed1670acd87fa5272ee6ae0be04a
sample-2246.eml,192899,2026-08-06,5ca8f2acead41c0fbf6e33300962ae52a41d77f0f67e44d07c35a9819caa70eb
sample-6166.eml,23178,2026-08-06,ade8372f5b820b0f644cb8c0e82081b4d58cf15bd198b2613e0e6b58ab6e0b79
sample-2063.eml,42427,2026-08-06,b210155a0a00c20f64e42efb555f79de0c7de69418cb73644e5800464bc26ed7
sample-813.eml,46425,2026-08-06,fd9f3ff0b12fd7c50ff9b6a0795b3c32be99f653ab1be16a34e335c481eb119b
sample-329.eml,11153,2026-08-06,16d95326ad92521e182bd5286650cf03b8c9c96855549311aea3e9574a5d63e1
sample-2766.eml,22794,2026-08-06,cf8c850e061bfed74735f3b4a3c9a6d3d1e021499487c49af37e66805fb1cf61
sample-5422.eml,47068,2026-08-06,96e792bfdc5e6d7896d41b5db54320af698035bd343e324dd6e015b35a0113a7
sample-4031.eml,27391,2026-08-06,f76d502741926aba8f3f046a8c17c5c5f48715b6725f1441be263260d992b114
sample-7200.eml,18398,2026-08-06,67e532fa3c5fc1317d9c6a3143d85d44cae92aa98a8be99ce200cde62dab0ba8
sample-7785.eml,21325,2026-08-06,27cbd617a49ef02b2065eaa9e731f2c5ce77f65f8b373e661254d501b5242b21
sample-6746.eml,21355,2026-08-06,01920698a3393fd9224bd0031b78d2339b5686731c745226b11a45a0880157c7
sample-8488.eml,24840,2026-08-06,093115bd11693e4f63dab1f31b362ac577833824afc9a4be0970308d826535e5
sample-3032.eml,26758,2026-08-06,4ea5cebc1446d21aa7db76be8210d4e68fefda16d22e00375a4530e7457ba2c2
sample-4325.eml,17720,2026-08-06,61f87d617cc2830f12deb98021f06426f142e458876b7b6054775135dfd5862c
sample-5680.eml,84050,2026-08-06,b3561f6ef6aa1772290af6942bdb23056f4ab979b2f8f1c231967ca1d6c67877
sample-5413.eml,161316,2026-08-06,17d8899079452edfe7041762098e9105188a875cf492841aa7c4f74fc02d4b36
sample-1664.eml,20230,2026-08-06,b8ba4c543186eff98b791b1f185c7af022c5628f76451dfcc90fd1d7cd5d2c00
sample-565.eml,19987,2026-08-06,067ffabd0d00d95f4c31933cbaa4dbaa45c673ce4d65281cedba530f4b98b048
sample-4341.eml,79751,2026-08-06,ad2044313c538211883ee524b1402472893157f8efa9031a5148de519bf4ccc5
sample-2395.eml,58762,2026-08-06,978d02f32ba36533932eea6241cf6ac2c6e54b13125e25a745c4e30d4b4a012f
sample-2749.eml,21886,2026-08-06,78272b05bc44495f5a0dd5492388cc669a5fa0769a31353449aa1ad23ba2c4d0
sample-3115.eml,19765,2026-08-06,1b2c21f648e7796d817a764924da196c561ef74ccf71ac94307a145b59054f4a
sample-8426.eml,16056,2026-08-06,842be080f42c1ee777d8edf0ce8b8a2fd22ca4d532108d3773fefe446b9a3bff
sample-4926.eml,34975,2026-08-06,83df978dbd43f865c5c22855883b5c6ad9d5b27b1aefb6c44b21b3f37516bb29
sample-6652.eml,21654,2026-08-06,a3032b481fe5d20a267559d1280c8ededb4a05533134d4ec8c8570de4e1eca33
sample-7121.eml,24409,2026-08-06,4df260315ad40eb3611954b23d15f3e3a7b1765f2034a40659d406c1aa19297c
sample-7571.eml,29061,2026-08-06,31dfa717e8e748b2b15c9b55c00274ecb8d49aa9eaf1a8a0ce978943456b95ff
sample-3369.eml,21965,2026-08-06,126d4eefda0cd0c828414bc033b53fe9d9157448d4c08b7e3c4e11504ca25067
sample-3817.eml,29724,2026-08-06,9f4663db467560b3f319b04fec3cbcacf56e53a8cc9c9f33c457dd7a61a90947
sample-3682.eml,47686,2026-08-06,e361c021e6a5ecc8a794673a54323231535e2aa1ca2a1337aeeeb04e95185161
sample-755.eml,11729,2026-08-06,efd44430fdc9ac6ad65587a01c413cb2019d512d7d4ff026d13e38c22b07a847
sample-405.eml,237363,2026-08-06,f644ce18ac4cf7b4a996d87a62193451bcfdc9be9010fcd5956d5348c814aa39
sample-6826.eml,21753,2026-08-06,c0a4fe03230af3b2758e282aa969e0b1bc7c5e00ef29bae56787a8f54e3b874c
sample-8543.eml,34521,2026-08-06,dde4d67971ab010988ac4760c1dc65485cfe47fe9a7638b2805b36b55f2847c6
sample-6413.eml,20556,2026-08-06,530763041c4e5eac12a32bd806c5e2f16cb8c927605d0f17654f0ec2d794d2a8
sample-1511.eml,85488,2026-08-06,6099de63f07f2de977c093a7668dc8dff894797622a959cb3497bc13c8b65e13
sample-5874.eml,17055,2026-08-06,b79e5667f7449c06d00c364ce500ec95f1272497595e796caefebe5fe89c73b0
sample-2470.eml,73392,2026-08-06,0fde48756f5735517112257f75f6c909ecc6c36bb10c0445e1b31b661918f580
sample-6633.eml,28028,2026-08-06,50f29ad2a738deec0eedcc351e19702d127195273567dcab2bc5dd0882056eb5
sample-7624.eml,19438,2026-08-06,f5f3e700f507c44f260babebe92c765288b67fc306391afab004e3dd0beaba02
sample-16.eml,22098,2026-08-06,98a68b13d76ca2b32b19229095ae1036100a76860693ceb7de4fc64df621e170
sample-1854.eml,18315,2026-08-06,19dea2cc2e604f59e20cfc2e22a279cf4566c345d54cc10392b8de6b1784aeb1
sample-7051.eml,31804,2026-08-06,977ab49aaff1a08ae1750827cefa522e23007d34fdabe64843c3ccefa0874d44
sample-4119.eml,19088,2026-08-06,2428ab0ec4e5b33c619309da3ab043a64a157448580cffba0cd6aa9c7f34e604
sample-3170.eml,25342,2026-08-06,05af5dedd5976039fb5e116566f11794c4cb922238f683cfe819d62d6048be72
sample-533.eml,18335,2026-08-06,65f1daf18e3867bd5021abb27fbfe162d1dcc0941d8706d4090306c4d766a192
sample-7041.eml,20493,2026-08-06,4b02c3061fff6874d99057f0bc7d8f9cc34b9de40dafe86236e736a6f85090cd
sample-6802.eml,16458,2026-08-06,e7e817af166e6802db0652866ac8dc367b3777d007136cb1bae275bb5a9e0e77
sample-1557.eml,25374,2026-08-06,1b35370f9cc4e51eadf856debb7d6f9c577e62dffde89837a5c41b4ddf500b06
sample-7273.eml,36201,2026-08-06,5ceecd17def8deeea17f96c71cb5337be8e2e0d6dc2f2742bf6958ae52ba0f8e
sample-5059.eml,13847,2026-08-06,405922b5cffef31abab0dbd9dcc909ed960b049af52d384df33e7c53aa0bcdd9
sample-2517.eml,25548,2026-08-06,b817be815acd52d0d228f037fcf06efe60d39bf4abe6c19d6d86da5ae22da9ae
sample-6947.eml,23650,2026-08-06,5a0906bb75807f297d6d5718cd7288651c4994db23e28beff018941be19682d6
sample-6526.eml,17461,2026-08-06,6e40a5d3e1e5d6d1d89b5f47532f597478012bba77793fa4585c3b9260b612a6
sample-3667.eml,20586,2026-08-06,5a3334c662c34ad2b95453ab1705d1f974bd8f103002871dea964f7bdd54d471
sample-6142.eml,12608,2026-08-06,68d9b5ff9516b06dee527b659a2a5a35997e4198099e34e018aeaae7a37cb0f4
sample-5038.eml,15066,2026-08-06,3404b710913e5f3c04d6be2d035b8dc9cf54ca119733f2a0c5577c2e5dddfd8c
sample-341.eml,16076,2026-08-06,321ce61599b63e3fb986e8d7aca9842de6cfa3f1dfd11b1374352252a5315728
sample-6845.eml,19813,2026-08-06,c1b75532bb2e65509971879b10ce73eff13ecef02a6c4b701e65d63b6e9c7a82
sample-4814.eml,40263,2026-08-06,20d8df7c11dac378a1c169da63206e0c28323c97c0c87a6c336b78e59773bb67
sample-2325.eml,21910,2026-08-06,e1f59bc9f291ba94edae94a0d2c3f249965a9d6765910553b976acbae2301535
sample-7137.eml,19601,2026-08-06,39a42026f905cec85f8212285d60fc9ba68bf0fa344a78be1c830700c2c78d24
sample-7841.eml,14685,2026-08-06,6f6700763d487aca181faacb5c10446ddfe2532052e4d880bb1cfdf649ad628c
sample-2600.eml,106131,2026-08-06,6f0b6ebb119d0ed7f99a2d72e4d6b046102118160bc94e8c4c5725b07bb37db0
sample-1574.eml,15560,2026-08-06,6db7d2a3e05de96f5d3ec0c82e36d48603fe0df875008f8cf79f320eb30d485f
sample-1832.eml,104628,2026-08-06,3cf9c4e3c39a7c58bb3e64a8f5b6cd2c21b5cca98a4cd5b7c76c769d2fe35ff7
sample-7931.eml,17256,2026-08-06,0315e983161cfbd697e9e0e847a9e5ac7ebc2a956e8b9bcf812156c08d87d970
sample-1425.eml,16248,2026-08-06,a2169474395c011289b0cf2fdcf736a148809a6a795eb50460549c1e20a34d77
sample-4846.eml,14410,2026-08-06,ca111e3f2c076189c978c95c0dbf6ecdc2aaf8f47621c42581fe591af17047c2
sample-6407.eml,17483,2026-08-06,2ec4d6cbc6443c3e245c4ea53677f038d551a82d175255cb056fe4448597184f
sample-7108.eml,10384,2026-08-06,674dca76d1e00cc986c84ac1727f06d56bf9dff0b1af96e72a61d979b7632f65
sample-33.eml,33972,2026-08-06,02449e50b4ebdd195a9729171321c0d75d51ae57a0f2ef2e4ab277d341516721
sample-8193.eml,474517,2026-08-06,7177467d64383fc3a380d183d3f765704812de1713ffb5f2b7b65358d83080b3
sample-4146.eml,22302,2026-08-06,2a21a9b91944697114586a3d57751a6ea9a602fa7a6c0a8bbfd0c649fa12727e
sample-154.eml,19150,2026-08-06,4685bec6bc2f15f3252492a874b529a7fb643bf16f3d65efda6c7b47b162619e
sample-7996.eml,20614,2026-08-06,3bb2b0eaa8f29e53034368f1d0dc198197992b5a2d6ca0c0ab76e326097ca042
sample-3229.eml,13583,2026-08-06,739c9b59abedc17cee09a20f8467d7ea5a927632e5d7840bdf9cff16d163b605
sample-6426.eml,19787,2026-08-06,f93e2570d6798598ab9fd5151906835b8666f30c64dc5b7c69f25b5e4d434850
sample-2907.eml,19929,2026-08-06,4214dd401a1eda64edeaced3f3ce010e9205affbf47263c5dd145b441b5b898c
sample-3482.eml,12540,2026-08-06,d634c3f5c6c0e684dd0836f82b90b35b5f07962a669e8a8e5dfa8cdbf4ea1f85
sample-7286.eml,9992,2026-08-06,d03ded96cbf5487aad1b2ae986dfa21f3d6a323c2ba13d9257fe869253de1019
sample-1106.eml,15976,2026-08-06,485f17e423d42ce30aae5ebf6d5326550cbd336eb76569fa86090ebf616d34c1
sample-3794.eml,13452,2026-08-06,2ead85fa41433bcf4cff7e0b83beb684199ffe8af93a75bb24ab56727f56b309
sample-6286.eml,18884,2026-08-06,d1b002554cdde2b31f5229d83946ac6f9c1abee33b1e5367cda2a1a3402f72be
sample-1500.eml,24966,2026-08-06,d0a887c7306bfdf89a7aa667b6120db609259e5271ea5476e2db5eea57b58187
sample-5373.eml,14844,2026-08-06,39877d675485ad18c9607b26be9e2b260284e1ec1d8010fdcd80c7e6ddca280d
sample-5741.eml,14119,2026-08-06,ec023a692a500e5702ddb26f8fbe10cdb1ac51b4e3004d8847886a9dd955494b
sample-4669.eml,19544,2026-08-06,21e7771090a2c145c1f53757c62beec3e5f1096fb286f2072558a39060288a26
sample-1731.eml,47030,2026-08-06,ea04c1992659586f4b49d3ce031c75483ed8b100fd6f2a35bd5c412492cce250
sample-6593.eml,92291,2026-08-06,65cdc745501b858979061b70c8f7c8269bee295907a46056cdabf3f66cf75c73
sample-7039.eml,20910,2026-08-06,f5409771f6384348a3e01c339338745cad971520c4cba349b28de1cb0cbe61d0
sample-2809.eml,18324,2026-08-06,94a69cc9dc6c1eb30daf1985e68f1d458c686a289dc014f82a4a9bed776eac3d
sample-1028.eml,25377,2026-08-06,73dbec67b5141602c5c8614012ca4101df14c759495cf0964f69f58327a6f5aa
sample-7165.eml,16600,2026-08-06,90bab68b9959954720c42a588887d04bf339834e9c14498f8a25355c0006e141
sample-8343.eml,473820,2026-08-06,17a57379ecad9124cad0f84794d16006435f35e5d3c802710f8e16e8cb42b66b
sample-6377.eml,17415,2026-08-06,41de8700a896d9faa150f05dfb978397fa83d84d6adc4797f191fc0241c477dc
sample-109.eml,19524,2026-08-06,4470798c45fecfd872c0163254f81b68e2a113b7b6730f74be602757fd794e02
sample-4292.eml,12676,2026-08-06,cb453debeba128f6d104d46f6ca411f929a18564339fa74352f241b3f331d235
sample-804.eml,46029,2026-08-06,8feacc411bcd090e2784a418f43ba9a52ed4d7f47293cab1f5d69c9c99fbad61
sample-3196.eml,52301,2026-08-06,ad42c04ce9271cda28591e3f9d577b20447ea01bd5dba0b4e554206ce92a968b
sample-6491.eml,18095,2026-08-06,b5852b8c18fe7545341ec7e001c454356b3735c342444eef248b7c02242a8c14
sample-8159.eml,15232,2026-08-06,d88fbd7173d9987a254409dd5c905bf27811699c83310d012af17d10ec28db74
sample-5511.eml,14556,2026-08-06,6b4c6f5765627193815abcef3af87609fe631a53d6ae056b7a3177d8ae2734e7
sample-6784.eml,24034,2026-08-06,947ce67447f3be07617140eea57a56adaff90359dd597f83f2cab0576c0b27ae
sample-2062.eml,20711,2026-08-06,418cc83bafbe006ca096cca9aab2b039db3b91bb44921be2178519aff0428efe
sample-5655.eml,15749,2026-08-06,33627db4d68adb1136fb13ed0cca7ffff91ebb5be35bd0d11696fb2c037ed6ae
sample-7004.eml,16422,2026-08-06,7bb3968fae53d6a0261ca97d6a4e4f80162b3eacd5a9fbe0c7c5d8463afdfab8
sample-6810.eml,15628,2026-08-06,0f0949a5d5b82289169b14d9e8dc330e7ec599023e5f5e127e5cc033bac54976
sample-5975.eml,19612,2026-08-06,3268baff6caf4f1a6059d8973d4c0a78dae0cc323fefa4dccff7c72768483de1
sample-949.eml,61614,2026-08-06,472f35d20b0f76ec445ab0db00a3d68bc478ea006937f2d97eb11a1ee1265343
sample-3111.eml,55552,2026-08-06,c6432b9062e5f523e25b9bc5cc25fd1d9a0dc80babd38404263f23ce86497fb8
sample-382.eml,20759,2026-08-06,80961b14dbf72c52b615ab3ba526fbaa772b7774ae757a6a4e251fe4a75d9b02
sample-6265.eml,26548,2026-08-06,d74b34c62afc824b30e90656737ab1972a53c5a421ed8e8618c553335450b03f
sample-4402.eml,14995,2026-08-06,a2143a1007e590976e07edfaa1218e7ac7064d264049667c1e41c6535875f5e3
sample-1491.eml,59462,2026-08-06,718fea99c65e97302b2892bc7a4dc95278bfd368aab838a71a78802291a2824c
sample-8134.eml,473559,2026-08-06,f965fc58eeab17e7346d3a6b6802d4156c8af8c74c7e45cca0ffcc0013055639
sample-7199.eml,20682,2026-08-06,dc1f59f41a191f5373b5128bac827d86dc73b44836678c22eb23a2f5f868a361
sample-3961.eml,19470,2026-08-06,4d3639216b9b991b30857bfbe9af9ea8bdaa683ef2bdaaed3a11006b13398ea8
sample-2800.eml,104507,2026-08-06,92fb18a23bd2e9d91ccd4e2f7d37ca2647cc6e98929f8d426e8d8c07c1a55eef
sample-7809.eml,22266,2026-08-06,915c428c04eadcf9032ded8185f3d939f5caeeda5eebdf46eaec0e2709228781
sample-2450.eml,34112,2026-08-06,4de2a25ca2eac2af0f1f598fbec9c9d617e24167d890f8b62732c667a4a8258e
sample-1132.eml,91552,2026-08-06,5dd43d6240d842b180408bfcf69ec7428fbc24d90308aa71761941cd569902ac
sample-1640.eml,18828,2026-08-06,75674a2d848c1991c26a9da39bd00749f33e97ff7f8a442531cf50ddb3b2645f
sample-1053.eml,211445,2026-08-06,301a7fc2d31067b023ef9cb9c82663ff1f9302eee2b0b2cf80421844ad0cd180
sample-903.eml,15371,2026-08-06,97fbee8ec9be290bc0fdd8338118fa4c32cbfb0ca4542a6ae15a0e75b38f2fa6
sample-8312.eml,23501,2026-08-06,d7842ec8fc65d92f5fe4d0cb880e27c338c2766253cf3638b867f7b552eb11a3
sample-806.eml,154001,2026-08-06,4223b7608705d46f1617555f286617930ab99d537186688776024b38c72a74fa
sample-4052.eml,27418,2026-08-06,341f4c10cd1ea1cb95bd6e4809a52e851c7438e00a0d66c2ade06ae342e1d14d
sample-1659.eml,17900,2026-08-06,13820ea9d4f19701f6e83e9b3e23e5f911819d2e03835082caa2b83b2e934330
sample-5049.eml,12493,2026-08-06,6707a2fdbc6b4632bb42d9e88a336830ecc2c20e844992dfe564fd59b9864522
sample-985.eml,22150,2026-08-06,c7c6e6c95f6833009fb2b75fd32f25ed06d771b4b7adeb048bfeb60e14df5c8b
sample-7612.eml,16532,2026-08-06,80c9ec4285608a78dd541fa39eec76e0d64940e418023d878e13306e561c221b
sample-8032.eml,26170,2026-08-06,004fb822ab15af602e3ed29fc4ea2118729f0f12fdc664186632fbac6b26b65f
sample-3996.eml,19006,2026-08-06,ec4b4328ddf59370658a3dd49d3cdd2555ff496b1f3f9d9f62c0ab4286796f64
sample-108.eml,18318,2026-08-06,9670437f3ae612d90186ccc44f2a5ffdb5518bb08b4ad53e2ec59b7ca9fd01ea
sample-2304.eml,18913,2026-08-06,c8a775b62348575af0932af34aed6e5e9181f25dba626aa2133f2b4ba927d1b9
sample-6198.eml,25560,2026-08-06,f8fa79d151de395f015ca93ac1a5c31d9a72a87cbff96b8aa75719f453be019f
sample-6988.eml,21248,2026-08-06,9af5b305fd7d10e3af1007fc461e598d8138e4943f09558c0fcf62bc8887ee81
sample-859.eml,89607,2026-08-06,30a76bce3313ea8684455f7ffcc7ccdee64e6f9b4317c08db642200047637d3e
sample-1442.eml,55918,2026-08-06,a2f6b656b520f110be0cac3596f1c493443989d909311ce2b3e7655067076071
sample-2373.eml,11587,2026-08-06,df815848e1654531b7baf2d35cc8ef17923e4ad61d476e11461cd92e8879bbe2
sample-7975.eml,10376,2026-08-06,eaa84b73946a143a8a45c4746cf9eb701d50ac6885944bd184cfa896ccf34f50
sample-7104.eml,170626,2026-08-06,bb4f98b926adad7829ba718abeb26f5eccd51042ee28ae35f013d73ac035cd83
sample-5278.eml,13945,2026-08-06,e3000b90f4c7f9ebb5d52ce629d61d83657d2079fa662732e68edec1e29f7ddd
sample-2526.eml,11408,2026-08-06,76336603ff4aa80ad8ae30f3cfef4d65d944163ed2c549aee56b7601f75791e4
sample-7790.eml,21378,2026-08-06,38acbb1db3d7561ddb643fbed08ac17284ba7696bf8cdd8811620bbcb40fbc10
sample-333.eml,32435,2026-08-06,b6c325e66be3921ec8b851ac277b75953806fc3749bdc4a79991a9c38ce6a236
sample-4788.eml,15572,2026-08-06,107bfc8e484f94ab59f33f3b58b57453423662ee65820eabfe8517c6dbf358a7
sample-8530.eml,15189,2026-08-06,fafc960af69388c363bc8808e2bb874d97c7d8c26ea2260cd453bb323e67d4f4
sample-1984.eml,20644,2026-08-06,400c9f48fe26e36ad96c3a5db9775b9361ee90ae3e51ba3f4df63b5ec91e398a
sample-7757.eml,16327,2026-08-06,9fab9ef7e991373fbea40fcb245e71d89748f54eef405b89b631198443490e31
sample-4792.eml,44291,2026-08-06,f9743a26689e3089e1fe19f3714998f0ffd0c1475f795f48f78ba8d737fadb9c
sample-461.eml,31400,2026-08-06,2380a27a175a962597177544a0b6c7187094cc6399655fa832a0e9c24fbd83ab
sample-7943.eml,17209,2026-08-06,06a77c59e6cc11a86f8c136ab1db1499a23affe25e91b7a98d5950e4fedddec4
sample-7443.eml,20454,2026-08-06,0c6a89abe9b6f2567b70d6315500d551d57e7af065ad51e6b1ff1fedf503931a
sample-1638.eml,17779,2026-08-06,a0d243f07c46f0af51e6e2a1466015b05a9d1e5090287563093a62c25499ce37
sample-6164.eml,23467,2026-08-06,c747aa44a67795fbe97188885b8b32db618973579099db2c1dfef296a6074228
sample-5320.eml,17276,2026-08-06,255c4f82ef8076cb72bc13cdefc31cbea055f815454b29a72ff49b03a6df6965
sample-2909.eml,26541,2026-08-06,22e686c0e291808211dea949053107702f01fbc2c08cd0f24140e1f4e71e9e25
sample-8179.eml,15218,2026-08-06,204a7a3e5f900c5704845bcdd14ab14cb5bf760cc81622ccb7387cc3ad46784e
sample-4797.eml,18044,2026-08-06,39e595e0808c2c25d02ea5a67f6fb72ff9bfcda9cce9e4aa5bcb912d0256b35e
sample-4155.eml,15561,2026-08-06,c406f9047b08fed30bc5c09aba315714e0d80443459eb811791baef0e5b2bafa
sample-1392.eml,18472,2026-08-06,c6d638d15dd8b3da7e4df730ae6b6afa8983779a5d937c4815521e8475403efb
sample-2876.eml,21358,2026-08-06,6209e0e5eeffbdcd89604b3fa114e77dfd0ecc2ccad99836b6fffcc6e3ebb834
sample-5844.eml,105165,2026-08-06,26a0d0554d8c3c05c99fdb2e80f1f5c53d9bfe875986a41e8aa9e7725ad5c4bc
sample-7888.eml,17417,2026-08-06,bf58d248d21093dc2b9c2866709ec3bc3f9c4fbc8edba4b9c2b5685be03e6e40
sample-8308.eml,471051,2026-08-06,b11f092c835d47fc2452e33e487ad97768c0bce76323162cf06c02cae7c9773c
sample-3291.eml,91193,2026-08-06,345aa62b0409e4fa057e5b66b8e9da749347236517490ab92cc1a64fb57a35e0
sample-6279.eml,20716,2026-08-06,b89ce91426fa37c83a12b7e8579b547237cab0996311b7f247f5fe604ee3a594
sample-6893.eml,30781,2026-08-06,9aea2743e4899bf4c284ff8eb52010605b49a126d7d97924fd75376e9c96a146
sample-543.eml,138186,2026-08-06,c4bbf9e4c50f8a9bbe51442997a81a9440920a7cf1d944784282fed9e9950218
sample-1189.eml,15400,2026-08-06,06fb1d878e11b4e10c7bc1307eea9e469f6dc82400883a5adafea1817ff08c2f
sample-8237.eml,18486,2026-08-06,ad3a28299f41000c90b2f6631be3066360eb7b03bcabe6574ff0a278f59b7a74
sample-1426.eml,19024,2026-08-06,49d3af55105a247f9bc9e78b8fe23b285fb931ef8d298882d2d14dc0410975f4
sample-7452.eml,20451,2026-08-06,9c5bccf291ca44cd58e00597f4f1ab4691de013762dd06152e103717c787c960
sample-6156.eml,19064,2026-08-06,6aba721fd36da9e982642ab50b3c3ec5379a555eb44fc911e9bb0bcb233fa65d
sample-8018.eml,15669,2026-08-06,0c567248d1fbc0acbba0bdfc44952eaff836cd9f4cdd9141384b0ef5643752b6
sample-7408.eml,18754,2026-08-06,da576994b7fa29ec7feceb8e794de754f32757a1e05bda5964f52e3863b64fe9
sample-8405.eml,472246,2026-08-06,039711c25115313a7fe58e935348ee120450c94395d7d468fdc9f8b151da7e7d
sample-7906.eml,20216,2026-08-06,864e32e0be2a47440ef96c5e3d8a8a8d6880bbfe3b88b3995e43d6a37d59eed7
sample-8029.eml,17526,2026-08-06,2ebe36b6eaa912b8dbd03d259f0f13ae681aa3752fbe8d503b99f07c841371bc
sample-5450.eml,34529,2026-08-06,47bc770cc5a6e71e2a599972377053ebea593fd3545811074d4c57420e10e5d9
sample-6899.eml,29561,2026-08-06,1d5412cbce75c725575e38951912091fdb927488cd4cf79653d33175ff0296f3
sample-502.eml,30552,2026-08-06,d74b7df01858c1c41b415acac89f9c1db90bf33d2ee43786a968c10d5488e483
sample-5200.eml,62714,2026-08-06,8050c4ee2c985e169020a4e1330140aa5050834918ae28828ee849143468b469
sample-8240.eml,14153,2026-08-06,840e7819459b64e60cd584490353ce5f9e2e658e32c2d252b3f82ba074648aa3
sample-2808.eml,19880,2026-08-06,6e571261fae86ea49ccf8327d4089f8524a81431768932c61420523b0fe8cca3
sample-6077.eml,26669,2026-08-06,b604033c9de42ab208cd465407c815df034618a133a56d61d1ca07312501b643
sample-3451.eml,14410,2026-08-06,e70ac84430ace7dbac9fba384487290fb1f44c9c5a2016657ecd672bfc7613bd
sample-8392.eml,22853,2026-08-06,824990f5114ce6c222301986ca61b0e35f3e5f7a3e27f0bae397c2f973b20828
sample-7281.eml,18757,2026-08-06,ac2833ea1ea0b1c63742561927c7e56f493ef0b032eb2bb5587c8b5b413a6712
sample-4347.eml,27144,2026-08-06,bacad749ad53e50bb77433ab7f1a46b8df0c36e5bd5e1c839163eb7c09ef2edb
sample-2924.eml,16904,2026-08-06,844bb70ecf6722fd446212e73c2239ed82d26f7d8031847c68c9f099ed230cf9
sample-8220.eml,483337,2026-08-06,513158f63a49c51ae0789086ad751f9ed88a7a43588a84cc5d764e8af4748aa0
sample-5374.eml,19235,2026-08-06,9930b86b3a1523aeece2345a5a5bd9237de446d45209bbfa26df29894195df09
sample-4868.eml,13032,2026-08-06,ae936a99b0435951723ff795a448954473c3a1245b086442ad62753b210f8a4e
sample-759.eml,16948,2026-08-06,6d924ef487d7a982b43b1094137ab4ad261835e44469dac0ba5e80dd34d5cf63
sample-1930.eml,20091,2026-08-06,2616d773ff59b1469656240c53e605c48d1d0ad5b932711ef3dc63aa10225ad1
sample-852.eml,13777,2026-08-06,4bfa57bdc6bf828740dd4754ce7baa68f9c0354035352db28368b1772d6f0d56
sample-5378.eml,15098,2026-08-06,d6de69bf44ecd5e4e7c155b2c7928721a83efcf19d2b40d579c698e528e842a4
sample-619.eml,27910,2026-08-06,4ea1a903b5ed1212cab711bcacca3cd015634282416ed979deef9a9a64d7419a
sample-2639.eml,16595,2026-08-06,b94aff8a6f6eff874517d26531afac5c25ddbadfc45ce28af83b847883e0c166
sample-5828.eml,52226,2026-08-06,7d566d409756d136755fdd06ef3f6ea5a277842bcc36c99058e6c28783bb14a5
sample-2995.eml,19307,2026-08-06,f71232e4adfe0d1fbd47dea82f3213a7c3aecea0a5e8240be01caef8c5068e57
sample-5259.eml,16992,2026-08-06,7b65e6e28ae462ba3a315acc97c99175c67525b73b2fe4baa3a0ae299ff70ccf
sample-3104.eml,20167,2026-08-06,4800e44396e2d0981c47ec41ccba3313d9e1dbbfb762bb916a32ccbcbbfd0bfe
sample-2856.eml,20111,2026-08-06,5e610bbabb9d0e6e26b7ab3a79ce28ed57d3308d9d2d40a3ee24b8556a581421
sample-6747.eml,21378,2026-08-06,796976d924cbc1eb1190ef719e5432fd9e4f6b82ac30d07c5dae74f84cc44815
sample-1473.eml,21483,2026-08-06,e621deea9c467c748332623bb720e9e28b2de6f4389a121132176a8643e11081
sample-7197.eml,19834,2026-08-06,ac89e80d0c0b67684a18ea4dcdd604b58fa30f978156e5f626c62da751adf104
sample-3202.eml,19840,2026-08-06,fb4a941b69c9e1c01ed67d314e556be1afe9a52fe0a15224ac4baf9dfd5eaa56
sample-1090.eml,31222,2026-08-06,70fa7773e06ff7c4974381dd76e50c5e0ad5fc28fa008db63f586d4e9f8734d9
sample-4742.eml,12916,2026-08-06,61d2c10f21b7885fef9f71df41e4b2e889dd6e45b6dbc2debc1cc7215a941011
sample-4037.eml,21425,2026-08-06,3e429321a280479cecdae53ddcaa74c37eaf06113e7124164c27f1dd78101ab6
sample-6563.eml,22924,2026-08-06,ca50a3a5e1d2c97c20c027fc048cdde87db5b664b7d4a2dac22fe04eecd9c9d3
sample-6324.eml,27266,2026-08-06,c4f3c35e6c9c759bb049b2a00f5ec8b0d27ef3f29e27e9d5daf1df0986eb7bfe
sample-8008.eml,13336,2026-08-06,3c52ddc9304033e618caf6d0f43d6911ff131bc67b1b83c963918bfbf88b9021
sample-6566.eml,43847,2026-08-06,910981fd69112a5c0b159712dfa69314843258d4dc788a432dc8fa4f01803074
sample-583.eml,19999,2026-08-06,4cbc1a85f4aa7a508ef243967f58fc2f86959f3b421b227d280a5315e0f51f5b
sample-6686.eml,21861,2026-08-06,5f1071a9c1620ae03e1b84a63cf6a96181abf3b5a94e030109801d9ec3354392
sample-2861.eml,13029,2026-08-06,13e42d4329dbabd89c1a16de665e83707f80e9c4bf6a6b19bb11434b908e7189
sample-8199.eml,472497,2026-08-06,fa8251160d536e8948ab8043717d4b8754215aa1537af5348b339b67e2fe46d2
sample-3177.eml,11438,2026-08-06,3f9051e933f88a72b859047594cb13db277464b5640af7e2cdf93cf2ea4d5dcd
sample-1603.eml,17830,2026-08-06,cc5ac5d48d1336c43d1f88ccc5efc45a78c604acd724bafe52a4ac53562bc9e7
sample-5239.eml,14050,2026-08-06,5499cad251b859d70ba4142624d70510a4647846b09b046e9e51868e8b90d0d4
sample-5006.eml,34025,2026-08-06,14488b721739bb12b6f68f0e04024a3bc552962ecd2228f21767b5f3d1c9890a
sample-4386.eml,35170,2026-08-06,d2f80d7edb5644e89e44bd6da2e11807028b55d82ac009579b847f3196ac88ca
sample-6431.eml,29556,2026-08-06,d57a8100615a187e2a2eac209b0eb350f00e7621882c7428c93faa3e5ab5d66e
sample-6104.eml,27034,2026-08-06,432d9b7b86893ea180ac6cd9ae5310c19541c2dd0be88316cfa53d0d7ef1e05e
sample-1645.eml,8883,2026-08-06,1559ddda9786b7300987df869d27450b1f9883dede7f9d50f837bb5494fe46c8
sample-2501.eml,51812,2026-08-06,09d0f76388863e3f9dac4187ab099b30d8c4297d1c6fc76321ff7d3afc94d39e
sample-3452.eml,27151,2026-08-06,a1d3d8547cf5de272130fec007099a3cb0bfc3f4929d91c8807e342a466aa03b
sample-2076.eml,20582,2026-08-06,e6d340ad32c88dec4e63f5ec7817e1ae77facaf36dc3d361091d3aa0c855fb26
sample-532.eml,69858,2026-08-06,d4bbd6f8da843bf1e0418bcd8cbf9f3ba3a79d077db06297088a0b231eaa89d6
sample-5611.eml,32391,2026-08-06,143adfde686f8e2d67f563ab92947a36b90c3933a95209999b4c71feff2622c4
sample-7086.eml,40537,2026-08-06,bcea353535b5b40c1c91b1e66d5e0c0115587e2a4f421f3591ab7412ef76e5ac
sample-610.eml,62634,2026-08-06,6f6e24cec2eab3878f05f33da942bbcb9fb80150fc7a9bdfe212b65010263fab
sample-10.eml,25597,2026-08-06,4fbf4c3d80aba156c59004c12c83ff53dd64c9cf7b7a6029e98fe1da0760783a
sample-8097.eml,18362,2026-08-06,4f5dee74b4cad3daacec9db30444db4bab64f9386f353d831d5fb719b96d43b4
sample-1490.eml,59658,2026-08-06,fc5557a9c254921b6045870884660a1a5737f134df95f2260cf417ffe0aac9ff
sample-3992.eml,28578,2026-08-06,8504d8d60dc73c7fec275b0fd20823bf32db6d79a062589d7d1ae429c048f974
sample-6530.eml,14869,2026-08-06,619ca3005d0da5323b6982b3231dda0f60b6fffadbeff1a04318e56a3deb49b4
sample-4355.eml,35284,2026-08-06,fe823beae35d53041bf9e0266e7f55e2d87f6d51aa527254c806276ee99c4f9a
sample-7127.eml,21091,2026-08-06,7942ec1f05cc1d57f6f5f82ec1a4f325605f2174a8c1b085c885cb4266c44d60
sample-7084.eml,20770,2026-08-06,14d1ca336dd73dd1f6f147950b068160ff8e674105b7ca204df88c10c828fd06
sample-5464.eml,32260,2026-08-06,8a70dbc093c71f52d5350af3b0d772f8d329aeeffe8c66eb00d6bdb786ef399e
sample-920.eml,14179,2026-08-06,10d72ac62c96b15b42fd8a3afb7f68dfc70e89758c46270f54ec2df46b63b56c
sample-6510.eml,23085,2026-08-06,1bd03ddb5a8f9e0c0ba930015d0b747531f25f3b7ad7d5ee12e45b7e3053e6d8
sample-6756.eml,37139,2026-08-06,3bd944a182ea43cc29c3d628fbabb0d5bc46ae3f8fc413e181d3c1f2e647b983
sample-1964.eml,20126,2026-08-06,68cb3cd7435dac35b1c54385cb86b18ec737ce6e07698a9b877cba140978a448
sample-7831.eml,19752,2026-08-06,405ea3c90202bca03dcaca3e794ba00ff6bff210e1614a3963921dfa6d9ebe25
sample-5179.eml,24084,2026-08-06,c17ec9e7b844a02ca800793053e36332ce7a2674a71e88f842939d402d959c2f
sample-3645.eml,27655,2026-08-06,71b202df9fa792d0e0d7e2b3e80e82450f37cd9a03bd2f7b6425f569736cb46b
sample-3927.eml,44700,2026-08-06,f7d3f1c3adcf74b1c91eee24adf66101890222901f730e4faf39d897bd656227
sample-7718.eml,25617,2026-08-06,73848e524627b8c4feb68a82153f329bc6f89ea87a22882311769002f1c55ffa
sample-6043.eml,12238,2026-08-06,a74416c671aee15caffac0091def117e6a4e218be94c90c40ffa77acacd615d6
sample-6952.eml,22058,2026-08-06,f1ddcfb450e8b69a9f137badcfbc5bc09321f33b5cabd81292d5ea988344e7ec
sample-7689.eml,12933,2026-08-06,7e54911a7c7ae5b1363b9930ecf3ca36e2f7872e1e37f5a1cc549b9ee2467dd4
sample-2374.eml,15936,2026-08-06,e505703fe4cf702394718472d50f4d2442a156258c692eb2cd69439752d017af
sample-7821.eml,22908,2026-08-06,27506ad884ca123a4093c01cd40736abd38f18dc8a10b0cda0f0f43a9aeb5456
sample-5746.eml,16671,2026-08-06,8f56ce3bf87c707dbe7da2b5896a61e7713a773a4ab1f4e41d02fb0fcce9d487
sample-1483.eml,20858,2026-08-06,5b294de7ebbb3eb2cb6cbc91f39ce257adb5ff050198e1812176c7d765852bd6
sample-1312.eml,15939,2026-08-06,0f5c3e54738ce6968b8ab36ab27efe2231510f78ad4cddd908b28919a9845bef
sample-2194.eml,147243,2026-08-06,d45b7771e99796cf119cbd7768c49dea67384b77832a3836c0f1d62a2906addb
sample-2494.eml,21012,2026-08-06,f5766fd9ea58b3ab0ff58f409e55e6ff453c295499bf3ad1937eea981750dd6b
sample-632.eml,89993,2026-08-06,099cb2ec68f9713af424d25e9768f2ffb4001321ddae55047988f746f7807b36
sample-2884.eml,14447,2026-08-06,20ef7a30bf243c270c613c60a5c14dce53eb687b81b7a700ea30ab45915ff9eb
sample-8335.eml,22403,2026-08-06,64db467b225a8bf509dac885be597a99dc281ba264333fc067afee8b0baea3c0
sample-7745.eml,23323,2026-08-06,6e850304148804b3bef99f528a60aa780048f16357e4b2d52421e5578ca8fadf
sample-6561.eml,48764,2026-08-06,eed7d233598070eada594625ac09c43a901c687c51685ad863660296c40cc6ae
sample-3127.eml,22632,2026-08-06,2d3e65f860dfe97cbbf5271aad6afcef282c8ff0583d433c64dbb1cce0a89441
sample-1548.eml,25005,2026-08-06,19c391cd4de0e7d0387f06577a208ea0676a1f63516e0cd5e39ff02c103de456
sample-470.eml,16083,2026-08-06,829bc049f49cd55404d3860bb649b497f55b637085a1fc1cab0af9c0b8497afb
sample-7290.eml,18007,2026-08-06,3a1e8044ab2eca9e6a4e60429dd42da6855c0654b404d8038e8eaaa707f92e41
sample-4170.eml,15948,2026-08-06,7dc44014e5ece713b1149a51b7694137ac1a0c5bb05a371814ef495c2d6e19d1
sample-5192.eml,16186,2026-08-06,7080707b92dab4d43b263ddbc9c91f726a7c859a830823db6cbac183aa521444
sample-5695.eml,14777,2026-08-06,222350390010623106659308fd6ce0d06f18462b48f7ad234b8809f888b50a59
sample-4316.eml,15088,2026-08-06,f5b3e4199197d2021e75d6e8f721cc8dcd35f008db4a9be9d8b5c3bf58166692
sample-6501.eml,95284,2026-08-06,d3f7950a8cfa8cfaac81a44da50bc8d9f8f8c39bf549189e1cae062f4e75654c
sample-5389.eml,46576,2026-08-06,8c0a3e7b8edb922194cf6f8f14682f4776faa17e7be104ea6ea2ce3c6c1493b5
sample-6000.eml,18715,2026-08-06,7f76249ffcbc85958ebd9f1ded71ec367ae81599091c259b730994088ceab428
sample-7601.eml,25318,2026-08-06,fbbae0bedd054532c1eab8209c34d2dd73763fac71f32d49b80e19793e86ce1b
sample-630.eml,110040,2026-08-06,7a2b75477b673d5d2a52aadfb6b26c682c1e65d7b5b4d47b23b8a0fb792f474d
sample-363.eml,40190,2026-08-06,75daa62204d037bcc4bc54a65ed43c3b02e21960c7ded4176011b7680d17fe53
sample-1459.eml,8813,2026-08-06,2200881723add64876d5558a605b146543ebfd42d2f226409e941c5dd83d351f
sample-4661.eml,67015,2026-08-06,ab84a638aaa0428ce24a511d6019f62d2489e7ecd56521ae346e8f6a05464aa3
sample-1334.eml,162322,2026-08-06,c82a8d3d261244668ec9ee3745b4c1c13e17c3855ba5a3f46993e83924d4f937
sample-2824.eml,12629,2026-08-06,61a553f9d03896696bec9bed468e9894a41cee2348ce8d1b75d1553a1d18e55e
sample-1599.eml,25411,2026-08-06,bd2573a8abbb83a3303c57b4c243b47b087826b903cc26d8841b7009af8bf150
sample-2812.eml,8195,2026-08-06,d09a09a530e0fab26351ef2e39753ad80b8d002abd488840a50679fe919fdbe3
sample-1718.eml,17956,2026-08-06,27202d392e6fe59f559193312c11034e545ce965c0f66c238099c896088f29cd
sample-2835.eml,18298,2026-08-06,e39acbf147895f9dd46f34b7ff913931e74d5bfd94f609f55d49042bb94d69b3
sample-3050.eml,2901926,2026-08-06,f911c602935d47ded348b155e53b4d03a886b23f1b8b39b460cdaccd2ffb23b9
sample-6932.eml,28755,2026-08-06,6c88e7201a2a110d7250998c069dfe4169928971e69d582b24f28f23473ef9ee
sample-4936.eml,26475,2026-08-06,78fae7fb256ba2a00940c4a89772c7137bdb0d62b5554176ca1e5dec990118f3
sample-6843.eml,27328,2026-08-06,9b50fc06ad1ebdd59462c1c3180caca1364386aa86c51c9c30244e9b861ad2c6
sample-7685.eml,18611,2026-08-06,987265ff2a511b73b1331f041fb068ef95a6ad63e179e607eb9cdeaac563bc20
sample-2991.eml,12646,2026-08-06,da80653a234325510d7b483e1a091a23787aa55467f60e7dece2a8e7ed83947d
sample-3795.eml,40301,2026-08-06,eb82fb4a1535aea2909613843878a25ad6bbf089e6c892fcc75c693fd0b343d5
sample-892.eml,9180,2026-08-06,54a7a53a900ec4c998d4dd2f74fcedfcbbed6892da91a8ddddaf0f7ca179642b
sample-5794.eml,23871,2026-08-06,681b5a7938bc1e98d7fc88a8255e0d0b59db8b82c8ca63cdbe27374365dcb209
sample-7555.eml,21548,2026-08-06,fe9bb799ea406023970fc5a7284ab1f1333e093d470c7c7f070cf79c46b9a2df
sample-3198.eml,12704,2026-08-06,20fa70240e8d17693eb3c2ea08dd79c85418672a42b61fd564e81aaeb506e3fc
sample-7695.eml,16621,2026-08-06,6cddcea2c2ceb32735438983a470ecfa6e31e8470e425122bcd316863e62798a
sample-1477.eml,59444,2026-08-06,c8dd3bd61976d128d2649fba60424dda1ef3d889da8409f9032c9a70410a110c
sample-4878.eml,13523,2026-08-06,889b87863f7285e2fb74c4ddd480eec1c097b17975b409a33d6e62dedcf68a64
sample-686.eml,26886,2026-08-06,b097f89d90bbe469a80d958f2c56841be72789fb80855f2cf326e55af31e9ef6
sample-8471.eml,16282,2026-08-06,7129b1adf69bee4ae48e67e968f0a70e217602b6a99a6acaf1bb53020ca06d40
sample-5330.eml,3066,2026-08-06,94465045e5cbe4aa896b8baea327b3e97c26244c67b4d562c36aef890e5609c1
sample-7794.eml,20099,2026-08-06,9ee33a0ae045d2336aced03bc83e5040228332ab9bddc7ac10f23d45b50e17d3
sample-2225.eml,19155,2026-08-06,25ee4edfa937908f1b50f89dc939eb37f291cff3a38e8759cf07f377c4ac53e2
sample-84.eml,19341,2026-08-06,d36c2beb8e4102b0ce26a909c5154765afaaef485591a51c619b8719a8f4ce1f
sample-1159.eml,5248,2026-08-06,22db462f196bc63ededfa77617b01a783803889cf24ab7c865f212a61a7947a8
sample-5753.eml,14932,2026-08-06,a2579a68b79a1073762a3c94a79b4aa56e6824c0e8551e70eff61d86a52cfec6
sample-977.eml,8106,2026-08-06,3d841dc7617eaea971fcd497a4e9e1aee051fea391237ba671945a479e27613e
sample-2122.eml,38134,2026-08-06,277133e057f47358a65fbba84e6225791cfe836bf86badc1ea1f979b3dce55f9
sample-5365.eml,43544,2026-08-06,d8d9963011308384c4209fe0c583c0bf2572a05101130c4d4175032980bdbded
sample-6427.eml,19746,2026-08-06,6b9c15ae181f89d6e2be61f34ea5f6e67785005c38058a21cd2016bbb9559baf
sample-6970.eml,15956,2026-08-06,013a0b38b75931698910189a7d7e91fc09cda73b6aa7a85f4395d8aa83b2ddf7
sample-7172.eml,28345,2026-08-06,b3003988df637dad71532fef35dffe9c352b273e8ab6fb30fdf0b5b4bd7941b5
sample-2638.eml,16577,2026-08-06,2f337f9d2a3e220da8d9a12e161f0deff8078c3f4ab355a92cae8aafc5a600c3
sample-1422.eml,16077,2026-08-06,a6cae2330d0e27263e49e4e949f7dd1d83e1f235aa3ee5f35afc314a4f8f4733
sample-932.eml,28395,2026-08-06,65ab0c0dcd3156cb00c8adf57dc8053c3341322f4d007245217e6b8df27766bf
sample-815.eml,182282,2026-08-06,38e0c7505b967c345bc9dae57275179a4121c38312d92f150d866b050b10c323
sample-5827.eml,53044,2026-08-06,37a2e812ee08b89459fe9ad44b18caca6be383096846adc782fe7fd18e53fceb
sample-3891.eml,12542,2026-08-06,bead2abdcbb62d7b4ce78db5e2e9312f0331df7c50cfb710b652060f8d83dd12
sample-540.eml,13045,2026-08-06,856d38b2982ebf8891cc367fa09e66122a57cf0a25afbad5a6cdd96e702a5fb8
sample-389.eml,1524,2026-08-06,e1b3e95b6a1688f95e17644d282825584f73b66665af3001aea79c0873710deb
sample-2139.eml,25454,2026-08-06,da345f306a5f78119f824b0ba625555338c36bd6add170f88d7616f3609cdeb5
sample-6964.eml,23324,2026-08-06,0acb902ca9543d9166ded937e02ff43bdc9eee0e293d1dd782705025fc1c33f2
sample-8165.eml,473723,2026-08-06,d69a99afbd62e58ae8c547e9318391bbd58895dda885cfa22e879fea17676b95
sample-1679.eml,20315,2026-08-06,ac1d6b80834583caad33b9eb9fe229567cb615c6a437a2e0e33d9a3b2e894917
sample-5135.eml,12513,2026-08-06,1c163e6277d56e7604126eff2865ee663091ba1cd49d76a42843ab5bada01638
sample-709.eml,285352,2026-08-06,b66481a9167d1159bebc93ed4f9a5c9c1fbde414de1abeb73eb5ebd8ce7b6215
sample-5637.eml,12286,2026-08-06,15c405369ff150423f5a95f47e38a9bb2d551a97ca211f23f80a2b6086d84631
sample-5972.eml,17848,2026-08-06,4e724f4aa6302b514eb71643a6e6f9725bb96909a7ba60af8a79cac58ebb128f
sample-8340.eml,19046,2026-08-06,ac7e33be41c09056b79badb392a1087b9f115183bd0461f828329fc857e79392
sample-8298.eml,15769,2026-08-06,6444833020684b157f7f806a269fd40c3fc237aff269f40749a213327f8465b1
sample-4632.eml,40734,2026-08-06,13419ef69d3d5d94aeae80bd34dfda433397234e77a402aae46734cd4a225467
sample-1815.eml,57617,2026-08-06,5fa154340efc214762b1b6c191f9a2e6d6159e13a49e4674ad37e2c2ec3b3cdd
sample-8376.eml,15053,2026-08-06,39bc3b4bb81de573f52869814d0f44c6357efcfedc49bfc28db8ed4e2f1945b1
sample-4530.eml,62489,2026-08-06,5b259a751b726c1aba5c97a8deb52bd45ecd62893bf57c8c0cb04956deeb33b8
sample-7300.eml,26803,2026-08-06,beea4619a245f472998726f8e1277ea46530bdda5724db79963a9dda3950c8f4
sample-6446.eml,86202,2026-08-06,b8a4a7894130bf732491df989c40b616078e8b2d87adb473d6684bd9a65f2c58
sample-6299.eml,43791,2026-08-06,b1e0be44b706fb590cdcd9c18caf779f20fecaa676adfb0179c2dba791d58819
sample-7176.eml,20500,2026-08-06,534ae37c392e0cde3ba889056482e52edc03b2d2938badff34f53879c80dce80
sample-1967.eml,122454,2026-08-06,46c898e38188b1c3a16a0bd1fde170e6745175b4d5cefb2ca49636225a1cb817
sample-6331.eml,14071,2026-08-06,9fca5bed8fa8863d72171212aa9547ce66c0ff1400eecfdd46d2dfa05ca815d2
sample-6985.eml,238823,2026-08-06,9f6618d23b045c01d8648e7a7a586d748b5f2bd7239793932b55caf2aa3227df
sample-3000.eml,15941,2026-08-06,0680293213a81d3c3449b6ccfa0567bd53ddf74900a1d4771f1d3939d4d1e009
sample-7074.eml,21725,2026-08-06,281de70a1002e8c2ba68874fca16c68d8d37d313b1636ee9f606215099092d03
sample-6710.eml,27898,2026-08-06,383ad4bb85f055b4edb0c02ed7301025e3dfe18b3aab22370cfee028bde3d7d4
sample-7337.eml,12783,2026-08-06,3a6ac81f157ee893c276b9138115beabaf76001c9e99853cc634c1c304715490
sample-6060.eml,26986,2026-08-06,98280f3c4fd540c0525a2fa3fbba1e8bb2c7aedd61e75dc56e9548082057814a
sample-4218.eml,11549,2026-08-06,faa9f6ac68e61ea548c95f579b5556f4e789df40591226a7f76bafb9940e0702
sample-7196.eml,18536,2026-08-06,34103017667466dc776642796eeaa7a33466b8c62fb776ae93af01d47dc59284
sample-5654.eml,16365,2026-08-06,6b8d1d9ed292298c1a3ff48ed87f75322c596882352f2316b3a63382886fe7eb
sample-6284.eml,57931,2026-08-06,8c17bb88d37ff89ce7ecf7a73a21e28c42db86ba7d6a9caf4a65e82eb24cca2f
sample-5814.eml,11985,2026-08-06,79f9227d4b10cd96740988eee459d2f4f3a3361477635928bba84c353c459b64
sample-1176.eml,12491,2026-08-06,a819576cd8b66dc4b41ad502f02af09b7fd73cf6ba690b7372aad6cb481a9306
sample-1221.eml,22776,2026-08-06,bd73b7dff08a39e18aeda8b6c9910a4e2147f6d55310b5bcbc102121b91ccb0b
sample-5888.eml,56902,2026-08-06,e10c35722a98d3b22ffb5043eb874a0d41768636a748653113cee97a27447d07
sample-3415.eml,24939,2026-08-06,c40c76c2ca5900714bbd7bbe5dc27423cfad223c77fc1e5cc093aa6015faabad
sample-6728.eml,17327,2026-08-06,9bc23fb195c5702bf83b35e5e3809f686507686663755fd2340eebda3a54f309
sample-4281.eml,13940,2026-08-06,771c4216c33f7d6f30e4f3ccd246d9c5fe41b2faf5c6b9c1377cdc5f59600da0
sample-2693.eml,105459,2026-08-06,7783e49f5359a8bd0ffe43e088d36fd31e4ed6ad5af4aceeb49fc2940aadef56
sample-753.eml,22199,2026-08-06,103bb94959058a63498427ca5ffa894453a841161e343af995ba57b21be24382
sample-7012.eml,26355,2026-08-06,dd1f09186e3fab6c0146ec0aefc7778f3356d385044a7ecdb09028a800aa5d11
sample-4423.eml,70290,2026-08-06,501334dfd80e7eaa6819b5b8e14125c9ebe99567a1e70fa5f2c5fb72afcbd9f4
sample-2893.eml,40586,2026-08-06,be742439fe2961b9ad3a40a88fda335c0d3f5a6097bca7b4df3f69b656336124
sample-1363.eml,18201,2026-08-06,149bd1511664efeba297af1064de31361bf51f8c0c40a157322d6cd77e40a991
sample-2644.eml,18946,2026-08-06,939a56bfe2db14e7a29e77b2cf7b911f59ef7d5981085fb81b883e3c6c19358b
sample-5161.eml,15300,2026-08-06,b5454e54f794bc929651529069e693474b9e8c9b09bf454f109da9c3230f2c50
sample-7409.eml,14180,2026-08-06,d6ea697f7a72d60ec090d94da6b62daf9e747422715383d1c5ec2c62f9cf2384
sample-4272.eml,23630,2026-08-06,de7c922ca787b83d2bb7e7ba27325534053c9fbdda4c48e5e24ecd7bb2548d6a
sample-6263.eml,27229,2026-08-06,3c66348c24d69110b365469b575cc0144f4cc1cfd5b1c8109742eb8a9c415dc4
sample-2156.eml,14372,2026-08-06,ba6108d9f125825480fe75543b91b52bdd671b198c88bfd65a6fc7ff42ed2187
sample-6149.eml,22758,2026-08-06,2fc9afc796d61657d4fbfa9a83e5b8473a9f6fb6fba7f74b42babe6ebef5f83d
sample-7490.eml,35803,2026-08-06,e3629bc4a0d70b67bd7c8eb0758c10a5dcb490185f7225b6b07eddb171dd8221
sample-685.eml,20059,2026-08-06,6e2a4ca019c7393efb7a821172b6a1396b9e52e03475cbd41798395719976764
sample-6537.eml,25126,2026-08-06,f75425ce707c61fe4f1101f5cf447833590f04b475ee67582194839caec6147e
sample-645.eml,20026,2026-08-06,663fa647d5cee30d0632d7e5a6a6b6da428cacf2984289d33f1ccfaa922b11d5
sample-5205.eml,14226,2026-08-06,6181f79b55fd795a16a1430a35db450c436b7aba62e4b8e9469fe6e1ac82ad55
sample-3378.eml,11563,2026-08-06,c02b0b4d7d4e2513e77d4d610c4347bf6d6f8402fef2abae4eb41ec2f2c65237
sample-7468.eml,21786,2026-08-06,cad48e631b7c4accd48815bd8d5fc363d5aea6dd633fa2971092278f2bde15d6
sample-6244.eml,26378,2026-08-06,e116f24f7ee254f75dc87c55e7fc31329534a2fedbcc263517354734174f6a3f
sample-5074.eml,13938,2026-08-06,e3082478bc2f35e4aae72bd67ab55cf59a9a2e672930c9ddcaecfc32f30937c4
sample-3748.eml,29059,2026-08-06,aea0a5e94e41d01480f904bbfec118349f60a685b6275ee3c83b5c0dcc7da559
sample-4793.eml,10248,2026-08-06,e558a3745926d6e08ce9c4b443d87bb829595ea2caa2e39127fcae72931216e5
sample-2087.eml,41221,2026-08-06,ccdfc78f1c4eb636e60f9474503e338de29dff526e82687e18066318b1a1f527
sample-397.eml,14479,2026-08-06,94c85a99780bec00b865d5401477f7b713f35d15123e7eb0a86328594bfb148f
sample-5152.eml,17739,2026-08-06,fc7b758c2ef597c2003fa0e97858825887cdba0d42c86c4601f7369d93df2982
sample-4117.eml,28889,2026-08-06,b4ddc89ee6b3917c6fa6c73d71d55ab707ab69c6d95948cd723e1ba8f77dddbb
sample-2018.eml,31017,2026-08-06,c9acd21a0b012b3176befabf5d763692e3c24a59d54ed0d19ab133bd11fa66df
sample-2288.eml,79463,2026-08-06,3ff168a47bb7df8b1fef0ef48aafe09c2f53223602e4eff24f7c4f456c6de8cb
sample-1277.eml,16137,2026-08-06,605f0fae482516cbc606dfbab54a4f2820f6d58b23bcb56088ce1374a77f7e78
sample-2523.eml,10738,2026-08-06,9e3587aba43a3f3aa7cc1cb8736513a69eb7829cf730ee87b81c9ee9d07c1566
sample-4893.eml,41298,2026-08-06,906f2fad8ecc43d039d36e17acbf5f16f26992578d32c4c16b59f4761224e5a1
sample-1636.eml,18220,2026-08-06,be0a2cc006f6027d8db4b7477d8cef4232c05f65f0c8fe6cb54807da811c2a82
sample-6314.eml,17164,2026-08-06,6d0ac9032c9c2a1bb4a3b6a09129787e36c98dfccffcf1d15b5af940ae7f269a
sample-5160.eml,9800,2026-08-06,a58ae53c8fff5e7ed2af37aa1b3b759dc55f20724553a6cde2939b2435b598fb
sample-3646.eml,27491,2026-08-06,e508a9a404caf385a1b88a588c55f002e7742c79dfcac3afcd4dc81e23986274
sample-2764.eml,18552,2026-08-06,23621728413d6c8509847d7b312774f78f2269e5f3069871b6b0cf766588989b
sample-4593.eml,21879,2026-08-06,329f5af3d14a26b4dfbe2945601e95dcddb8580050361cf7baee3482ac7f80ae
sample-5060.eml,14003,2026-08-06,2b653944e295be5dba7b17a5a17e31a2d764c99622fa47a691e5359e1cb21f89
sample-2929.eml,14562,2026-08-06,f6647aa12be45c297f236806fec28b6685bd976b76164d1a8e2309da0cd64b78
sample-8072.eml,476717,2026-08-06,e550224fc05548e43d2ec879153fa3f4a3382223717fdf1d54505cead9ed7b94
sample-6374.eml,201147,2026-08-06,201d4ad9a30a3f8052fbe7f663d4559e72e88e91b06c399b4d6f0766107a9ea3
sample-3356.eml,22704,2026-08-06,a77d29440aa0b554a1c2566f2fd9da503759591a744cc2339c30447362b7af45
sample-6133.eml,35957,2026-08-06,a0275a03873c3935d154233fcfb903fc68f045c8d187465c89bf9d5ba068bcd6
sample-4430.eml,17584,2026-08-06,bc8e2d448d347bb6b33adcfa920d51ab094889438504eaf91ff2ee3852193755
sample-8479.eml,24321,2026-08-06,cbf7f6d7eb1e683df9296f1ec343fc27aa0b0e68867b4a936d1ccd3c2a9b2d16
sample-4156.eml,10384,2026-08-06,e17430316c3831f63c497b4d13f8f7f9fcb68d3e824e27b72da4ca74968a6289
sample-4124.eml,27601,2026-08-06,2b1ccbad0700f100648f8154c5a2055b9d24b8445e3d2b48c9e7744f2069b634
sample-1792.eml,46266,2026-08-06,541cb2a441afd001d893eb1f6ba40bbe5e6ac143b30dcc7a08ae59181b2f54da
sample-5094.eml,14364,2026-08-06,7b0ef11b4ad64668424499e2d7c781185882a05b90c0595893e4200538d69ecf
sample-344.eml,10486,2026-08-06,60e2cabfb982bcc3269001e0421f71654738e61dab95f9b4e01ff43a4558de4d
sample-7581.eml,14299,2026-08-06,cc13c1ac21cc9b93768b6e74eecc115661a305d80adad5987d5a08fbb485f04c
sample-1990.eml,21488,2026-08-06,836d828b34a9b83d3f7c938c898987f4a7032b354e5801d6f0e55817800f1b3c
sample-5390.eml,46562,2026-08-06,a11392e7d62a2c4c1be441217635e379185d48af60fb3225454aebfa6b72061b
sample-5948.eml,16832,2026-08-06,412f427622ec4a9819d9c27dfc594795a9ddd8b52af6c6ae18360efebd7bb528
sample-2500.eml,26986,2026-08-06,6cfbc2c63c7b5190f9b65df00c50489f2dbd5d97ce68f1389d84981be5957857
sample-682.eml,309669,2026-08-06,f74462f9306f7f8b4b0d67cdbe86e581ff9965af4c48e1675c9b91e5c1078fae
sample-4619.eml,26248,2026-08-06,319b5bce3cf69c696854c086f276bad4f346a6dffda5eaee2ece3dad3e15cd22
sample-4151.eml,38805,2026-08-06,0cae36958f57a2be45f08e9020d838a08423f143afcb1530315416d86160cc6b
sample-4967.eml,27473,2026-08-06,bbf114900db850ecafea4a10813fe0dfb7d9129aed40931596a3174f2e23486b
sample-2932.eml,20036,2026-08-06,ac128e0fd8c01b0ebd420fbc0a3cba6e6d43b5e1064fc9b71b41af599c18dfa4
sample-4372.eml,20392,2026-08-06,bebddd6416b618e49bdc00cfc2c53c785f5165b4b51254742c1d3b6f5f7f2c3c
sample-4577.eml,18537,2026-08-06,39ebf71898304e7fa2bb96ebf6fe2f69604c4536bd27cb35018cdc9d9be752de
sample-1198.eml,8233,2026-08-06,870240a376ec2138c2be4f50dddab9383ab96e800d139b250aa5f7aee1d57e86
sample-3597.eml,29296,2026-08-06,ed6b7586eaa8536b31a1dcf9f5f723d6ea1564b12f1bd4efb27901cf211f472a
sample-3373.eml,12974,2026-08-06,540bf20aaa6730054e4895299daa0ceb42ab226fc8529ff3ec629aeccb80353f
sample-1252.eml,89115,2026-08-06,d2437a3ba61a6884d13fd32a6aba8c7805a5e7dbe05f4c4c3ab6198e719487d3
sample-1107.eml,15615,2026-08-06,29d691b18faad92de3d3ffe789e52c44a4af487eac65aa75decc5ffe1a025e44
sample-1414.eml,15354,2026-08-06,0cf871f5392031637cbaed1a3422bdd9b934877d5e5127bd2b8f1854298a932d
sample-8026.eml,16698,2026-08-06,716363cb43259805248b1eb26c2ff4f249e0e950e2761d84e07916fe57aa448d
sample-930.eml,50009,2026-08-06,4c21de2fcf95d84a9907840d893cbed06ebe50b3aadee8391a6ace9be6902fa3
sample-7799.eml,16912,2026-08-06,0160ed0e9134e230599d31b7b7df6d1ed7d5389cf5d7e22311f5de7061c12952
sample-5308.eml,33156,2026-08-06,cb3adb4a15a3443f5c5bc5c21fcadc62c60fb2dd24006b0f0ff618342d2b107b
sample-6373.eml,164452,2026-08-06,b88b369a572f43af7d88dd37e093a2dbd1ce59fce31e2ec8b4b6ad94d6de62a9
sample-5849.eml,46042,2026-08-06,d7c802f70179ee4047a0f6484fe55351c0a5d05aebb6755d1536f01bbd6f4ad7
sample-5787.eml,13793,2026-08-06,7a36c6e0201de0d816436b4e2b87de8608e5d85c103a3bd665b6782f7c55fc49
sample-3262.eml,13439,2026-08-06,b146ed1045a106e7932db7b435663966b7e86081198d1d1a146027040f582194
sample-5085.eml,14553,2026-08-06,94c134a7d33b798c7a162b6d76d34f5815fc6c8b6d37b5df4279976dc87e81ac
sample-7529.eml,19735,2026-08-06,1c4b5c432790dd243a967b266fdd6a8332b27c51489a7449684e4dd6a191c0c6
sample-1164.eml,8959,2026-08-06,b7b3d288cb7880df8a74ae843cc55ea64e797d948edf6954af0266e7cebc605a
sample-3250.eml,36671,2026-08-06,4d9c5411d40384ef2518f1ffdbf45d14f2bebbff0c606c8c7044b7353e7c43de
sample-7733.eml,27606,2026-08-06,3845eb5651d8b267466144f3f7885123b37de749cbe5f5fc43b5fb386a0bcfc8
sample-4864.eml,27172,2026-08-06,fe53cc08fbc035a48247476dc670ba4a1114efefc3e0f7a4debe03b068843e55
sample-51.eml,12186,2026-08-06,3a5bcdd5ac973f603074335a08171edbe18fcfcffe13aae95be9346f5573355a
sample-3896.eml,20388,2026-08-06,c42ed7b39f867bd2857034dc50a7f20ee35147d840fa9198f689f37d76dbe390
sample-8408.eml,20707,2026-08-06,9c98896165091147ebfac7b8c208e12038c47c27244bfdde57aa20f71a395e07
sample-7378.eml,36084,2026-08-06,7a45f24f5eef76d6ba1101df1060dd90c53462629cdc46abf8e58a5c5fbdfe92
sample-1593.eml,110684,2026-08-06,094f49657b106dee3240890c2ff2a16c365ca381251cce2fc112ea94e74ebbbc
sample-7591.eml,21343,2026-08-06,172982841e0fab13acef036e58ac0c4e20e0524c5c4796178350d82d163c9a15
sample-272.eml,11936,2026-08-06,9c7a30c96a69afd0a6d130d3a5dc7f5d663538594766898d49efe29892aa27ad
sample-5622.eml,31510,2026-08-06,14a116609587bb586ebcd1ad37077d8f6876a3a7742132f532eaa40501a5ee51
sample-3389.eml,11973,2026-08-06,4c37928d47803570f8cf4a1f9dcbfdaeb1caaa1666955315bec0c26545cc4f43
sample-5203.eml,13565,2026-08-06,6e86ad69dc32a4052634994f66c7140b97b88554c7e33a9cc5f3f0e581387345
sample-4426.eml,14393,2026-08-06,91c5b2d02356417c7d4dd4589059b9b645e00c8b667d8a4db9673cb4f1cc4955
sample-6656.eml,25711,2026-08-06,17ee39e75beee2d999bbe9419ae73512aa6ddfea54687aeabeebff8236a4abc4
sample-7544.eml,17494,2026-08-06,3b472ca52f83d1f1201b69dda498d2a7e7064e21e54f047f7af7a30732831ea2
sample-2171.eml,282192,2026-08-06,411cd49ec6650fab585006839392df65fdeb342b3455c1c9f6dee8826ab13510
sample-3978.eml,14696,2026-08-06,23d2524aa50250e1a7cbac51789546bbd8bc615392062afa820ad13d2ad3b393
sample-5176.eml,21645,2026-08-06,978ae25dd3ef7631c8352d69eed6573609bb44cfc1e83ecb18b9989a3eb2446b
sample-3991.eml,27730,2026-08-06,8728741b00e8ce8f2258d0b8a0580d1f273e739cb07fca60c8da68b6465022c0
sample-4378.eml,14103,2026-08-06,e08c6fb21b3667c8ab2c48302c9b0d696254bc45aee25ba6aa8948df4079a828
sample-6695.eml,19519,2026-08-06,86f26733a74650493e4f468bc6c5309fa4e83f74b9db4bdc20c7de1f11b9da4a
sample-5367.eml,18051,2026-08-06,96eebc8f6e6decb957263c617fff5aa693a062aa6cdb32c85ea5e41ad4613667
sample-2180.eml,20304,2026-08-06,2efd1cc65c9fa2d3ee25bfda116f7401825387936a9b4bcfbab3722456c9fa3f
sample-4649.eml,14371,2026-08-06,95d8a1628a37f64c7c55977bda94afc82ea8db0d56756d89b0fafae6f3a103f6
sample-327.eml,23802,2026-08-06,88c56588e2bab8263a1ea17b07155c79261574439aede00e278e75a21deb8954
sample-2453.eml,9726,2026-08-06,83ec7c26fcab0ccf4717d09bb3e4dc6117ff5db9453172f73d8eae9dd89b6bda
sample-4748.eml,15446,2026-08-06,57b389a9a80a37237d86c694af9a19844c957f7e0f7765c53aeea8d73a6c4cf4
sample-1923.eml,13246,2026-08-06,64cd9ea0d8163cd2eb3385349b451fa99eaa6eb5c6ba2353726a8070df8cedf7
sample-3562.eml,91268,2026-08-06,78c6a7ecb7c3f9d5784560733a539bca854679ad3cdbfe34cbef6b66520e61ab
sample-5117.eml,43414,2026-08-06,ae8e991d357ff73a10f9deaf51a451e60e6d878c2fdeca7af5b24012e118f1f5
sample-5195.eml,15440,2026-08-06,f36a3dbbe6b9ebd12d83c3ae5058ab7c64eb2141a835a70a0ab4e7f3d8014a6a
sample-1169.eml,44636,2026-08-06,1a36b2f8987230ed6a0f739cd452b10c7db089a5ef8f72face7c9563ca6ece12
sample-6180.eml,17589,2026-08-06,46c847f9810ececd92d9be9922efeab0f4725a2ca45fe6a1006e95d93ad85266
sample-4437.eml,95953,2026-08-06,abfff8d04b237451e042f7558dd9a0a240e0668f2a2561ec3024a2732255d6f6
sample-5610.eml,32821,2026-08-06,677fa79846126358fcde536061c600e80285cdd35e2b2cc0306c24364519d43f
sample-7092.eml,21643,2026-08-06,6f9ce43506f089ef1a6508dcb369c918c8232ca71caec55d43ffd1af75b973a3
sample-2545.eml,105673,2026-08-06,d7224b5ee4eea908be10c0682e0f8f44d2f36012ea1e771b0fbc00faaa53638d
sample-3091.eml,236157,2026-08-06,af6b9970b483b74d87e4e58d9f76dbf0adf52a2afe06c256688c8bbe9ae72806
sample-8433.eml,32083,2026-08-06,cb1a72eb0d9ba871e322e7593e92d79fafaba26fe6040acca505d6158b41464f
sample-5497.eml,22817,2026-08-06,c3564d154d577a49748dea45b9685716d53aa31eca69cac5d13de4c0fc55c0f9
sample-5702.eml,13209,2026-08-06,cdf6ab744448aa99b8a810df80d07e162c371245cade6152d2bf2a62de121efb
sample-7606.eml,17845,2026-08-06,db7ba6ad7af2a1b72a622e70b5a08f0eef3a4647055128692e14dc4151b51a80
sample-3277.eml,15572,2026-08-06,c626e2d2d6bdcdde7b9258c988c772492d9d7dc23b412a1f4ff01b52854209b4
sample-4898.eml,14443,2026-08-06,77b4346f5f142f088467b909492a1e802efad76e01aa538bb40de0855ac0d8ae
sample-3181.eml,52031,2026-08-06,6b1d43570efcf3d4deb2e66ee047e724751200b105da7fe8d0d7e5e7539a723e
sample-8276.eml,482568,2026-08-06,1b86174b9bccaca4aafe07f7ad5ac0bc0fe941fd0dca62fb886c4a56e72cffa9
sample-3057.eml,25805,2026-08-06,e238e640f6d6e94e59e1497d071b61f4b30054544ad01f007747ee612ebb6ce7
sample-3918.eml,17141,2026-08-06,b99cf2aea162024ee1923e763cf4f65b4b157986b6c8c2310133ab86cc1c9ef6
sample-6271.eml,58979,2026-08-06,ac61ddd0e641de0e0a7c9738a2d4d096a23ff13731706dd37bc43f428bd1e61c
sample-4929.eml,15539,2026-08-06,e12a5bfa5623a801a643fc53d6e889105956b26bc1ff36d30abe1e41770b6c4a
sample-3919.eml,17003,2026-08-06,7943426cc4488e3e17c37c359363c2f464d0c0424d1cba9adc402733940c3347
sample-5720.eml,18588,2026-08-06,c7e6549c6161265a29d3092c5e621dad8e28464bc33acc01aa2acf3666b913af
sample-8399.eml,23338,2026-08-06,8717870cd9eb37c3dfce29afaefc7541a712e7c3e1170c810103ec787440ca7b
sample-5208.eml,12816,2026-08-06,a43cf2458d200bdf7fe20a13797cd445156cc3c0be79ff370db0019a4aa016d3
sample-7603.eml,11118,2026-08-06,6fc4e6f482abd5739075be3bd00d4ebd88e4673c96ea369ffb56d579821fb5d2
sample-3035.eml,24948,2026-08-06,29c1b65592c22b11a4f409568593a105936c9e022484c1f298fc4d99d3cff113
sample-2574.eml,19598,2026-08-06,5f218efc3f486eadfde25ecae1237dabd46ac47d6d460b2734ed0cbbf4320e8e
sample-3479.eml,88673,2026-08-06,90e679444201636b269f222f62da006ad292ff5e41d09b9170c05270d4a22f6a
sample-4567.eml,73447,2026-08-06,69e2cdff123907fa43236544f7f0cccbb8ff08da58462c4047de14a43ca25254
sample-252.eml,17770,2026-08-06,aca29b6942b3e21ee37d7324332d5975d46bd101074f1d963dece52078529dd6
sample-7338.eml,20528,2026-08-06,cba62da3abc5ce3391e85273cbf073b7d1c5d84c700980f43a61f22988604e5a
sample-7248.eml,16937,2026-08-06,d1fa7ee2d36bdf22223aababe625a29d27b2b1c74bccdd022631d5bb69c4f5c4
sample-4849.eml,15023,2026-08-06,b852b3c6fe01ab5b04382b06aa529b2debaf24ee3f2df2928462d896b38a825a
sample-3105.eml,12997,2026-08-06,32db48b084aac1a01c1d8f9a89ba2d93f5c8bcc7d32a5524ee8ecd8edfbd8335
sample-7669.eml,21759,2026-08-06,5f18cf1adbb34a1da8a7a8f5a99db80605f7bbf3302730c54118c5f7df997cc5
sample-6922.eml,21450,2026-08-06,e27099cb325d4576e9922e706239ca9f40c101980f9ae6fbf0b59c346536f039
sample-5070.eml,14286,2026-08-06,16e20214a3914392540a87227a64b0341b19aaaeb1c3f993a7921acd831d7ef0
sample-3970.eml,52779,2026-08-06,919fd951e3b7712be7a9061b8876d46c7db97167b39beffc5e977f59c3d09684
sample-66.eml,21499,2026-08-06,eb8d38f08952276884e8573e1ed4c2b6e9bd8e9b022824fa148870dad564a3ea
sample-1985.eml,18396,2026-08-06,5d047856621cf04275aca87b53156d18bd9e0f8ef9cf8b218092a81d25e8a67f
sample-200.eml,19549,2026-08-06,8ef00d8a609c2f5938bc66b5a93203f5ea1d84b46f1eec9e296e44a6d3b34eff
sample-3907.eml,20903,2026-08-06,c3830920d08999987c397acfd6e1c829c5dd0b84541bff5dd90000aba5631d66
sample-2865.eml,13604,2026-08-06,d8ba5ddd6399a806b00d12065107c50c59a0e0f2feceb4ff90d51d0f7ea86216
sample-3436.eml,19952,2026-08-06,1e7863e153d3c3fee5ddfafa8039120bacce31e43abf2d42f8580a902abef7b6
sample-3657.eml,22057,2026-08-06,0fb1c797e56cdaa1c07e86ce2d58be5cc63dfd61031258a7cf1da14c88192815
sample-2753.eml,16147,2026-08-06,98af9398ec9810b23d87b13855dedb90dd2af78fe284b3a9d3de88a066b00e85
sample-1830.eml,21365,2026-08-06,dd8b812ab7ce89aecac43a20dc56b58f4bfd9544438716f5c528defe17ba93df
sample-6921.eml,18193,2026-08-06,6c2fe2da0f5c6e8283f00513600b667f4dd0f1a143d4838cbbf5a60dffe24dab
sample-4807.eml,51722,2026-08-06,d07665fdaf71660d23ac63ef3acaa5df3bcca6fef2323c9ad0c109a8a8f6d8f4
sample-6270.eml,38059,2026-08-06,c00df1ba0ce816e64bd2eb72692c260159782a87bce3bd2e6063e992c80f908b
sample-5145.eml,17691,2026-08-06,e3d80546e7284e27e03b86fc2d617559d9b48ccc4000e55b5acbd6e7def28e0a
sample-1155.eml,55172,2026-08-06,64eae80e0bf596c411e199eda783e6902aa8c97f61a36cfb708a77ccd6af166c
sample-8030.eml,23943,2026-08-06,8a3e5fe420b5cfedeacbf06c6763fce36ca5df8e565c94e6c073d164b3cbcd75
sample-1279.eml,25600,2026-08-06,1551b0c11c60bc846b1a38e5bbeedbfb299344c415513ec18d2a1cc2cbd838ce
sample-7265.eml,27661,2026-08-06,099f953750aa5227cda04519792e6a8c741105661fddecc19ecaf3a45347e099
sample-1751.eml,50537,2026-08-06,e5055a9cc58a032f69077530178c165aa964886d89448f38dffc7fcb98beeac1
sample-1468.eml,54108,2026-08-06,d5183ca4dbed1e9831191535d8ac35482a13691141683e5455ee38ba5a232277
sample-2269.eml,21438,2026-08-06,320307c2937c5432354c2c17010d4151a726251f48af02bb10d9d9f8765af9b2
sample-1671.eml,20188,2026-08-06,68994934e5b8f138f1d044fbcf4a68dd1c62bd6a7ce717ff8ce0b870cf33d132
sample-1.eml,15967,2026-08-06,35ef116a75e5e46e6859b49b60a23b4ddfe5f91d1368e0fc67a16df698cb96e0
sample-2514.eml,11602,2026-08-06,18c15d89620befd2bd10d890e59f9c4ea75fb32190c0c63dbb69cb9d74833de1
sample-6452.eml,21339,2026-08-06,be80625bfabf8fb2ac12d06d818ebf224c0ca0e7bc68a2f9c73815399e172682
sample-3526.eml,14331,2026-08-06,2551a40be9ed8ac484913da28e9c46d940d98576ac265618a8bafa6f32fccbb9
sample-5743.eml,45711,2026-08-06,bfabbe8b4d96074cae467a8af89c0fd920edb4cffe40b6c5d14cb32b8e6b2918
sample-3274.eml,12067,2026-08-06,b06c35f9de1245f416f93136f35060ccc0dd400d001aab8ae90f33ca46d07950
sample-4224.eml,17927,2026-08-06,0240a206f2313e5b09022b069b69393d907c7c54563677c3d9ceb30c950b3479
sample-4111.eml,19227,2026-08-06,955d997dba2a2dc6c8c8c9b3719e86b5f1836db0809c26b1c7ccad72fbf410bd
sample-7164.eml,15169,2026-08-06,009cbcbde90546865a8892d06e3c43f1a8b6761a1f208819930fb88ef43ae30d
sample-4175.eml,23488,2026-08-06,c1240f81da9014bb5b5ace2c3d0ba0293b11a2814eec74dd055f74380a9a3099
sample-1276.eml,27101,2026-08-06,2ebcf0efb27d416cfce9de9c62030488f2e1888a638c86219c65ce138bc6afd4
sample-799.eml,46326,2026-08-06,fbfea864d6fd492cc33831719d7fd85433ec25adfccd22fb0d3ace6ac20c42be
sample-2536.eml,65482,2026-08-06,a4974f32bf5b6403abf0e55271cdbf8dd8c1950676e1f536a2f1494e3bb82f8a
sample-507.eml,13902,2026-08-06,73535cdab5db791341ea465e993fdca019eb63abecd67acdeba604f31430b077
sample-551.eml,24872,2026-08-06,f850e6ef8abcbffcabd5c780cf618bdb5d08e7809fa9a592bc09f9ebb634c9ec
sample-5815.eml,16704,2026-08-06,16c2f7081d56766d404d933b26ea858ba4f0c05b5249c063b1e1557963cc53ee
sample-7496.eml,24229,2026-08-06,827d1fa45e209f27b5b90808d70a3efc7e35d63d3dfe42434815782c36079ec0
sample-3852.eml,43896,2026-08-06,e3c2e57d8d4ea45def8087eb73aad0bd3740b154f0bc468cffd6b97ce5896bc9
sample-4780.eml,13553,2026-08-06,835075571a4c3d0c3387fb475681d23129ea891e22cc809726cb93b09c97f62e
sample-1058.eml,13022,2026-08-06,9a860de3bc9b6cc8d8c226f10665a2c907f1905c4995139003bfc49433110770
sample-4495.eml,82302,2026-08-06,350f767b3af5e344c88bc36dd1d99df9b1f7bc2f7106776ed95c275a12aa93de
sample-7980.eml,10570,2026-08-06,96823c325f03ae14dccce10ad86dc8d3fc26b0540d65351040c19b9208599dd3
sample-4706.eml,8758,2026-08-06,5cce3587902dbd44d234d34d7d40b254c5b80973e65c87f70afcd2fb325712b6
sample-222.eml,10797,2026-08-06,d270787b60e49a69e72fb0abfc36b7616b8d3d3fe91a04e44f7e72762d6dcd4c
sample-5103.eml,15803,2026-08-06,e5a4e949ba8235382570d055ce64bf67f55e107cd23f153027d476620ee7f55a
sample-6084.eml,22449,2026-08-06,8e07f6eea5fd78cc07c46cb9ca15e06c47865d40103c352febac0b815583378a
sample-8459.eml,26134,2026-08-06,a5d593592482b306ad4c215b9bb596e0ba985730a37735124f5cb8d682ddf270
sample-4002.eml,40225,2026-08-06,54888c55edfbdb527db074e137689d1cbe69e7a65c6fc3ef9970732961947607
sample-7134.eml,32979,2026-08-06,ed78280fc419517b8643c3a7a3a84d83a01fc4fd3bc0834994b149c265388a74
sample-6449.eml,75171,2026-08-06,527d6caf55f71594bcb404f4031c62b9c2ec12eb3ab51b1aaefbf0c27d966914
sample-5309.eml,32238,2026-08-06,dc1b41f656b27a643ee8d1cf56874ab5e465382d8ea731339128e069d67acfdc
sample-1576.eml,25010,2026-08-06,076dbc782d606386ac8e05251ba3f7b168b64804f944e43cfa3d5aece45776be
sample-6852.eml,15169,2026-08-06,607eb0f8b0f9ca13a66b7d3e2c7c020fb432a8a549c28bd382c66931c49b7d27
sample-1656.eml,18142,2026-08-06,859759add4402e484aa4b40bc9de15c34c22d91c40959416a04cd0ea879f782a
sample-3228.eml,17802,2026-08-06,752c46966d6bc080731c5e2881b9caefd1425d4a94d8cd271761d8a63f532fa5
sample-7280.eml,19214,2026-08-06,685c1a9afc0c9283ca0f5095bbafe8c4930fd1fedfaf0fd7311febaf84b1f812
sample-6132.eml,25200,2026-08-06,4a37adc5c5bbc35b76fb54b0441d1c68e11fbcc957f8b0c5f7edb51dfd04b9bd
sample-6170.eml,23708,2026-08-06,26a5d362e6c40434e2641f233675c88940ccc864f81ff5c2434684ba4036f9e8
sample-5826.eml,228225,2026-08-06,020add4e26c1bf13da80293e6bae3f6bb8ea306ebc30ff45197869bcae77204f
sample-866.eml,31922,2026-08-06,babbcaf7b7cee48ecba624d5958d1cdb8bfd79ad0f9e615c17e6dd38aca49e37
sample-4596.eml,16299,2026-08-06,009d14fb92ad3f04fd28ab7d8149e889d79b91c300ffbf0cddcbf04a6c62e628
sample-5853.eml,26772,2026-08-06,0cab87df69a71278907d41b79cb9daa2e6978f55114d89c6d3a8f566a6d45b70
sample-8043.eml,23945,2026-08-06,945f4c56ec4e50be11dec2f3ae13ae6877670430c42c8fae221a1b328f5e3dee
sample-1233.eml,52769,2026-08-06,9ef407bcf5b7db7caf2e7c81a2b310c84c065fac1014c3aa144005847f8b5a89
sample-2307.eml,19587,2026-08-06,294587ae5f6878290a3638fc83fa73f43f168cfa1b760681ec4585a4f3241145
sample-77.eml,166491,2026-08-06,137852a656e2ca9fd9b14f41e7eedb24eb05adbda2dab850bdf432af0f4392e5
sample-3157.eml,17358,2026-08-06,7a3ba2479f038a67998dbaa877cd6ff70c673e9e64077f887e9075203c40fd5b
sample-3633.eml,21335,2026-08-06,3a2040b35bd9f2007b4649602d48f82c6cd9af871c689e9fc2bcef80c5738df6
sample-4346.eml,16470,2026-08-06,cf6559e525ac70e213e190f3af02a13f80724d1a1749c7ecc0f968a4dfa47e93
sample-6243.eml,20047,2026-08-06,d5ddb3ca0d48188dcd8abe2e0bdf87a2f58bea7ddbb1656e6a6e37c0f062ade6
sample-6719.eml,27479,2026-08-06,090d318aef6ce24dda919685c4ea602fc0af5e9e76ee8f4497b2dca0d11e9959
sample-7730.eml,27643,2026-08-06,2bd429d46b53c5b0ae95330a1be55c0cadda01209a5ba2d29a877853f8dab1c5
sample-8273.eml,462624,2026-08-06,28c10beb5803e737978dfe1a05fb67fac5d6f1b00c7516b465b9c4d4bf1c96cf
sample-2911.eml,19693,2026-08-06,d3acbf448d9021b38a05359d903342a294066490d326ad46464c1a2779460b9a
sample-111.eml,19852,2026-08-06,f647847d3309dbccf6a3fec974a13c3d0a191f82fb0d685d16b36ad7d8315e20
sample-7812.eml,32871,2026-08-06,bf745ca59d542b04ada8df416a120359a79c2070b285c541f207cdb8bd791a8d
sample-7418.eml,51029,2026-08-06,7a4eecbb04a23a58e1ff294c9c0ef32908f7fc635c7eb5a6f282621574063c25
sample-2429.eml,25028,2026-08-06,38b6f7d8dda2f22f832ced04488832c116cbe9d6ae5ca5b6a17ec36c9cb74467
sample-11.eml,10709,2026-08-06,37ab499d8801a7724652448a03017299f1dbb38f9403dc0abc6ab7da964591a6
sample-2956.eml,15199,2026-08-06,90dd0bd2f8a4f70e9ed8b16260b7f4f1f4b48e93755525b64635cbd846e393e6
sample-6558.eml,17559,2026-08-06,7a99a631f36c5b7c9204fdb675ad6dd5038bb5d8a0f6669fba55b20258e1c789
sample-1931.eml,19659,2026-08-06,83e926aeaf0e46c45a03fafe91171a046c6bcd13db013bde838c630a0fd2ce54
sample-3553.eml,18344,2026-08-06,3bfdc077039386ea5355df1df915ab825ce412d994a80ffcd63136a75e8ffed8
sample-7491.eml,27500,2026-08-06,012ae00479c769840515407662409f1d443033573c277b59113f43800376da9e
sample-4821.eml,19229,2026-08-06,165ab8d4ad6d5ba72c3827fbe0e4b19806b35261f894c7fbd800e1be2311883c
sample-1125.eml,20412,2026-08-06,be25a7e365641ec41d2162028362df57ceaa79a4928ccffc67bad2087c78c0f6
sample-5445.eml,16827,2026-08-06,bb5272f71112ea7bf75036b9292232a2038b746de98acf11427edd5146d0c613
sample-3396.eml,21289,2026-08-06,5424b389571179306f5098eec820d6fa9ef84532caf2718162f50cbcac6a7e6f
sample-6275.eml,42685,2026-08-06,aadc1a1a81248784cac1fa49f3d01f1a9c85b442fd3ff2885a736465b90c5a23
sample-5396.eml,17914,2026-08-06,8c986390bfeec17901104bd4bb85d94af2d0d10cb1029691d13c296842849e65
sample-6931.eml,20527,2026-08-06,5211abd639de3c72ae9aa0c34499f38ee790a9b6bc144ab52ac3f1c98c916a51
sample-2413.eml,11648,2026-08-06,4875c135337dc29ad04b7f37eb81a2390bb3f5b4426d0e754b96976338522cb4
sample-2661.eml,20870,2026-08-06,db61edd5b6baeb005d9082762293dfa13010bacdc3c3e721e5d31ea4489e9918
sample-3885.eml,27159,2026-08-06,d152f54fa6aa7085ebf85e872a79af8ec84b1ff76d60f0a8070d4f669bff2a22
sample-951.eml,25137,2026-08-06,cd013e9fbdd54ce322ef78f598e19ea7f1f0c4d80f9b634c220f8e52452908a6
sample-4195.eml,15480,2026-08-06,686dd8fdca09d6f0f1b46116fd0506b418b1a476e3efc1950670a6de6913d4c7
sample-1097.eml,24776,2026-08-06,98e00c4fea9cb5032bc7e0e2a7c2c1b02c7a6b350379dcfd4c38c0930b8d453e
sample-795.eml,25206,2026-08-06,0c75ed7d3cfdd66bb617e4433b4f1b06aa95d1e75b4c6d813e5ba706c0ecbbd3
sample-8033.eml,21629,2026-08-06,a75e76a0359186c0be6f10931a8e11994b8bcb8b7800081c7433dc09b33313da
sample-6136.eml,12155,2026-08-06,7d486080b703eae5aea4962168f00d3d7dd1d048739d1ea31866493c0aacd971
sample-5510.eml,14826,2026-08-06,313ca56d3a5b17e6eefe973558c03d4cb4fe166f2b7beac83cbb646f41086188
sample-4199.eml,14242,2026-08-06,d242f09a10ff349097c9569a772d47cdeccc2cc4dacff2f15f3a7ca7f0ee718b
sample-6739.eml,19672,2026-08-06,31e3b7afce75fb40532f72c89ecfe72e10ed1bb4c25ea7de15131a0f19fdf4b5
sample-6028.eml,22753,2026-08-06,0bcac29ca97e06b7604ad8c589834a6b2e290b650e4638c7324b839c3fce65b3
sample-7611.eml,23293,2026-08-06,9b344695f8092ef55643200f579aa688490610995bd1112e7ff9dc0ce0eefaa5
sample-3302.eml,26960,2026-08-06,774793c8d557ff73d3ed96bdd5bd5a8bdad7388c94138a7abfb3814ee8f7830d
sample-4392.eml,11733,2026-08-06,bcb6c71ac9b318c896eac5f55022175d401840939f0f31d1bc205340c24096bf
sample-8318.eml,471981,2026-08-06,33febff59d4b1af65de822c62b47f80f92bcc11ffebd33e21a32cd53677682b8
sample-8558.eml,11832,2026-08-06,3edfc7834830f0c2d73199e5d2d67fe646a1310fd28437ee4610c11190777ab9
sample-6229.eml,31921,2026-08-06,f80a5eabc945c4c43d2035680630778f73d1e69479da17ba514682dcdf1f3acf
sample-5057.eml,26442,2026-08-06,32b56769b2d068caeb96a261f0373e856f6de6c068d88d523c929efbd19dcf64
sample-8436.eml,18670,2026-08-06,06e083993c70045f4f0b9c0d21cdc6a067e9f86087a509ffcdd3e51eab508668
sample-8194.eml,468552,2026-08-06,f90c96d589bc2117e4ecd1bea291daacaac77c4f7e071855256eee0250be1708
sample-1871.eml,105229,2026-08-06,f27256fef0a7682e217fb24190afad56bdebf738a7fff76f1d4bac4a1630e3a1
sample-1515.eml,41177,2026-08-06,bd82a90973d794b924f6cd061196aea7bb8f19591e753c4eb2cf872ffcabcc96
sample-1551.eml,20734,2026-08-06,6c900e7c25d3c8dbc634c5f5866b4880e2c66b4c9ee51d350e0e931c372d7e08
sample-7353.eml,15926,2026-08-06,1c2ca307405d1d4a2ae59fa92b666de3ad945c965daee7ff17f61c93c249e4fd
sample-3612.eml,12726,2026-08-06,b8083e6d7f11d4c4913c3510821cd07e8f00668fdd9583f56bcb087911012dd6
sample-7744.eml,41419,2026-08-06,1ad9efb66484f5c38e0ec2bd99702008883eeed3f94f0f74cd0dd8b91cd6e6f6
sample-2419.eml,11795,2026-08-06,6b30af03dc51eaa92f61916de1ecd7b7c3cb6086fe193a7d47273babe73b437f
sample-8541.eml,15308,2026-08-06,d4f1803032faacff4cadc93ec48a159ded7db5d211e5b83f81072a94ab919fff
sample-412.eml,20638,2026-08-06,f14baa66aafb964553deb50d2b618ecbbde642fa31c0fedd518971a0cdd21e93
sample-8443.eml,16963,2026-08-06,261b4df2397c9102a044a4130945fa3e9d7b4a853d0d89b8ba5465869bb6abe9
sample-4073.eml,28603,2026-08-06,f8621f46ed59d5d5ff3e01b3b00520571288805b314474d2d15764548165d3d0
sample-8490.eml,20169,2026-08-06,b6553f65b8ffdebc4228a5a5a517cfc86879c4589194a596f55ed964910ef1e0
sample-7857.eml,20262,2026-08-06,588b8058fab2be7497b895b8d1804fa191105e580b2a4848dae85e3a2b32f4a3
sample-3473.eml,22076,2026-08-06,2d8658addbbcb68d01ab07dccfd3b5bd0668c0b492c55534401e2c1bd0b58968
sample-4027.eml,36951,2026-08-06,5a431ceaa82e1275b14273226d61de793538a81c38f379b99678113d3c83a54f
sample-4681.eml,20728,2026-08-06,4dd54980a09914597f3770598b597bc774b098962d5481b7db028ac2e0ff7e97
sample-7899.eml,19372,2026-08-06,1678bff4320e021709b79f5410c3b50a49b32d5ab2a1223c2cd1bdf295937335
sample-3237.eml,44962,2026-08-06,4e46c0094802b37342e00c1a42282ee61848fe8d6a4673c9cf11d99349912d91
sample-5578.eml,21177,2026-08-06,9ef2c889acf05a601f07de9e631d82aafa957ba986fdef2d182986e756aae832
sample-3447.eml,80907,2026-08-06,7dba987d3bdd5115bbe78947bea9d8511af86316176ff18fd1507cc4e22fbebe
sample-8615.eml,467472,2026-08-06,a4129fa5c580da02ca75dd46aad611b48d63921e72074acdfc8a64f0a6fcca60
sample-3685.eml,11927,2026-08-06,c2d686ccbcd19124988b73ce5128424bb0f7aa28c54d12e2be8f075ba8348884
sample-8464.eml,14433,2026-08-06,6ea8e17af28740a36ec2946451d742c39f9089b858fa0c52e3c242f5504285ac
sample-726.eml,1583445,2026-08-06,be0ae4bc8fc527231ed5978b2e04e038d61d55cd4bab1320e0bd0c8724008ba5
sample-504.eml,27369,2026-08-06,38782438691862f9bb01d30fc7c26858016655bf8b58acbee3ee1c2a99591749
sample-8432.eml,16246,2026-08-06,45a0a81e4fb1f2173c0a4bfb0060aafd40bbd0729bae58808c8991b4ee0b4d49
sample-8526.eml,20524,2026-08-06,2783d5bdfcbf005d76fe59a5c14abfa567128cff1ffa8c9607f109c1099393a6
sample-4231.eml,11587,2026-08-06,66eceaad6f46f4e22f8e236b78f540510e83a7270da88a27b9730b4954a508e6
sample-3673.eml,11521,2026-08-06,dcb24b8bf40fbcb9a7ab31df2cd34bf291f074d9dec8540887a77c469a9dbc21
sample-8062.eml,54106,2026-08-06,ae9ec0a91123f79cb1f05a380589f1cdbec62a273671631d309eaa8d8029ba16
sample-5266.eml,15926,2026-08-06,abc2d8b25cede2532ef87d2ed57fa230f6dd72ad02930a3a71b48f86b4a20555
sample-2168.eml,20223,2026-08-06,5da4fb4a063e6a3b7a8aa755c33b7c7b014f8458edf44759a0caca8d0e232312
sample-4169.eml,18644,2026-08-06,d439fd9429fe7d2b4310195e5dadad3d86209374b22c786b3c0d0b14403db675
sample-362.eml,39977,2026-08-06,d83a1cce3999a0da0220cb6744766a5ae0e2b9ea0124c6d7255e2a1e41ffbe9b
sample-8594.eml,474039,2026-08-06,6712ea96eb8f8d69e2b579a88d4e1d38a83e207932be7d0b8a67f2d3bff05974
sample-2397.eml,25451,2026-08-06,03e0ec29d1fc57975131392c6344f17b7731fe92425d73c8bce54239d3932969
sample-2368.eml,43408,2026-08-06,97dce9916aecdc892be5877bc83c970552f05e031b4a08945971725919d91f51
sample-714.eml,19040,2026-08-06,8ec16b6ee3615bd8e2b2dce5d4c6e2d8c71c78d5d0dfdbb0cb3c725ac0522a65
sample-7741.eml,30253,2026-08-06,04900a97cbec6da10313fefe98ee32ad2658d02958ff46c666bc0d8e4bd0550d
sample-7395.eml,20015,2026-08-06,cc2ea76d17ba55e289c963d30290446f2fe45821868628f3a1966943cba03dfc
sample-420.eml,17811,2026-08-06,d74cf1a58022113d824cafd25c55f92a7674e35c7236e6fe390336e4c487aadb
sample-6064.eml,26046,2026-08-06,542d2a7316dfbb24c4f4842660bc0b0a18a48835a71285e85075dea99a87957d
sample-4880.eml,25548,2026-08-06,f75a7ad35a35aa4750decccb9f6e36d253c6bb3901dc5c83b37ebf3a588eca33
sample-1518.eml,25419,2026-08-06,e2b6f6444e82a73e666132c6ca950c49a203d5bf69ba84d9aa97da50544eb100
sample-7435.eml,21944,2026-08-06,3606bf5a0084661dd8cdb1618baed3bd41da0ab72e242d3ca4ebc1b21b929eb6
sample-818.eml,126937,2026-08-06,51337e22efefdb0f11c9866233b1cb7195970a8766e2da611087f5e6d37f4026
sample-1915.eml,25075,2026-08-06,5478563edca434354ca31d1389429e0e03f5be1d2481eb33d1032bba8bbfa13e
sample-8161.eml,23239,2026-08-06,efb8987fc1661b53d8fb029c386c7f5b9fec4e399a64edc50a3ae417d6431022
sample-3693.eml,28697,2026-08-06,2dc9c5438dd700ed0edbb599227c833db76535ee4eef67fd2483388b7d087dfc
sample-4090.eml,14538,2026-08-06,e267eff41351223d77a3e90acb85832a4ac0a9f15143a61906e3086e91feda61
sample-6869.eml,20254,2026-08-06,7f2f878c81c53db39d8f50fe31a75fcb9fdac1627941d81922bf8d839d9058f0
sample-4796.eml,18363,2026-08-06,1f636aafee25cd0522443eb4e1a5ea676385132d92a283f51bdc67c58520cc76
sample-2415.eml,105352,2026-08-06,72d8c56514142f45ecd6632e7dc5d6eb1fb29273cba8d8f1d7ab8297fa1496e0
sample-6216.eml,25653,2026-08-06,44f384114c905ddafea976b5045800d0cbe441e5861f42f429991d998e2f17c2
sample-2256.eml,12454,2026-08-06,996ca286133069cbda141a5ce81d9fcd689c29e2bbfbf3009fbbc00f6b7e8873
sample-6153.eml,22630,2026-08-06,f393a58b906dfd299d1584a141d628ca72a16d0f72d3b503ed98b1906276f170
sample-6507.eml,18966,2026-08-06,75167ba1b32406d5db9a2d8dd20b5c0ec0fd2a071176487b696865166a7ae1bb
sample-3827.eml,15093,2026-08-06,498da984d8b8b66ff2fe52fda0c5162035b85078c081d1ce216f55f4e68b9d17
sample-2807.eml,12009,2026-08-06,53a47457f29af8e0743902425d6972f3e66711403d63b42bd95baf82d65fa13b
sample-4013.eml,28832,2026-08-06,d24f0fd8c2a11b8642527ae2715df9d8c2b7c42afd3ab31687aab12380ae50c0
sample-649.eml,20057,2026-08-06,0a156aff59e62695404779c0f50e41685e28723027fb8681d6e5f38b9c326372
sample-8059.eml,13401,2026-08-06,beab993b44d3850dde62892a9a70cd529ac4c34515c25106795159d92d3d71a2
sample-3579.eml,12742,2026-08-06,dad21acda6ff80164c1d951980d13b17d346e799bc89821dfb989d6b987df816
sample-145.eml,8513,2026-08-06,32453827d44c2870c69356a2c84fc530d03fbdaf179fd04aeff286466bb4fa3a
sample-5233.eml,14882,2026-08-06,c5369f420d7b9f96391abb90b3dab27f87f3761715da7e72c4bcd5821f9e4f81
sample-4493.eml,16841,2026-08-06,64c7489319994fd74b96a792900e65fecc075db849fab281728067631f53fd2f
sample-4006.eml,15179,2026-08-06,e9e11ea71fce84967e4f2bb6969bd2b695f1f8175414882e902670b116d24b07
sample-2129.eml,9453,2026-08-06,7bc14c9886039a9c1fe6e00b7559962726670ed8c118394734c6ea0c9d12e169
sample-2411.eml,52082,2026-08-06,fbf3dca4f8e05c6ebdd85fec8fe8721f5e1c632407f054a7b9ff72ec5fa1ff9e
sample-466.eml,24105,2026-08-06,f95a59e62fc6b9381bd51c60199fe9269912fca40d49be20ca6623a3637628f7
sample-3973.eml,14607,2026-08-06,165ff32e87567380e426a81aa3444c9ca566c892183c6e5974839344005392f9
sample-2405.eml,14751,2026-08-06,a639c0ba9be9874c24b12246121879780f6c1734793a05a93b2cc818b9076161
sample-7261.eml,12013,2026-08-06,3fa2090d679d9eef102ec1c1f168039ab34c317ab79e5cbafdaa981811dc27ad
sample-4099.eml,12904,2026-08-06,7ad537710b33107c2de3fb861a47894a75e8a3a2d809d3176dbfca0ef720a2af
sample-8362.eml,17134,2026-08-06,8c2648e348425ffa4e980d7f85e60437da8132c029da6a0313e246807d5eb8ea
sample-5469.eml,9419,2026-08-06,efb5307e8bfa3e49182120d8438010b07f9c8d3f44f6ea83e1a4c46a9af2af95
sample-2491.eml,25373,2026-08-06,4583282cefb8f7fa6ef643c75628f2084e904d3a11676740acf52c26a2c05207
sample-6266.eml,20550,2026-08-06,8ef8111b388b993cf39a6522759dc88c8ca8aa36a25395fbe8901a811e029b46
sample-6753.eml,20854,2026-08-06,573144f60900ffd3ec924814385d6931893eb7698e0ca922a51dfef1c7733c0b
sample-3164.eml,14239,2026-08-06,aa1dae37b102a9184dc5807aabf13a1c2b4d27d6775ac3cc9a2ea488fc251d47
sample-331.eml,46416,2026-08-06,ff9c20d4fa61f246beb2f858ee1e68a3071cda25587bd5df6045acc766897663
sample-3843.eml,27477,2026-08-06,2b4e8cf50b4676235d8d403ec793bfb4f2daae07a211ea571e955b722b74202f
sample-4476.eml,15713,2026-08-06,6b08610192f72b47432da69de7adbf6a182ad55c5446d9022680f1f8b912583a
sample-8570.eml,481690,2026-08-06,99ac5f6d480e2f6047f1a04c1e103c67ee2a19b564cfe76702e84e74b04d0d57
sample-5241.eml,17379,2026-08-06,fdf93b546cb4c542105f45838f4b2d9541d60bd00d951408d50aa4f5ebe5c316
sample-8148.eml,15235,2026-08-06,1d322cf9f2d25358b718b9df4a3b3da1063a393607bb985a30713e3400942c2a
sample-1641.eml,30105,2026-08-06,953a4563fc7ec2b577e432475d1203b17ba9f781b9c3702b505b6c56c878e191
sample-6006.eml,17139,2026-08-06,9a17808cb4ac1c11b4f99781f79f36f2761e722ea64d38736c36fa326a834c6e
sample-4204.eml,11090,2026-08-06,290fe4c66406f83b978568a969116ce604f5f1f0772d08af1e57fd0806caab4a
sample-8501.eml,22903,2026-08-06,f81376646d27c1756bdab6d0b832b83299b9f8476a316b14fb034229f1b5b539
sample-780.eml,269412,2026-08-06,c9cd3c45b218d6495070269c49ec031c949fdc8e34fba34ce30692ac1fe8b376
sample-4630.eml,131508,2026-08-06,a7ac5efe75567fc0da9ca95c8771e50403b9ec0563ca00aa48e661910b0fb4e9
sample-7339.eml,28377,2026-08-06,0e3f7a7a2c3d145429c248609733912309c99fb87aa35609579af15c14e633c3
sample-8487.eml,32618,2026-08-06,2319f7df3a0c95eaacf227291c0d4d97cdab6dafe736ccac6542d0d559ed6302
sample-3463.eml,9830,2026-08-06,4b13cc530841d0599319e2ca8733b8f8770af0da40ab35b06c38e46289699e49
sample-1255.eml,8797,2026-08-06,07fe0ba2ce51a2f35626bb2ec8b64249094c32020b72d31f81dc23c0b9670da3
sample-2858.eml,20187,2026-08-06,6981802e3964c72a145a03d75f356bf36ca072f0d0ef2949fde09a94a536013d
sample-6110.eml,19465,2026-08-06,b6ff33379ae9cf4d6b7132ba70f3ed53911d4ac82c011972d0398df0376fdf59
sample-4197.eml,15729,2026-08-06,2864c24c9b75116f82b3b5668c325d07d224d7867f529c45d10e09fd7a80ec51
sample-2668.eml,25453,2026-08-06,410ca28a886c84c375bd3979e958e23428d791bc0b5cbc31c4ef99c972f60b91
sample-1060.eml,11749,2026-08-06,36bfed5ae76235a260943e6a6bdfcdbc2bab46074da7ac01b74c8ba3b4910223
sample-4409.eml,17247,2026-08-06,9f507f928d4eba488f0249ce8635957a7a5ad0e41b53a60ac379f814a708f82d
sample-879.eml,18785,2026-08-06,0e1bf46d2d5aad19a38a25d6f6826b1c2314f37712c67c0f016d952f6fbbea1a
sample-8469.eml,26897,2026-08-06,9384ae23d79d4ff5346cad860e63fa725fa7fb243e242045ace2f43ab614ebb6
sample-3484.eml,13986,2026-08-06,92a01e84edca3a1768503628a715f6e92a11fa0651110c31c43186ac986965f0
sample-3680.eml,19508,2026-08-06,a9ad02871ff26ea97fe8528325a06c5bf307eee14d51e3ddf2ab854884a7cad8
sample-1586.eml,14471,2026-08-06,d61d913b0fa7e25adabf772631405ff04b71e450e832454cf8412c36ce247c3c
sample-1627.eml,17482,2026-08-06,501c672715281f69aec7a9b19f2c5afb45decf7efc8141d01006bfa03bfc31f8
sample-1824.eml,18141,2026-08-06,0d7688d4585deee56bb302caf93c1502543bc2230cf0ed59c1283f0c3bd092d5
sample-1260.eml,15249,2026-08-06,1a535787f4f0c1f2da5532264fdcc1f267acae63839b8d434a5e988daa4993da
sample-208.eml,13510,2026-08-06,96af5beab4a1ba4f812625e36da425ebf154a656eea26cbf4b30ce7302560dc8
sample-5452.eml,14316,2026-08-06,81f3886e546b4d4471cb2baad22cec584d877b3dfac9829f39a74b1f6af1f274
sample-5722.eml,39584,2026-08-06,f69b05bac8a9b72a00b16fd703d5f508d4517ff4c6560918c35904fdc1b48d1a
sample-2842.eml,19362,2026-08-06,ebcb7f3323d691f907e74cc7aa094828af69aa3800d81eb370ce23ed5ef290b6
sample-6283.eml,18034,2026-08-06,314118a1737b80cb073c77ccd6bcd69d240c69f5398aa307692518d229789235
sample-8379.eml,473119,2026-08-06,b6b9418eab2efe796e324b9d99df27d3b5ab8947c1be69ad269726491ff280d3
sample-5297.eml,18670,2026-08-06,3e872cc806c0ccf92e51e107983629f80763dfd45adec08967185f60c80a9935
sample-403.eml,683654,2026-08-06,5fdf1409ba05c9841497573aab4860064d1dc584eb0b2eb41c69fc7121585fe2
sample-7526.eml,20740,2026-08-06,327fe09730e27a35325d3563b4ea74db82350abd15f14237cc3ebd80ab31b74c
sample-1987.eml,19069,2026-08-06,32a35be1ee3737dc28e667487b832c4fc2ac70c41717ac6e3ba36ecc251a622c
sample-6908.eml,18831,2026-08-06,4f188fd3b8d2cbfc7237309dc802adf4add6c9fa0bbec6c36c6c3c50bf540336
sample-4134.eml,10856,2026-08-06,b097616033e451ef1bcdb931406b4f35025808e156d6d1bfdf67838432c13913
sample-6861.eml,18694,2026-08-06,6703130a09790283624b0214000e17dbdb9805a0b896eec8b9df36e89b7cd570
sample-3345.eml,23634,2026-08-06,2a283e2c411985c140010da217d7c5550e17da693fe8e962a9610e677ffa485d
sample-8106.eml,15157,2026-08-06,0956eeaa144a47168cfef7899fbb8d4e36d8599ea70b3169822a83904378c2a1
sample-7403.eml,18609,2026-08-06,2732edce4f73f63e8ed1dbc5f0898161b4d5d0306a57afe6c6ced8c920e40e38
sample-6066.eml,25352,2026-08-06,e0cb87d36e524079c8dd544ebc7110feea5a95f05275399e7439e6c6fd8a1d35
sample-3805.eml,14307,2026-08-06,1b6dbf3116818b6ac3dc9be580b64346518185ba6f0fc7eb5d082025b0722991
sample-7080.eml,26985,2026-08-06,6400bedd3aee60fefa4063a37406d6b8fa5421cd6ddcab70385aeaaea3370281
sample-4225.eml,71470,2026-08-06,54ea0f5e5f3b5e85699a8af95c170e0b7913e3b30ab96d4326b1143eca80cbf6
sample-5028.eml,15133,2026-08-06,f015a9493c91c686759a606e531f44bc8080a3ebf742fa7b9fb0d913e122723f
sample-6650.eml,18896,2026-08-06,67ac2af589b97cb3f1cc9d1bade23e9bb75997d67c22ce1236d76e4beda06f5d
sample-7241.eml,36337,2026-08-06,cd884a3fae59a8fb3f25d5d08b59d896a0cc66bd871ed60e1bababd7dc57f674
sample-249.eml,17473,2026-08-06,b83bca059bbf8ddb41d4a9621c41b6153bda828fdd61892d3f1c3f9a0a775a5b
sample-1493.eml,16135,2026-08-06,0605338f425a94d50732b89d2f844d07956ec301a77ffb7507c75736d7554537
sample-8219.eml,469851,2026-08-06,8696fa5a3f58273162b6e1c65abdc3fe5fe2b7f054776c29bed731f47e83996d
sample-215.eml,10225,2026-08-06,e681226a6335334fb1d76a5c17a77bc3b7c4dce183bdc5f7bfe3d285fe037376
sample-5531.eml,29802,2026-08-06,5672357f2324b6eef19eae80f5ff59dabee05675e146cfd4f8260c68a2a13067
sample-1443.eml,14607,2026-08-06,a912d8eec4df9fe06c63ca7e836784de63e2424f8ac8c2d0b3d406eab0c5d7fa
sample-4643.eml,16556,2026-08-06,d570631cdff152462aed6e4ca16844bd3116323039a929a7a1663cd4f3a7e0b8
sample-169.eml,16676,2026-08-06,38bd33da79e617a61173d48ed3c775c69af8943799833336876f84b4bbd3684f
sample-8521.eml,15199,2026-08-06,3be376823be1a53ca1d2bd38d15fa52720aa16b2f6df08a37746b98619821c13
sample-921.eml,129908,2026-08-06,b784e79054f12237205b21a384afdadda3927953016b25a68504667fe0453ce8
sample-479.eml,26379,2026-08-06,865b4849102919636f67e8362d0a348afd2e1867d63c812b044f560e41d94914
sample-7842.eml,19266,2026-08-06,bcb6ad7312cf49869b60f4379e38b220aace68925d60fcb99dec1c7e017be29d
sample-6022.eml,39701,2026-08-06,a1f50ab6033c9a3fb1744134f3fa6af04de274c571f346928c0e99cb6cca1acc
sample-2192.eml,9572,2026-08-06,f56972b1c0ed3e794f076c4100978b18da59a91dd26eda8db91facb6898bdcb5
sample-2840.eml,77124,2026-08-06,1bef220af131e33c65e7c6713cf1eea6616d0fbbee07ef19dcc2610bf36a137f
sample-3281.eml,11137,2026-08-06,756314e3e502180da8803a3e6bb759a9abc92c1ca625a0bb346afbd769edeee3
sample-655.eml,19905,2026-08-06,349065a83718c7c3ed8fbc253966d28913e8a3aa1eeb1b623b84bec87380c3b9
sample-3518.eml,72182,2026-08-06,facc260e8170a4d272a4301a869b150c6642cb6cf3c97399208580b230dccd0d
sample-5019.eml,15868,2026-08-06,71747b693230cb117dd345386eb4846d9fce0d9707582c47b24f05fa5e872501
sample-3638.eml,23282,2026-08-06,e4eac2016fd7665f89fad03ba3f56f4066efedd41ca00168181c18604a6e477d
sample-79.eml,15514,2026-08-06,fb587fb5021e15810c75d11da75d5e6402d709eb0e4118f56531719990dc2478
sample-4250.eml,39698,2026-08-06,64283a77e851b33731052c8f73f44a5ea2fba450533d8ac6a1acfddfb00ac80d
sample-2667.eml,25157,2026-08-06,6b346abc01e16e91ecbb68b57c9def0329ccede63eda70c262ff40a120f4e460
sample-999.eml,8912,2026-08-06,6ce4355e935628dcb8e8926b0384dccd54249d60e6cf1a41427319d321794b61
sample-4963.eml,27000,2026-08-06,64294f50e9fabaaa3e71c70e86dacb9a3b7aee05b2d30b2e1c452aa8e1bb4c74
sample-2445.eml,12028,2026-08-06,1876309b9a2138e46d03aebcca1b0fbe115b161a24384e5d5d7c8a6f293fbd9e
sample-2092.eml,105360,2026-08-06,d26df2a0986c2ecc7ca028c1fe4ae10ece753df015bf89c41b2b344ac827cf82
sample-4798.eml,12826,2026-08-06,a518f6ab62d6097b145919c9a7988581c7f746afdbb11722f469600767e763bd
sample-6042.eml,40482,2026-08-06,adec58a87cc08f4c1a9007712559a3f080f15657f0b004f5a2e174bd0f5773e3
sample-6203.eml,32261,2026-08-06,5979e54e656adcc968edbb0e7dcede29bf095a1e50a755707d05a0665db2cd11
sample-6302.eml,19195,2026-08-06,69bc548e02cb1084c00722c822d4331d3d897270241fa6cd9938c7b7379a1dc0
sample-6930.eml,141808,2026-08-06,182b062ba281e2ae9bd8718b30ec27f3246fe817a7778c5b86e2ceecd5775c5e
sample-6182.eml,22858,2026-08-06,aba24bdf90b037231272af85b36a8452b3f13072c93963714cce3bab8018e90d
sample-2570.eml,23750,2026-08-06,5cc9715ff60643251df4ce932000c7cb70e18d01d5c18358351f0aa7c1725f13
sample-7163.eml,17461,2026-08-06,22103435db4f77ddc2e78241abf4b76a7a53e4ea6bb6b2a8467893eb7713db0f
sample-639.eml,19814,2026-08-06,082486ea4f1c1075ee999fdaaa9de3f5fa6d8544e357f111c4dfcdf9cf6be1b4
sample-8572.eml,15867,2026-08-06,d698cd71fac286bb090644b509b17daa8a2a847b2cd8d43b97996bdb857405fb
sample-5616.eml,16552,2026-08-06,96e5b344bba3ff5baae7186c1cb93658176478592cb269425f02f66dae7cbe35
sample-4889.eml,15082,2026-08-06,1af5d5b72824971be0f14255461556d4ad087fbbc2fe5de02f138a143278a8a2
sample-219.eml,10799,2026-08-06,39367044f749527d9515e9395d73b63a04fe13fc1ee144820023c08d30cfb165
sample-3040.eml,36695,2026-08-06,5c087d1e0350d7e3da604852132e20007f8d660be46f981e8bcc2ea2bd7a9e18
sample-3387.eml,97403,2026-08-06,89073ced399dd3fedff210b9afb24b151f9908f8dc127de2a28327208fd7d3b2
sample-3465.eml,89005,2026-08-06,218f8736935e754be1a54e942fb098baa73adb3c841fdc943e50f82d2edbccd9
sample-4410.eml,23742,2026-08-06,d955c61d8a6acb4c0f47e7978c2a57bdc315ec47c719a01faf5fd71ecf8225d5
sample-8377.eml,15042,2026-08-06,44c05eee1c940de03858ce06600dea74fc6e557672d7cf1d958e4198add07ad0
sample-4956.eml,9449,2026-08-06,d3b2a0e73e3c3d8f6b97e3d78fdbe440ecaa9472a494f3786be8107c2f8eed13
sample-5661.eml,25486,2026-08-06,2d4dc281e8a81d3f9a770792801b880b3ede1ab770049a975bc47954d3991d0f
sample-4773.eml,41210,2026-08-06,3a37a74b0aca31afc51d1fc8206cecf03d67c0c030f3445b2f358fc7bc7f361e
sample-849.eml,321336,2026-08-06,dddab9a2ea4c5fca38e8b8e7d427534fce93c07d279d2452f728756839f12965
sample-3406.eml,83392,2026-08-06,9067ef3510cd294aa864fc4ebc10e9e5f8683da93eac7037184d75943bf4a423
sample-2315.eml,11113,2026-08-06,512918a22657248c3ff8a284b6b69d9297360c902614010564d60cc60c203b70
sample-4637.eml,32465,2026-08-06,967e0dd8b00ed51df4a2bc368dad88f338c5a1cab68e7533357b20e31d73b391
sample-928.eml,20513,2026-08-06,325987d94e35c1657f521a2c831edb275141c21cfefc466dcdf24529363a9895
sample-456.eml,19713,2026-08-06,44051fa6ccd42e726facf4ae3f649be807983c61ee075d74423c0bca7458adb4
sample-5534.eml,12050,2026-08-06,c56785a0e433bc094a2a40fc300186dc3bc5fae5e2a868ade19cfdd88d7679a6
sample-2957.eml,15232,2026-08-06,a22a08a6edf6ce1d3f6651a28476fbb8f4109289f397289b36b375bce59fe687
sample-4614.eml,16337,2026-08-06,0a9314f555bfe5fa8247613db57616ea8ced2cc405f3ced29efcb4f6431b4bb7
sample-3706.eml,26195,2026-08-06,80a73216c10b9350386801125442cf818c2a794c3f15844ccbcc0b8eb549d35c
sample-3838.eml,12768,2026-08-06,27c77543fa80c97f30ca692ead45218e4abd17daaa867a5546596ba2e5a953fb
sample-6439.eml,68381,2026-08-06,2712cbc3d0b1750fc42250232c1ef8177ab178e8621c0e1c51cc55ee82b694dc
sample-8396.eml,15261,2026-08-06,da70366f70f65049cb5dd191b87fbdfedb965ddf05bb96317a9e1ca4f1466a3d
sample-7956.eml,26298,2026-08-06,34ed358be7d61ca82d8b39251a3014a2ed525bb0a30746f5d35c1cda80aa7100
sample-7427.eml,17052,2026-08-06,72fdb5ae4f35159c07c9d12d0af95323b695493e6662b3f03015a0664b72db16
sample-1606.eml,25188,2026-08-06,e2291995f889d8621560b012ea4d355885a2ed3eabba3897fa3b761ba15f80fc
sample-5718.eml,42781,2026-08-06,113a5e2cc05858910be2e43248b445b2ad9d11d859baf55017f761a004e04059
sample-1117.eml,188460,2026-08-06,9b4dd0a4fb245461e888ed4c01984323f612578d4fa526b124b8909f6d5a1d81
sample-8385.eml,478383,2026-08-06,8ede1d64132fa703e4ca8b07d616b79920c8e417a0291d78e186cb71cd48949a
sample-2241.eml,22002,2026-08-06,dd0a1a5006b50b5396205d7fa575e773d8e4d49e7e6a17effbb71e02aeeb7b67
sample-711.eml,9529,2026-08-06,febd27cbae73e3c4162f0c1345857f3994bf157280b8a2700cc041c0343b5507
sample-5556.eml,27093,2026-08-06,41cebd27ec4771125295fca2163dd7f01de49aa10c577d4a65625dabef3e176d
sample-5549.eml,16313,2026-08-06,1e17abc37ef5d2b8a5dccc9a9613db2f65a5a92d218ce13abc426792dfd2c0e6
sample-5675.eml,15697,2026-08-06,d53cc9eba16e340729b26cfb581bc2bb257e1e6399f798c61581cbc8334a2467
sample-82.eml,90702,2026-08-06,cfb1d76c107a7789cb0168a1e5a8c6efd27116fb7b5ddc84fe8e83e5d75a9859
sample-7692.eml,20788,2026-08-06,5a7866443ab2c41479aafaca3ca3be753015b9377b03ecd67b2d1a8f68f7c9b6
sample-6871.eml,20488,2026-08-06,be86ca3fe44f765c6d2efb15b89501f008650882542ad99b9139f054e8acc7bd
sample-1689.eml,18506,2026-08-06,cda57f6d4f449a7d20382561cde6ce9af2121aae2e7ea98dd7856330512e82ce
sample-4026.eml,28884,2026-08-06,9362225f69e9b2a58dcffeec87ad83116ff3ee909d90717b185dd4aeaaa48607
sample-6310.eml,55820,2026-08-06,1085726dd1435d7afb36f42effe0d93f43217065e580750dd6ce287fc51c5655
sample-8394.eml,15025,2026-08-06,96355f8df6204d4ce6c757aeb171d36b75483b441bd2f7871f7c80f568ad61da
sample-4084.eml,18502,2026-08-06,c4a4cacbfc6e2f8b9413b062dc5f20893862f483abb063d5c0512e7cbeaf36e0
sample-7719.eml,21345,2026-08-06,c99cc4626281e7b9f91d8c477cfbac52b2ac513b6fd0bafe4a1b91cae0e87477
sample-5355.eml,23685,2026-08-06,b06aab85cb3cc074b10ca84b43e3147de36c183316154e441fe0280b6ffde50f
sample-4211.eml,14248,2026-08-06,a275b9b62084268d5327d3edde194dc9f32564360c2d6e4f442757ba3c5e10d8
sample-3495.eml,12329,2026-08-06,59f294297d651b342b0ea2b0842c1c65584d188a34923db37420bad06b4dd16e
sample-7217.eml,16262,2026-08-06,969cda110ad2e772ce609833cfd7badc2ab049cfba7d7feb01732805e0aa9bff
sample-135.eml,19148,2026-08-06,478a09ba3f4e000c0b7582365f215bcc9e3636ac37d36e9301b376d20a6babc6
sample-7828.eml,21053,2026-08-06,48942d0587aac6e640e949e241938d4106e97d3ad8804fa399acd0d0bdf2f72a
sample-6708.eml,41434,2026-08-06,6a807bfb81866c4452b1919866c5e684f1b4a5fe1ddfa9acf01664fdb16e2c54
sample-3923.eml,40304,2026-08-06,2a72de736a19f6c0a809abc94c4638d8dc7c66f0371139901d4f4e7376c480f5
sample-2234.eml,104910,2026-08-06,b3998958bf615ea4429d21795d149a1081011d51f68fc20f84f295cc860ac1ab
sample-485.eml,15006,2026-08-06,749e9989860db7f7ee7e0767768b32aea3a0db1c4e947fa84d66994de494ad02
sample-5528.eml,21043,2026-08-06,5fbb58d483b061641929fb7aedf1022b7dab3101c96b99a426a03da519c230d3
sample-1807.eml,37026,2026-08-06,bc8ccb6241432d29d3b55ac17282e54a8dee0da290bf81e2d9d5a805334d636d
sample-7190.eml,21977,2026-08-06,dd05f5e7b30230476ccb0ee06af643ca95d930f2b3142be27dc03bf2262c3020
sample-5315.eml,18803,2026-08-06,fbe0f29b70f02890098ef8e1f47d67671364cdf9a2769574d0e75f39569c3acb
sample-2758.eml,105082,2026-08-06,23cdd05785d7abb6a8d5daffaa1af518d5a1220a2faaf99130ec5d3656b70f25
sample-738.eml,21948,2026-08-06,2321879621c10a14d429d00381270ecb088e8991c945b436351a741c11f25433
sample-7204.eml,448916,2026-08-06,9345fae93f4d891cd5662b22187eb9e088fe1d73012a5a973390168c010c7ec0
sample-2290.eml,24031,2026-08-06,d8bdf71eeda9f8914eb186d6179d4a7bc2ff5e8f507194a7d756350aef231b15
sample-4036.eml,18332,2026-08-06,7b73901ba4322a409a636e2236d2e998585bb37368eed201361437bb83e9cb67
sample-5063.eml,168107,2026-08-06,617364500aabfb0fadceddcaca51fc5d669e6576a102768c1e311731d22cd828
sample-2391.eml,15241,2026-08-06,5d0b677f6591260bd2e2c0b017cec8def983d7dbcc07525da155682fbd2af54b
sample-2081.eml,11716,2026-08-06,b1fb28693fa943e5999356526e199ea4ae9d82f93c487692dcac5ff2bc73c7bd
sample-1945.eml,8219,2026-08-06,6b904ce994aaeadb42220361376abbc85d33deda6e419b2fff18cd3dc0c222bd
sample-8145.eml,14375,2026-08-06,707e581f90d66adcdb96b41887f921ecde64c25b48c36b6faf14f9e4472a57e2
sample-1116.eml,15971,2026-08-06,32f7aa74f7b357c951f0964ade1ba4e0441a8a1504c9cf1ff91e8f6e64b9a2d3
sample-122.eml,10716,2026-08-06,9e40bdb93669966edb0af0e387c3e1fc080edbab88c473041c10bb2772755267
sample-7655.eml,41069,2026-08-06,0c613f8c384a4380807466efe2a174e464784bd278f5afb8726794f08074ccf8
sample-1482.eml,74518,2026-08-06,0f42f07670da1e6f2824bf272d08a55dac700f687999054331940264fa841a8a
sample-911.eml,25361,2026-08-06,d558380d1602288f4b31cd68324eeee9eb13e5aa32a91649fa4bd281b0c09d45
sample-558.eml,11807,2026-08-06,67845eab5c2a6d21db6f401266fa41d6c02fad789b3fcb2a8f4fd8d70ccbb8e7
sample-4107.eml,20877,2026-08-06,3b0f4fa785e8b884d599a4ea7005bee8c8fe5168c77e77fc86b077ce5f21e5d6
sample-1995.eml,15423,2026-08-06,d0c37da4930aca9a652bc8b9d760e375a319493e6494f5d769557870e6845c14
sample-4964.eml,15952,2026-08-06,1b21833ddc6c20aceba7aa46c99f604d13f7f027a37a57a03251fc81ead67c6f
sample-2921.eml,19851,2026-08-06,d96f44405e2b37bee02e4c92b1aaa93a9191835ebcdbda176bdeaa55d1a904ac
sample-978.eml,28389,2026-08-06,d99e360a819c0e5df2b6f453d07d861bafa75f8351a3a2081eed42f4a792ef40
sample-6551.eml,20972,2026-08-06,e3c55bdc1eb2b04ad77c8acba8363044df0427ff29c47682e43844fc949aab5e
sample-118.eml,28276,2026-08-06,ebfdb0bc5aada65573e925743c91da1bc749011c175cd6fb3ac5789f6499cc4e
sample-550.eml,9114,2026-08-06,50932a4b31e9910a14a999df58878ce29643c12cfb9c3aaf16292dc2b7c8a9f6
sample-4306.eml,18406,2026-08-06,50a1a082c1fa43987532100545e351167d0cd3d5f5daa91b90695ca9f2b5742d
sample-2962.eml,19487,2026-08-06,d4899e2bc6f60d248c4f5cb7033bc58abc5e7f3a9725028df9b7840b531af4c8
sample-5643.eml,23111,2026-08-06,31f779f284fb0d63ec99df566e54306958419ddc7f6c0b4f210f24b3886c6aaf
sample-5806.eml,13464,2026-08-06,d2b4855d70dc34c894ad5547c33ecf7ab67126b04755035d749a5e4210c45faf
sample-2052.eml,26070,2026-08-06,192b2c2e96cd4f952b8518329def68c019006c9888413543200a460509e9860b
sample-7708.eml,18859,2026-08-06,b86052a4e4df7f51d0dff974c3c8641a2ececc2b3e737ae50ec3eead43e120fb
sample-3734.eml,28241,2026-08-06,8394c012348f54e46426b3da4f674bf342de9f8060645dec555bef6fe64658bd
sample-3785.eml,28499,2026-08-06,b5863f8e931ec492a2015d8ef6a9ce8243a1e6c94bcedf13c2e13d39a2c60d8e
sample-5890.eml,18928,2026-08-06,8c5af6c1f8a523537edfce8bc2038b610223e407d8037630a34410d7106b8df8
sample-6115.eml,16881,2026-08-06,a12349981593c4001e2fbc3c025791daa2d94ad3c4f961fe52e0a892a99eae18
sample-5343.eml,13763,2026-08-06,04764b6061962f0a5eafb53ef587b11a65c95b419dd546b9eb6de876e7ce0f4e
sample-6714.eml,27881,2026-08-06,58d0fb567af4c2b70b2af790a4805efbf3f9da23f20890ba77cf92891935b3cf
sample-6688.eml,16784,2026-08-06,b7dcd30a3a3c747e4839c9814ec50a299800836ba5e6aeb833f369b44eaf41fa
sample-2351.eml,19465,2026-08-06,9838f942c72e8de2fea8b242bc9f5141b9082d2e96adf1063cc8a23ffe6287ff
sample-2755.eml,105272,2026-08-06,9ccfb907ab42c9addc96d9b45e61fec49b2a5064c365dc34aad1251209dc72e8
sample-6731.eml,24080,2026-08-06,0a02b6d2924a7108ac566b831e38f4840da00f2a12b4269746824248fd4e0d1a
sample-4363.eml,75755,2026-08-06,75450e1fdd9f9257714fd59bf56f9a9975333e787ec9713d48bb3684be6cb31a
sample-4481.eml,65665,2026-08-06,6688c0045ad5828b344cd8247003ade7b8c0523cc339fb422056527d93a4dde3
sample-433.eml,17793,2026-08-06,a9424a6463c15cbba189e7abcf473c9b5eae603bf7c914aeb7283888cedf87d0
sample-8176.eml,17128,2026-08-06,5fccefd7b5de4459a4f4441d23514bff93b45f9e18650432f26ca7c692fe8a38
sample-758.eml,268515,2026-08-06,94b2209263e9815d27843079b95342e88e06deaaa777181123ec5c2e2c8facbc
sample-2968.eml,19476,2026-08-06,fe021ade159b31abc1d1cbd07da74a5dc8d6981b0f1ab5ba6ff5489a8d94b85e
sample-851.eml,8958,2026-08-06,555d4c4d216d4da21b55319331cab3d436127afd726da803390995f019d48232
sample-991.eml,54028,2026-08-06,337b9637f226204ad16f2a47e3ca75cc67951540bd4dbb4c3561fb72d04c9efc
sample-6441.eml,12283,2026-08-06,6d1a2f0bc65354d0694624a2f1e31c1b4fd72ecb62ab008ca73d54fb8e7ad81c
sample-5022.eml,26820,2026-08-06,b129f380653c49ea8766d5fbdcbd520167ae8762b05748b0eb33844ac14e5a2a
sample-7477.eml,17213,2026-08-06,40009e6d7dd9a15994be27072649a37ad3fea5e900f742ffb6961ce5413d9e02
sample-5660.eml,15750,2026-08-06,2f40554721051adba2f40bd2b4ec2eb7943bc1b2604edd6ceb3dc1f6cf0f61c1
sample-6141.eml,26208,2026-08-06,34fa1a58593d7319674ca784b7116e25b6adff0cad93e81251a0350e66da6f01
sample-4737.eml,21707,2026-08-06,aa48b91185d53a29d088f57aae6f8e99a3ef9d70eccfec277f3c5acc562fa747
sample-6929.eml,20324,2026-08-06,3ed5e35ecf9353e7495488c0916be18f3f02259e001d7caa98f3e4ed54dda274
sample-3661.eml,30386,2026-08-06,9fb494870c1986780c638a023d6a98deccd5e8c15af2b456bb97ae2ed51e6c00
sample-1383.eml,19153,2026-08-06,cf183e1d142ce565db42c815aed2cff2bf0462ce69f07ad4c34dbd54499f0217
sample-1857.eml,21659,2026-08-06,0895009a6e8492f9033b50e383021a9bcea2fe61b50a84db4bd654bc38628391
sample-3355.eml,18291,2026-08-06,f6c1d24f166d8f58b90f18597ce9a7400f72b4119663f8003b41f07f71913934
sample-8124.eml,473605,2026-08-06,482a8f36e9765e83b542a2ad0cc0c1021bc3dc488c790c56d24c29ea5e86ee2c
sample-1293.eml,13018,2026-08-06,105d59b8b4cf70514540fa23c655a27520632b268b7e31072ac54cbf82eaae93
sample-6459.eml,32310,2026-08-06,807f82b23de77f647afb7c4f89017c4c02334800b58fbac7ae9dd5841b5d21b5
sample-7495.eml,27204,2026-08-06,76584fa120d4a0b0efcb907fce4dd98c5a1e91476b8e8b7cec6964ec4a3eee81
sample-4537.eml,13995,2026-08-06,90f7898f9b989ef972fb92a1ca491e24ec9380dd3bcfab28414d2dad9187ed4a
sample-3589.eml,34591,2026-08-06,382027340da39eb7607521428cbdd7f03a4d1e9d79d98e92257ce6e0f50147e4
sample-7568.eml,33065,2026-08-06,518f6ec380ba6a822ba82fb531f46ba4ce04935ddd9b8682e881e208cfaf0616
sample-1104.eml,24616,2026-08-06,6f42f77a19c314aa766d57a3d7e0890cd41fcf2b7ac9ea34a61921e87f39c7aa
sample-3702.eml,36493,2026-08-06,314f152af85302710e96bb580876561acc73ef2b0966c54ecb902983d891101a
sample-2146.eml,14290,2026-08-06,760f1cfa5ff8558369eefd5e57e62001b21664c4679a578610465ad0e0452af5
sample-8593.eml,473909,2026-08-06,610f2e8bca51093fe2f09bf702666d88c5996867f2c78b411e9eab0c5ea0b307
sample-2744.eml,105012,2026-08-06,9c3b0b6a768fd9cb3c3a302911ae2fdf6f141df04c9e6357de34f48e096df92a
sample-900.eml,14056,2026-08-06,fdf403cfdbe5ef6bfb077e4b8fd27ff0baacdde3ea24297e2ea2323eced46c66
sample-3435.eml,44644,2026-08-06,ae64b585928c1f21c8ae15e94175389ad7f37a4b65e2d69da17b6dddbd559ac6
sample-4032.eml,27585,2026-08-06,43adad8a4b1da632e3bc5a3601d5aaaaca6811297e383a03a52c4eab00eaf261
sample-3067.eml,18500,2026-08-06,017b9f0bfa66a1f1e300b1a536cc168e110100b49148415de8f93f4bd58890c6
sample-7222.eml,26530,2026-08-06,6964dedc27cef521320b8921c399e3e9d0f2d40d5521d61f903e52986e84a7df
sample-3047.eml,18435,2026-08-06,020fbc8df040bba14a17acb2c345c6a5c156026a09248a5aacecfde9e28719b4
sample-2705.eml,105346,2026-08-06,fbcbcd867f55e66591a344e258faf91fe37751d74c990aa33f668a81499bfc10
sample-4584.eml,11572,2026-08-06,f675965d683135c0909b510c5227978c08e962f936543512ee2683ef6aa3e3eb
sample-4946.eml,14425,2026-08-06,20c44a6fef56afce7f587a66b59cd28be2df9e46ec9387f2326226cf61b1f7fc
sample-6916.eml,29818,2026-08-06,b1763326a55da268cc1f26b37cfd4ed43e3a3cacb25c43c1b40bb66ed3e7ea65
sample-2643.eml,18952,2026-08-06,cafbb99a29385ed8a3be78f6fbe20efa5c048e6ed4479d8695877fb628a3a549
sample-6671.eml,20665,2026-08-06,9b5bc02f145d02f1bc52a510a7226ef26a1d58144862507a30ee13cca1167b3a
sample-1487.eml,41469,2026-08-06,418405c76c21916deecd4942486847fbdf8cc2fdc28e706fd358756bb906d362
sample-7059.eml,27208,2026-08-06,bc4e8eb1d21907c7c92c695773a2f27926061470113830844c40cd1ced9d2f08
sample-8155.eml,465566,2026-08-06,ed738190a8772d979f61aa360d40d81bbe01af38d2534cd5252a53bd85db0852
sample-1920.eml,105473,2026-08-06,57d2f022000b50079bad5fe4b9291c653dabab920c09870a2172a53bc150aa49
sample-151.eml,16191,2026-08-06,c7be3e26fd5fba4394c056164983501d60421dcfe26f598aba215400c596f7fd
sample-2173.eml,11877,2026-08-06,19bd19c7cc8ffe958f09158f6bd660101044eb65f4a1f976bb8ca8dcb089b47e
sample-7020.eml,22422,2026-08-06,f32ad38d97462b53765fa5a7083455cb7833de0613af282859429b101e2c873c
sample-81.eml,18500,2026-08-06,1fa99d5938f6dfb1c9d53cb00a9496f507e1d55f9d424794c4e8404ca59f7ccc
sample-4573.eml,18909,2026-08-06,674af4a4efd749ee483d227e716159d534a500ed00afffcf4179bc70303ef417
sample-913.eml,25360,2026-08-06,0d3dc639d16cf335b57d57fad36f98f5fc7f44d17c8fcc6a77080bcf13ac9f6a
sample-4971.eml,26999,2026-08-06,e0203236169bae8a86a1387c4ad27698ffbb9d9c6d4b4e656bde9a2ed9b84f1d
sample-8492.eml,16214,2026-08-06,31bfa97b7fd2e71b9830797d23fdca0032d225b9c31002f036a8ac44e71d840c
sample-3390.eml,11265,2026-08-06,6bcf5fc2d4a62caf43dc61fc703c080460fac97c1f810da356ca4856a0816d62
sample-4783.eml,57828,2026-08-06,6af1f480cd46f7039701226ce0c3825d880c17471a545a76a94e0730b929e421
sample-4336.eml,39935,2026-08-06,aa6106044de517e15384f1936f113c39582811b6340414ae9f960161f3573c8b
sample-5234.eml,15380,2026-08-06,3ecd489011e9ccc9b98369a0dbdcb120b2fe8495d0fcd7b55c2d63f105907c86
sample-1328.eml,2024284,2026-08-06,53fadc89f62289c7f23b202c3aadeb208fdc614dd8db480202166f12e0d8ec6b
sample-6106.eml,21315,2026-08-06,9218eda72b927a75f174c13bff041126de7de56442552ba82003c9b64cd044ec
sample-600.eml,22167,2026-08-06,8b014e7642ea992df21591e24ad5204d391fed703a5d1012e2e529ce9158acfa
sample-6240.eml,18573,2026-08-06,f71e334e9e0e30d5fa0e84ec09b958553cb3c7c39fafa0190773a5e8db96dceb
sample-7093.eml,22018,2026-08-06,96e7507d04597b8f51aab4f8246dff03a590ac6314e4a741eab7fd1ae6adc1bd
sample-722.eml,353733,2026-08-06,5ab72dfe878fb1c79e1a3921f9cce65b547b8f4d614ff164b9100a04d07e2110
sample-7959.eml,13880,2026-08-06,9674e7dc25889974a98709740a69391f4ff6538238224b24687b0471e1e460aa
sample-7067.eml,20721,2026-08-06,9728ecb4619ac1eb0e2a235425c64f441cdab6827f72994e769dd99326c5b3c8
sample-4663.eml,102082,2026-08-06,5478352ec85ca01ff59fffb4fd745ff1572c26ac382e21ba79580f2e8debe0a3
sample-8042.eml,21499,2026-08-06,21dc4751607e2fd78a92c90c3b2179096091eb00728233b5403eca0b737e0d31
sample-2096.eml,40781,2026-08-06,a6b58f339c3d0ecbf8569c42b05c1d90aea100f7b19b6fb5b3e75b14c0763d9a
sample-8091.eml,57767,2026-08-06,2842cde07a1035bc761adb96cae746e0ee96de22d6609720e48c361b35e345dc
sample-3540.eml,12409,2026-08-06,ef2ddb1ba77b497343f3b7849a74fd1a0221f0e77fb3869f8f614e5b5b925b93
sample-1280.eml,25561,2026-08-06,61caeeedd96e0ee79ef6cba8dea23fb3cb8034363443f0bd4404bd645f4c5d5b
sample-7694.eml,20792,2026-08-06,cd882da8732f1323a8e03bc9f032e0aedfd690c40f36f0f818430fa4fa2786a7
sample-98.eml,23439,2026-08-06,57acfd8b3f7074531bd5eea37fd001c48ca7c8b7be92fb4e592bcebfd30416e7
sample-6954.eml,163321,2026-08-06,a68849b76ec57ee591113e09415783fabb065a561ed0a8900393b6485e8c2959
sample-7978.eml,52159,2026-08-06,1c726bce02dadf03a71c5c1d6cd648269ddd0ed2869dbf47876bba6412c396d5
sample-4313.eml,13930,2026-08-06,a1cc2938a29ddee0f5bb4054b023ceb33dae820971a2f618da72693d2a4c387a
sample-1801.eml,46529,2026-08-06,4f67ea69e56632b53e42a4af4daf998e96f938fc714d2d9d78fe4897593e635d
sample-2332.eml,11179,2026-08-06,884154f82716a13f3ec065e1d99b74bbf313f317b5d479e39fdb19875646d15e
sample-1608.eml,25122,2026-08-06,5458f5f3e5215891f132099ee8433907363e0b2b1c262d39c1f7bd0b577dfc6d
sample-6497.eml,53661,2026-08-06,f5d8d61cdee9ae0ab9c79faded97b33eff8e394bce535a569ff344625c2e69fa
sample-6086.eml,22779,2026-08-06,c3108dece485118db5ee46f7b8dfd85257523f5015f3a36af20f34ab71d576d0
sample-3417.eml,20815,2026-08-06,f2dbde8b311bbea5b775792a647441b1b965ca090d2c8c1731abe1f10694b591
sample-7682.eml,28386,2026-08-06,0a9269b9b45dc392bef97aab81896a31d6d4680dffddc7b2ec6151f340769b5f
sample-6868.eml,19740,2026-08-06,9498e4282231d68fb73655d5e9317adfe84cb92bf18067b88b620af1f36b6953
sample-6083.eml,22575,2026-08-06,cb4634edca15292baea65d6e58dcb223c8eace3357c70dedbe3671bbb447fe7e
sample-944.eml,15254,2026-08-06,ddcb792dee10b407b6fbf3be19a0a13222ac8e50d6b26fcbc555a260911acfdb
sample-6664.eml,24900,2026-08-06,081f0b10e06fce5739206a42216e3f43e156b62ddf62597fdb6b9ce826eee0d7
sample-7282.eml,20230,2026-08-06,312babf0edff3f1e37dccae6c6d6b56f3ac45bd98f7c20fde9682f4a58ceb99d
sample-6443.eml,18045,2026-08-06,fd9b992ac92be6f5c66cb9b96ad0157fa352d33427a8aeb4c6e546e4d177cc0e
sample-668.eml,25124,2026-08-06,9528eb3baf394cc852dfd402fa1e405bc73a7c6eef7ba37dffd435aa804f635f
sample-6890.eml,23197,2026-08-06,e0d8461648b887438203903cd14a2a4fc5574f1aaf5893698e1272d3b9c7278b
sample-1579.eml,25108,2026-08-06,927c0146321520d77de6899b1fa92061698442995889ea200631d54af7d8f6be
sample-8135.eml,473327,2026-08-06,7a433ce7d8edb7b772a250e30bbf01dd674f212f6ba580a68beb0346a1f54424
sample-4494.eml,15961,2026-08-06,1fe5ae8d3476ef44730b7a2234a6680f7326de731ed0b202bd661c17399794ab
sample-8277.eml,478497,2026-08-06,44b14d22c0b7b9d7e26cb33f2297f5f0ffedf71bda9385366b6bdc338ca3f782
sample-2013.eml,9656,2026-08-06,eb3b8afe95d19945abe0bcc581bea43a5e7345d993981351ad9330c38c97b683
sample-6997.eml,16914,2026-08-06,05059aec0d7460513eea7625ed1b0583224dec12f720f8eb72660bda043c6dd4
sample-3489.eml,13491,2026-08-06,392f509d5023f6d44e344bb9bc6d73a45aee9147c8c1fccb0474e2ef150a423c
sample-8006.eml,17508,2026-08-06,bee4d00d5a007964765989f86b608761febbae615bd1cae47720ddd1076a18b2
sample-3929.eml,31809,2026-08-06,176a2e129db84511a30f449d16159bcf34af9fb6cc72c6e7aceddc464f9104b6
sample-1401.eml,18390,2026-08-06,93ddc685ab2db48af023ddeaa20df9792a5fe7ef238014e52778c512907c928e
sample-6417.eml,37579,2026-08-06,b33a319d827ed558d19374b2e93a37ae184ffb3593b7d9868a25c3bbec28e8ad
sample-6961.eml,17817,2026-08-06,682a35e52659a5a44fff3bfe792562488b44a5384e69b152807987e235f270bc
sample-1148.eml,24712,2026-08-06,83fee6cea780f80cb0ffcd9f7f6c10cdaf2f9bfe43543c906a3c5cb670ee5f51
sample-2592.eml,13311,2026-08-06,a95e037870bd287f1f45dcc853a5dbec4546bf93f2ccd697fb7336275d1f4ecd
sample-6578.eml,15054,2026-08-06,406cf4c81bb2b8acb362443fd3e252b39f2daaff3aa7a409ec92ba7bfff09d80
sample-3677.eml,21795,2026-08-06,bab25659d2923179bc15421b803f817b9c52409be13b1bdcf0558dc8295dfef7
sample-4309.eml,19946,2026-08-06,ba7c3e84b44890b93585d8b71d3f0cc4c8ad7326e9025af2b5db8f24a8ce92f5
sample-7245.eml,19038,2026-08-06,cbeb537afe81c6ca0a56fbed53f0ce7099379a2c3f27f6c1f6ef0f4112cd6853
sample-2074.eml,47506,2026-08-06,52d09cd32c517f069d45581b8427c8622e252373785e6029bc2438b11fe29d58
sample-677.eml,22885,2026-08-06,685599cb3cbf3423aed6bfaee950d529fe842b2e663ed4c3ed8e20fe949f2db3
sample-2906.eml,19873,2026-08-06,73b8af61dacdf7867c4f2c78cb4a575ca3bace0af212295f424e7b63856091f2
sample-6767.eml,30143,2026-08-06,110703521df87b26027b18e4312b6e2306c4723dd800fe5019bc487104979fa7
sample-6575.eml,36247,2026-08-06,61afc0ee9db331a59945d7b6fccacacf53974aa4177ac186cbb928114868b37a
sample-1776.eml,17027,2026-08-06,f2a43b2802555a9286fb68e957a598393f5544e63007cf1af5f914496d072c86
sample-5395.eml,51693,2026-08-06,7221f500dae2758e1728f5fbd52bfc03953ff9b6e91c4a97d252b2d06190c92e
sample-4980.eml,13720,2026-08-06,ab7d011c02e560ac11b5109f1254d2e49ae59f1c7bd16498e1c5ba4c0d8f8f38
sample-1135.eml,189791,2026-08-06,8f97b401d62c0c44fd59945cc573136326daa54aaebd85fc89455201aa55be48
sample-3656.eml,40399,2026-08-06,d3c1eac04f3ce9f4b77756e9bcf264a5ac76f94693d256026dfd5aab7d6908e5
sample-4847.eml,14495,2026-08-06,a976698929bc59e5c7596237247cd924bc7ced862f9fd11c126fb8a9c3271a8f
sample-2268.eml,58746,2026-08-06,a5a40580cb163c83e15bc2657237f0456033c0c1a9e7877c2a11c5b45b68fb95
sample-5021.eml,15178,2026-08-06,7ad19a3d8bb186c5e3d8f1c7b3fddc4a2b939b0a9fd0e3ab6b7a777b0e2a2700
sample-7105.eml,17165,2026-08-06,1fc68eee9f7e53df7c81ad3a5a634ce72f5bb2be19adb688f50754a8f824cddd
sample-4245.eml,38047,2026-08-06,eb77b166147d56c23cafa3187690631e82527951f34a85e322e95e22e9171172
sample-8592.eml,479359,2026-08-06,2897a8ae9da1bcf612028e3e73b78fa934356b9123d4efe57807824db6e57b37
sample-6140.eml,23524,2026-08-06,4b4d2273aa636049c2d678561352265d4c81a5f1828f13fb2b525b462357acdc
sample-7365.eml,27663,2026-08-06,f3c945b4a2ea91ada38d22319e6bd8bf05a4e95c1f8e31e9a0c1a22faeca91e3
sample-566.eml,21019,2026-08-06,2314cc241fa67e75b88a33b8c2444e820e8ab993481ea38bc63379a0699fa9bd
sample-7351.eml,10727,2026-08-06,8bd86dbb5080779383e2065f04f71cd70e3896cf8f22a64aea934618ea7f9354
sample-8130.eml,476030,2026-08-06,d70510fb70d81d9174c2c8eb49d43324dbfb8f2a4a5c7432716e9f103bd9915d
sample-6983.eml,23413,2026-08-06,76267dc40cc81b1b9efe93041103343719ef6cc923ffb6ba90c7d13f8768b797
sample-3178.eml,26588,2026-08-06,3d41c43d8c025638bda2a5f240c1a8b6b451e4c4ae977e09c17f74bc84344e2c
sample-1510.eml,16723,2026-08-06,5a160d99bd8f2317f09a2d051e94f07b59a046bdf1798511136bba96add72085
sample-8225.eml,14950,2026-08-06,2dce7724c31d839f6240ba72304c16375d85735bf969b8df05ea5c1f161af358
sample-1727.eml,20084,2026-08-06,3e2b4f254bcc1725e9c726d4d8e6f834e42173be7de2bd5244b13993e13e5b19
sample-4506.eml,17303,2026-08-06,e01da4ad68c6479c4a10444ddc5fbae2d845c632f1869ce66aa2941fa9c28567
sample-4620.eml,44502,2026-08-06,3fee1dbc7afc48d19a057238162466985f8367b24677cb39a4c274a77c4b182a
sample-194.eml,11906,2026-08-06,4043a48426ced7e817b94bdcbbfec1b12989321e8e1f69534af91a12ca209bd0
sample-7140.eml,39675,2026-08-06,dfabaea3e3d5426c84f32d2f2e43d66276718f6bae3d4f4e425346d143eb13ab
sample-5790.eml,18331,2026-08-06,9cf4b86eeb956e9630a56fa82915f3397f756a8335bcf7ef3a9e08b32fe4c70e
sample-8232.eml,473777,2026-08-06,a88ba968ab7ddf656787a4b98dd3de3289f6513830969bd7472b684fd2c055c4
sample-4662.eml,112238,2026-08-06,ff5bd0d1fc7ba9484c74aa398d42838d1ab687cd8c19fbf2b4e6b692e211712d
sample-6846.eml,30807,2026-08-06,50ab9005c70d789217b53d4b9317c4a59d4c295ac2ecda7eddc60d623ce5d636
sample-4463.eml,22759,2026-08-06,c6724c86104b0c15acc126efd47dcbaa851ff07256cdc345a9cee4ce22a85c11
sample-7815.eml,35949,2026-08-06,09ae5f276c3fc495fa75571c63b6a434f68ad4af514f95d2dd0cf25874d34f7b
sample-669.eml,114177,2026-08-06,30ae7e12237d5cd2095eecec628a2735174a02aeb91113b1cbec80e4feee4472
sample-4726.eml,123052,2026-08-06,e8a2b128409ce4cc84940a5193d6ae09bce97ef30db0e6cdc302123fa50a3a28
sample-6120.eml,50969,2026-08-06,166be6414be7f3cc2951a8b5df032a1770c32d64d892cd4a92e2c288d29dc7a6
sample-7211.eml,16634,2026-08-06,4c55d09eb22a9faa55913e32075336bcc6fdf9fc220baf49059302c98fa11241
sample-4465.eml,45579,2026-08-06,90079bee2a4e680c15ee17a70318a614e632519898afe43783ca03f8b09f3e3a
sample-1428.eml,18777,2026-08-06,996acef406bde315f455dc7a7b05e64745e9ef67319ef180aa9e93fad7a8abea
sample-2249.eml,19145,2026-08-06,63131cd099d2ccef4988ce8c9d7c59c0ab04c044c87625f5a426d6e44a23cc42
sample-217.eml,11184,2026-08-06,f1d0e00a3dfee1335bf30b63de988823ff84faf395cd10a7e5bc6c7254e77eea
sample-5496.eml,22514,2026-08-06,13ba6307bdb260c4fb81063bfd5fec983edfc77f0c75b73b4cf50a63bc2a1571
sample-511.eml,23803,2026-08-06,8261dfd1697243adccfa50aaa7a2ba112221655d89af61de67ffdc35cb04dceb
sample-7303.eml,26567,2026-08-06,2ffb304ee7f202235c02802eaee523b6fd75d1bf7376aacbf25eb1f665af9b31
sample-4938.eml,14781,2026-08-06,bf54317b5427483f774f5d55732beabc2badfb25e85063083eebe116b18a53bd
sample-2324.eml,41576,2026-08-06,bd4eda8fbc217f9eeb70df5d5f63be9e1fb64984891b2cb28aaee8072cde45f2
sample-7404.eml,67495,2026-08-06,c0d1e89ded44b744c5e7f7dda8dfaa1c1db5f8ffb99fee2783d04bff2b1c5a44
sample-4959.eml,37280,2026-08-06,8e4b529a51a4f404355d54e406177dadd73811c6d4acf68d1fe7434ab20bcc49
sample-48.eml,10840,2026-08-06,b7722542a7c46e12478f5cdc3c22b81ee230de5627f2568a191cd37380696040
sample-922.eml,161713,2026-08-06,3948fb08d63cdfec51411bf91f347d124bb56bcdb0cde25abc1b9ac274113a2f
sample-4337.eml,15518,2026-08-06,d369247d37e9e25d7781681caa0bcb81247e9e3ed0629e7444e3668495d6cc71
sample-5856.eml,25093,2026-08-06,e15e8105f9f25e46134829446ac01c4dad583c8049526853606987cd62617a97
sample-8597.eml,14646,2026-08-06,8d40727c9d91b843377d7359da77e3e635ae4fd1312f5d964817e62025c1051c
sample-3712.eml,28413,2026-08-06,13ccc8eb2b259febfb1c2a1569b60eb45a44c6e3f285ac83c18c95bd975bf095
sample-1114.eml,16251,2026-08-06,0e4b3db2b104a6c33bdb300dd2de32070e3a77d362eeecb10f824e37e899b47e
sample-6162.eml,30266,2026-08-06,fdce9e1c6031fbd21cd10f4ae111933c29763bcacaacd121dc377c804763ae76
sample-6904.eml,28812,2026-08-06,ead128648c830d420abf95688c1a0d30eafab34a692de04e981cc3c03075ed79
sample-6584.eml,12288,2026-08-06,b3a7aa1231389f1b444c05148484a6b059681f9c7cb55d7ecac598fdc279c1ab
sample-4377.eml,15468,2026-08-06,cb173a6180cf7ce9deaae629adf057809185b119445556d0c5a6256f866c2798
sample-8478.eml,12999,2026-08-06,e862d47a05dcd92823fde24264238d07b1ac347fd47ff29d50df1803779a457a
sample-8319.eml,17705,2026-08-06,de9599749b09542b04659aef4330a9e9d1b497dac3ce3cf19419d029e46926cf
sample-2553.eml,104384,2026-08-06,f14f0db20dda168c99f7aa7e32ba69ebf58505deded4e2826e9f166ce4c69f78
sample-1552.eml,12777,2026-08-06,5989edec0efa0505650f23d8db502a90ba9a590d5d2985773302e072742b1212
sample-681.eml,9851,2026-08-06,83c2270a6501ffff8aeddb4539043c76d7915e396157aad83c34b352dbaf561b
sample-992.eml,40817,2026-08-06,2dccef0d0907e3249a7218252eeb3e969f72211cb8a248712147216394ca3bd6
sample-6712.eml,22716,2026-08-06,3ba3e1e2b96ed02e194be2b594e1d648aa76ceaae4e4ff7ff977afa2a4ed34f2
sample-4621.eml,29999,2026-08-06,831ef6603d611df8ee5b421d17f84c7c15daf8c5643ff44bdbff0f255a8d9faa
sample-6839.eml,30372,2026-08-06,412a2eb27810a8272c8b7b39835b0c7a0461f6323737d56972d53c12f93f1fa4
sample-6876.eml,23321,2026-08-06,60006c0735bfad3a9c436f4a4753b1ae45be519163cf1680024003ec81b780a3
sample-1251.eml,10839,2026-08-06,e09b1e1fa7ff875b241171b92d8ba1486b87396e2ee9a075f8f51644a49d64a1
sample-1554.eml,18408,2026-08-06,1b8ccd95619b9b209977bbde2997161956817b91a15e63b652e5b3df0fcbe750
sample-8040.eml,13329,2026-08-06,67346a661a0402c159c0cf0c1e797ee682f91f627f6cdfa0286bb22f0d39e25b
sample-26.eml,46251,2026-08-06,02b59349a3af6fae8cf8799b36ab992c53be941565156ce8f71d9cc733399532
sample-7761.eml,26966,2026-08-06,0a3940a76fa125329de095a0c8f526fafa181e653544db44bd59c7c1d12518c9
sample-2417.eml,12381,2026-08-06,c17a4cb98997145f5744e128db23d63d384f509d05264e2630bf4ee537fcb651
sample-2078.eml,66848,2026-08-06,9a7171e3fe9997658a3bf4c75d9b99e2cc55f3898d9fc33faf48a0612aa8c1d7
sample-1761.eml,16026,2026-08-06,0346a9944835cd4976d593acd6b163f9f80d55babafce7cd7b5a1b7d703922fb
sample-7972.eml,32453,2026-08-06,b7fce3200270c85bd1cb0fb1d6e674e873ccc9ee5944d9206a90a3217622810e
sample-5700.eml,13101,2026-08-06,613304b3470907ab8bc2492bdbb1df707141c9b8628aac53010193f44db31762
sample-114.eml,21498,2026-08-06,a6438143eea1434a9ace60d5d539afb46c3538dbd40fdc9e1be16ffde7ea7f61
sample-1543.eml,21804,2026-08-06,af538f59a826d496dfed9b1c3175fac9996366272427bb6cb7ad2f22517e2541
sample-3411.eml,35004,2026-08-06,31aaf656f872cc62706a450a917f16256aca71b3b3f03434332226bc03319145
sample-8270.eml,14853,2026-08-06,1db53753e5df85235106b7c34da8b64f9a8ccb9603afe6b8e18496c3d9d14c16
sample-7565.eml,22903,2026-08-06,4d69a014cc2cb8bcc57624c2daba463620c723c7d3260c0a1798f486ed0c6278
sample-6860.eml,25152,2026-08-06,6963a33d9cafee3e20f9687f5526f8a7ac005f0f6e4f371995137e078692b25e
sample-7679.eml,20356,2026-08-06,0c02160cb2b78dede26b46ca2ee670054864c55f91676263429b67c664560dcd
sample-6914.eml,23218,2026-08-06,c4fdead5113d1847424f96c79695f8388d5983d802322aa26e7b09983330d344
sample-7800.eml,17000,2026-08-06,0792cb17c7c515a989146dbf3a598859325fc2d01f82e4eb8cf27c210e5306a3
sample-1520.eml,18851,2026-08-06,485710e69d7ff0fc985caa8f25b69ceb52f264c919a462810216eba0348c15e5
sample-1885.eml,47066,2026-08-06,6708f0ac35f23309e9b516ced67f2a494da02f7d42be73d3dce931b33339869f
sample-6927.eml,20094,2026-08-06,adeb0bbc503f0fcd25b8ebdfc5ac0c38a24d428b82ee12800bc37e5d5b6fd2ea
sample-5724.eml,17685,2026-08-06,67a015fa6bfd8ee7ebf996c71327f2797e6dcc113c8331b3710f33891ac07931
sample-7704.eml,20799,2026-08-06,83da528cc6f680b5ebbfacb08ab865fbe59ccf802cd09d7adc154a9c778dec62
sample-7554.eml,20404,2026-08-06,93433a17b24cb3d2d91b30eafe0d8933ae6bf94d2b7a34042c9f1afe72e6b022
sample-6886.eml,163933,2026-08-06,88cf48cc77738634212bcd54e6d86851323bc87c091d66b7c0f5de9cc949991c
sample-8132.eml,469300,2026-08-06,9c0ce6ee2a2a804c0c3dd85e52fd5add03a190c23e0f283df278b6a6b4ffb71f
sample-5321.eml,17668,2026-08-06,321eb38050c3dbdbcb2a7489009bf61d41ceff11f2e9ba5142efcdb6ace9b784
sample-5439.eml,16148,2026-08-06,cbf8a5df35fc20e02c0e7cbb422de63a78a3919b1d4ce448ce459320ba944d44
sample-7420.eml,27092,2026-08-06,2f948b28e6001d4cb8461bd5623270087e6329a7c77295baa964f9ad37f2405c
sample-3942.eml,29045,2026-08-06,f0c2d86f13d35be6f2f6536fac9e09782db913a65af4661b98ab3a699765748e
sample-3528.eml,12288,2026-08-06,8c4af67d3ba104e03795959286ad189f0b1ccef2f40f10a2ea3f4a86f13f496d
sample-2564.eml,105226,2026-08-06,2b52b496359cae50fcb040cace5f2fb0d2df64a6310ac5204adfee20f90d4a7b
sample-7215.eml,40999,2026-08-06,13b122217130b6a4d6c08ed4c925322f6e48d95313943e45e62b4850b161d9ba
sample-4591.eml,769355,2026-08-06,266d20f0024df03e072b5a719ac327e0083304ffc8edf79f3168a0247327867e
sample-4487.eml,23597,2026-08-06,236af7d4a36b6582e99268b6a7aa09ff99968275e95982aba7325a1a9f8facaa
sample-314.eml,21133,2026-08-06,8f1f63bc1acc9e6a8c81f51e8c5f3ca59af9bfc157d32f4694ac3bea4d0b24ca
sample-165.eml,11178,2026-08-06,d512535bfe7df58878465d6d7aca82e574ab54772cacfeb1a3c0474971b788bd
sample-1682.eml,20356,2026-08-06,e557286e5d79d155799c6aa8b0bd82da1ef0a26ef9090bd7d0f1e5b4d4f6e36b
sample-1581.eml,19436,2026-08-06,6567096d932a884a3071bdc8a379622eb9164013109a11295fe79da411b8374f
sample-6498.eml,104120,2026-08-06,6eb7f1b0643e5f7f3d240dd6ee730432e77510204b51ecc5c2d78ecfbb27f6bc
sample-7476.eml,17640,2026-08-06,a89f6ad870ecaf7151022351cc39ff8b291c340c8d067d099b625a8455edcbbe
sample-7369.eml,24933,2026-08-06,9a364fadfe6b093e496e91aeebc8c5ad9e63c0c15b29a6da276fb2acbc357e46
sample-2827.eml,19501,2026-08-06,a1261751917a57813bfbd5a12946d1df0ec544c7de223f7ac0a73dc9aad891bf
sample-3829.eml,33538,2026-08-06,bcb4bee9e6753eaf76c934ae691c7d89ba4266d971bc99c60cc6d27bb9f10ab0
sample-137.eml,16027,2026-08-06,e1b7b2f943cccf03427011f79af7fae8d671d9f110fbe4c5241dbad09ef57cf0
sample-3208.eml,12194,2026-08-06,096c1edee97f4656f210a0ca8465db846dcba2ba59477e3c73d06db087836249
sample-4772.eml,13014,2026-08-06,385558a3b09dfe95c8d07c00c050bc13bccb5c3389bee519b4392d58c813dcb0
sample-531.eml,29397,2026-08-06,e7aef7670a5e3a39da2ec0aa0955454e76da930f245c3ee63ce107dba9b3982a
sample-833.eml,9282,2026-08-06,1e342b2db7dbb4028c34daf6a335cdd8c4351bc9b4010b7a5fd888539430b440
sample-4385.eml,12236,2026-08-06,f1c32a4967397b352d880bf1418bb3cbaa27a28fb588e003767d431f923998dd
sample-3931.eml,28209,2026-08-06,dbcccac171d270fdc3507b326587afed1557eb951416a6af1951502387e05dcc
sample-8197.eml,467757,2026-08-06,ad67b1590243a2efde9963e5991d48481728bf6f516b367a439bc187d7001d50
sample-6350.eml,19543,2026-08-06,fc03b275a1463d7724fd88eaf30c08cbbc3756e4237d403875840282444e316c
sample-1210.eml,8927,2026-08-06,f83d6af243dd57dd416ba02e108cc4617cebc752c5d6ad1270ff6a525e2c6398
sample-441.eml,8740,2026-08-06,cf6176da0671a4ce2be315b8374a1ca602ae24eca57bfbb1bc09c31be61d1aed
sample-5677.eml,15975,2026-08-06,685a1cc0675502281aef982e007aa7b281f1179718e0956646bc932ae6e5c449
sample-4379.eml,13741,2026-08-06,025a595ac53c5b3272cb9996486bc78919d43f44dd752f75da09712ecc7fb378
sample-2595.eml,105509,2026-08-06,39ad6a3578bcf805a2c31a9d49bf712f9140b4ecd4adaae6b9369b84f57ddf57
sample-4286.eml,15423,2026-08-06,1a1a2e5d5d4b1b0f168962a57cbdd213f95b9228afe3c870a1abe53b9f6a0f6d
sample-760.eml,9834,2026-08-06,8546c69ec9f81240bd808293589e3835ec5d4eac204b5761dabbb418e703e56d
sample-941.eml,130602,2026-08-06,d90fbbc72d5e2be2639b0846a005b2c425f2d522bbf08ffd5f3a2237b881cc1e
sample-5174.eml,16360,2026-08-06,9a323feaad68857dc4cef90a298cf9380650738364672ae59dee6d59d90841d4
sample-3499.eml,12645,2026-08-06,2230de176b39c3bd90c9bd5d6e349ee5a922f4395d443c7fb514643a93b7a335
sample-2561.eml,25091,2026-08-06,547f0a444a467284ab496e6d4ccdb8d92e49309afb4a376222fed9b4825d8ac0
sample-5426.eml,55155,2026-08-06,6ebe197725fa030dcdcebb5729ebccb3085670aa27915b1e33b37f756efd28e1
sample-6911.eml,19977,2026-08-06,bb0b04ecea494dc03b62107dd17a0725d1982cfae247ebe33ba632d7c61cb340
sample-1512.eml,17053,2026-08-06,c127c01a1c10d34c2d5220651fcf27b393c5aba234de9ea34e8b28817ff5b206
sample-5509.eml,15354,2026-08-06,d32c3c7fa9dabcd4a8ee9c873a5c17aae7d2f5a9c859568f3b4110c704ff013b
sample-3869.eml,17118,2026-08-06,993c415362f5042c885caeb7294d312e0a3d4e41f4903e0c97a2763fb24573cc
sample-7028.eml,17435,2026-08-06,57210d8bbb678578bcc55e492f7b46a4f19c361c96d7a9c54faac9b3b7e5b222
sample-2694.eml,19073,2026-08-06,fd74439d2db689fc782ebafbdb50d90eed11f480a0a67efa0de889f1909fc2a2
sample-1936.eml,12647,2026-08-06,7f9ed74702f41b2d9696388fbd2310e3de48daba02e126580df0f3c084870ec9
sample-7728.eml,21189,2026-08-06,b1c05cc1492a09e3962c0f3f578c8f6332d15bf7e8bbfd169ce3cdadfbe84502
sample-8429.eml,30486,2026-08-06,68b309d8162411c61e49942cb3f036ade5de7ae391b7805d8697f0e43354b21c
sample-5891.eml,21559,2026-08-06,303062c7743b8a380ee0d178e1f6080b80053f30ea8a1e7be63a25f55869f451
sample-317.eml,10368,2026-08-06,2899ad61e2a7ad91c40f3823db212c91309920934af2a81612b8fcfbc9d47b52
sample-4327.eml,98893,2026-08-06,10c66f0ceb911337b5d36e6f38b2e14ca6cb13bfe5f9aa046e447374d49c544c
sample-6158.eml,20967,2026-08-06,089421e8c1f8277fa470cb22f8975e4dbd0b9a3ef2e8d90bd90ea018df1ca84d
sample-4180.eml,11001,2026-08-06,8e23ccd438dbfd3f73d07a024d68dcce2fc9f5a3333ef3c54a382691a73b147c
sample-7297.eml,49522,2026-08-06,430489f5198f73799587e4482e1abbcde72c7d14e5af3b94aededbc677809c61
sample-7950.eml,22812,2026-08-06,2d6e94b3a36e58d3b8f446fd622ab4f9c252f0cd1146cb0931a07d021953ff6d
sample-8281.eml,36052,2026-08-06,d504dc7b2544b1268f5721aa036fa7816673fe5d7ac73248577243746dfe0ec9
sample-1697.eml,28869,2026-08-06,ba508d998e507da31e86b266c1e023e00fc1099abd90d156ed2970f2f4417f01
sample-4866.eml,22883,2026-08-06,8043c1c94a987781976403d1701d362452038a381f8929d0d784a109aac33a28
sample-781.eml,353972,2026-08-06,b1169cc00e45149e96229ab2158d3883350fc12bfebd8435321573ca5b21215d
sample-6865.eml,21091,2026-08-06,2d4f36bd6a29d2d4cf52db49b54c89606b203b782ad23e61cd33a046921a8c00
sample-3997.eml,27398,2026-08-06,da349ba23e5bfd0116a83765a009ac41d37ada8e776ff13906022ee845070bc5
sample-2914.eml,18165,2026-08-06,1df927e0bfe36984a27607ebba9a1fccd11f3ad3215737d3458babf91cec51af
sample-2891.eml,19393,2026-08-06,ed1b485feddc0c5decaf779b8eccf291da33a03086fb91f29fd1356cb7fa946b
sample-2004.eml,36890,2026-08-06,3dae513cb17e6bbf72f71ef07135ceb9515bda11d7cc14b55f0f5fa1960f6095
sample-7720.eml,21318,2026-08-06,5a94e9ae15706f72baeb5737577d7d829934cfbdf6120940ad3e082e499610bc
sample-3639.eml,27588,2026-08-06,ec535faaca4161ed3d5430ff386e312f2b8d335c4602ee1f347e47e1757a6cf1
sample-5575.eml,35625,2026-08-06,d7521cddb64e64675eb1d950e1a93aa6a02388c157cfc74bd78ff77a62983d00
sample-4535.eml,12858,2026-08-06,b419fc7c637a000ff666d2aae414bbd5e98c24cbc3c054e7d40f378e80381fd8
sample-1237.eml,52775,2026-08-06,8a7906a2390181a993e3ff8d5b96ca8d53cb8b348ed3794911857da5f9a50f12
sample-4354.eml,35546,2026-08-06,03c6cab33765b7f262b33c25ceed58477df930d0da87bcfe83dfdd76a5378e63
sample-7920.eml,16701,2026-08-06,c527a8f23f7122013afc44cc5a79ab55e34b2e74f786ade7337ad9795fa85af9
sample-4016.eml,26676,2026-08-06,bd1e9620d2d220b69477ed4b5ecdab1b4264d186b5d7af1c3e3e34c5776b860a
sample-3074.eml,20263,2026-08-06,9e3fc9df75b8a12450889cd1df4217dd93a2b0161658b75f6593e07151bd5a42
sample-1783.eml,28501,2026-08-06,5e49d88db5e87ff7a021171ff8945dbaf7af06964c31493b0f4f54c755258d07
sample-5582.eml,15681,2026-08-06,e3f2827221eae1bb763017028162802ec6407b88ba95d7d58928be42292e6336
sample-6940.eml,20951,2026-08-06,d2e5e9d055c02d45c7255e2da629001c22fad83dc08befffb0e1372cd868a9ea
sample-2555.eml,104519,2026-08-06,457e96d73a9792fd2fc0ac425644b549934993ec8a4d46797d48886c1d8bc5f3
sample-8398.eml,15615,2026-08-06,eb396f95c2714d1a0e209c4d6542fbf832251437e45e3f78744936121f0b508a
sample-2026.eml,9774,2026-08-06,06d1dc3e05a6471982ae7788d99d3cbab58b00e26e18d82894f76d590e430feb
sample-5276.eml,13271,2026-08-06,611f83bc1870a6dfc31315d4eb32b6913afca827897fbff4ca0e5d377b59bfd1
sample-7073.eml,21122,2026-08-06,99306104640264989746fbbbd49bf607c5989dd3d550676fd5d149c192d01eaf
sample-148.eml,12994,2026-08-06,ab116b611daf8e5e5f22974be8e7798cda03ac74c93a472d84a68c3593f897de
sample-7564.eml,21371,2026-08-06,86270a359b640a69fc4be640f43a9bcdda8927fc15417ea847e87d8e99c2eddf
sample-8548.eml,16132,2026-08-06,adc7bf3898fb53fa6a76c42e7cdc16c8e226f47dbb787e16f33b69e12870cd6c
sample-1273.eml,97615,2026-08-06,87fc53dd2486a258f1e7cbc6ec7a5ef1bb57e193280a0f1b2764851fc2843aab
sample-4886.eml,13943,2026-08-06,f92ea87b41986d3d507380efc77ce5abaf0e4ad2ae74c9c1f70a32f4c3e40063
sample-2772.eml,51536,2026-08-06,2c7f4fad3580d59201090b45188c5b093ec269f540b53002eb46cb6a953c607e
sample-3995.eml,18638,2026-08-06,8435302426eab2511f1fb33c62172f8ee9f843939e249e869eac3227de13cd35
sample-1835.eml,18545,2026-08-06,b6bc21220bac812100d2942855b9463173f6f55552988b4d51eab340725dd1b9
sample-7500.eml,26450,2026-08-06,ba3dc58ed3d6be5110e92f8607cc6b05091c25b398358a33e04e447133b6c3fa
sample-2217.eml,18637,2026-08-06,f472d7285b80608d195d231f56837cf1c478b51065495d8598ee682cea9a6255
sample-2343.eml,105092,2026-08-06,a6f69d3e8df8708e97e0641f013c968dd0f68e5af348e1b8d55d70d5176050f4
sample-3311.eml,17271,2026-08-06,91020e1bd951c7e73cbd71c9daf801377ad08b7b920325d9a55e1bd11454714a
sample-62.eml,33134,2026-08-06,bcd2bcdd0d870ec723b47ef80b8b76f3d5c965244b28a9bcc03da33291d54864
sample-1075.eml,188708,2026-08-06,2195981e67f9fc55e1637cdda0124b6b91e4796b500c59c9102c2f5ab0d2161f
sample-3865.eml,10124,2026-08-06,c4a1bf0d7c6e5999a4cfafb9117e64993646b7089aeb947fcb1a48b449eeda98
sample-5429.eml,17581,2026-08-06,e14d2208ba0a1eac65dec9fa16dee04dd18dc8429f7a88da013ad7fbeb94c045
sample-5859.eml,15051,2026-08-06,fba465533c0ac5b0a13b58ec980afa1da6a683e1c86be68fb925a95023a33d53
sample-4256.eml,21298,2026-08-06,7f3724283b09f6e35be1831abca71bd7ca50840e1f43f05b0ed4151e48c13d7d
sample-7713.eml,26523,2026-08-06,bd149f31f75cf041ff89fce63dd9069551e5784545a271c68bd39553a1f2a3a9
sample-3954.eml,17060,2026-08-06,7b2ebc4ef9f9d30680a3d9da49ba16ca5ba14d097b37b67199d904e650aff07d
sample-1413.eml,15441,2026-08-06,d284c48b444de33421e70016e52b0a74f06457ac02aecbed7ad1f58c48d0d35b
sample-3205.eml,12195,2026-08-06,d7aff8945d64d6b50d251554a385de5248af5bbb1d482e727cc893fa4d4cab6f
sample-7366.eml,39218,2026-08-06,7ba9975ec0c539699b1ea2cd47cd09c8faa865ea5079674e33731f5eb9ff237b
sample-1519.eml,24360,2026-08-06,e7c21c2f9f6cc8b184a066d85740bf7e4cc923f6f1927f3b7939bcd7d0b15c9c
sample-5284.eml,17172,2026-08-06,439d2dcc3ec0edfbf17d0c62eba1c0db2b1aa35f6ef26ded53e7680975d31490
sample-6763.eml,20248,2026-08-06,05a3fa5f6e8e49c4139cd26058dc3b50126fa5c86a8012cfa8efe094be7367b4
sample-1859.eml,81915,2026-08-06,07868ae3843c59092d9bb6626b34961db55d671f928114c66bd168e9505bbf8c
sample-3004.eml,21145,2026-08-06,7609d3bc3af1ff7463d29d3094d017203bbca74d8e6ec285bd6b07c36b282f9c
sample-4130.eml,30635,2026-08-06,79bce5f2dd56ce820c3e22c202b8524095ff2212907c3a4a5aa64f6339dbb05f
sample-5034.eml,15084,2026-08-06,deae57827df5f58cacf87158d0e1e3d9c3a96a9fcb5be9f3ce89fdec1d44f293
sample-2147.eml,19919,2026-08-06,c3ffb845746048bca1a86bbca8c95f727d30edf1ee78b4fe38eafc81d87c7292
sample-6237.eml,20899,2026-08-06,c466cf1d12f882016c6e263828dc96e6c8cc7053bdc32a9ce71351b410253139
sample-3544.eml,13153,2026-08-06,21b1e3f059d9521b7ca39c2c633bff14b4655d5bd8707562c340d4b293f0b798
sample-6727.eml,20144,2026-08-06,5393239c93b27a0877ccaa336aead5f7de019b5dcccffad4626f3230dd7992a5
sample-3647.eml,26696,2026-08-06,a96a52a91dbdfb05652d33e785907cf6ce92cb3e22aa76ffe84d1de0bdce8b30
sample-7240.eml,17016,2026-08-06,5b11ca1d529c80a6fedecd383c877ebfd348cde7f792ae410648c325d4fe7503
sample-1756.eml,27566,2026-08-06,0924af96def8ad64d5dda2553e3986bfececdca7655a3227b3327ec43269eb40
sample-3807.eml,28764,2026-08-06,399e0598f3821b381f96d24986845237e95f1b557d0a390da8c02eaa6f51af1d
sample-1909.eml,20803,2026-08-06,cda4c834d58e7d7d43e31d82d88c0a3bfab7a405318d8c6a792a920c602e24f0
sample-5710.eml,24281,2026-08-06,78cddf4f8bbf322b3bf70fd28fb92c31b47a50afe9f00ff086b43c2878bbf95c
sample-3986.eml,28348,2026-08-06,13069c4be520cbfead169aeeece0a520b66cfb723e428b23be5b8dd39ac828ef
sample-2012.eml,12303,2026-08-06,8e56cbda6a07d6d9135027fb52310a535447caf4511d6159716a77bad323985d
sample-5167.eml,8178,2026-08-06,4b8e675e2e9a4b1cefa1b138234c1ea61d92e2c6c722e93dc80374306355fb0a
sample-2740.eml,105307,2026-08-06,ba99fd59c9dabcb9ada6730bac5a3b8a101802f2815278c9bf683201314937a7
sample-212.eml,14050,2026-08-06,537b9f916434e8006b828dfd09e4c362bed9cc27dfc2eb5137805cc74ebcdfe5
sample-4641.eml,20872,2026-08-06,2c66ac84bbe0524a0e279c5ff3c03851f46dfea3d56fcc0cdaad07c260f6fb16
sample-5107.eml,13119,2026-08-06,3605b257621b0e7a8ecc57c42f531efac91cf1b13dbb53751b6047f3180c2129
sample-1177.eml,17633,2026-08-06,34487023cc52cd94ef99aef557de5fb600926b87828f9c14bc08b5b4270bc869
sample-4891.eml,40928,2026-08-06,784eadf968da8c630169faaa830910fa8d1db97f3f58f149d9596e8f90963456
sample-2692.eml,22462,2026-08-06,7b014967cc91d80fffc497a09e87ef562a9d333701d27475787cc1ba75cc897c
sample-4150.eml,14153,2026-08-06,fa04715ac215c0f07860c919230cd88bf50346f876e3a9516a25ce2c0512d66a
sample-6750.eml,18985,2026-08-06,7726b28aa35071461084ad7583ad162f9b634c33c3858e1284829f8572c690a8
sample-4801.eml,29074,2026-08-06,f5920585bea80bc2c923ecd97bccee60647585afe7faf6185cfcd0fd99d62a0c
sample-186.eml,119505,2026-08-06,cd2e8655b2d6a339af1ced8b7c85f1924a4e9088f5504f1ad1ee0bb1d3b05848
sample-5742.eml,45879,2026-08-06,fd16ffc015177dc9a70aef752d3bea9ae034056d38928c77248e3882a68be55e
sample-8275.eml,467633,2026-08-06,e2fffacb992eec51d250b379946a9659d0c75f3c627737155ae20c1efa5e7351
sample-3252.eml,11285,2026-08-06,2e4221c4c9b6315bd9ed9f504b120ef443033c26b4cf214b75a39440732de2fa
sample-8212.eml,14120,2026-08-06,2335dde599d9395f8b4ef1084e6158c3b5c99a745cff98df5dac0848455ae480
sample-6313.eml,24049,2026-08-06,baac90911c6d428dc4d63a7f98366d7b1fd9a85405461659fca97dea47353a66
sample-7583.eml,36900,2026-08-06,26a3705b929a52628093e3abfff3ea33ec61d5104d83afb87fea2bef6e2cec90
sample-6123.eml,64649,2026-08-06,75462ebe36756a261c75a5e666a12fe71fad2d4ad9114263fdf6efbfff3240da
sample-604.eml,46018,2026-08-06,775f72c545cec998607f52d916617b42bac800012d5d0851a7d379cfee1e110f
sample-782.eml,24936,2026-08-06,20e04a7c9fd0ab823eebc38affa1de5c0b75fad1a8e011f0cd0a7a26e6f06c67
sample-8020.eml,21126,2026-08-06,30dd10aff12c7b3908a4b52c2e899314c4a4df88639428c3c5adf1f2d619fea0
sample-6579.eml,45562,2026-08-06,66df9691d9fe5ec47f5c6edcd115b31fc1ccc757ef12ee3b386efa6e6470cc39
sample-4394.eml,17883,2026-08-06,2aa96184880b349e69b4dc5b121233c1847d8cd3fed1b374cf0ad67552eccfbd
sample-3592.eml,18865,2026-08-06,20e53466c4be9952a85a66af6f4e3e21ce264f4f640bba1a25e078ffbb603d1c
sample-8489.eml,16740,2026-08-06,688b81ba342c0a058443fa32fb450abc531028f6eb3e20aefcbab1c4be4ff8cb
sample-5594.eml,11385,2026-08-06,c0bba6c2d1a03f999fa31cd04f8e7d30494a3d0b725ff1ca4b508c9cdcf26ee1
sample-8013.eml,29702,2026-08-06,75169d91fe4fcff822d22e204c19c506a45f8c769c954c73a9f90056c1571e39
sample-5017.eml,14603,2026-08-06,880431174ebd556c9f7e93bfa60ae4918acbd03a370697cf21967d1e24d07ca1
sample-3247.eml,18299,2026-08-06,084b370bd9fef4d3e3ab52052e2792e89de32d782356e8d4ccbf3d5b68076cff
sample-1219.eml,29172,2026-08-06,8c0c9bfe15479abcf44e4750104f6b87d07074f3bcb910787ec0d31a49b6c0af
sample-8519.eml,17806,2026-08-06,621195d90e2e30bc4a162fe2518b4619e6ce671557f8ed90a727b204920b509c
sample-2670.eml,16455,2026-08-06,3be424f4f11aa6651b1af4cdbe353dc78d1597b4507479854f7d7cc102bfd0da
sample-5292.eml,6763,2026-08-06,997960f57264868059847a6c3e77a9802103f955d7906c5bb0b1e82faf0cf288
sample-1541.eml,21888,2026-08-06,126ce08c87b7dc464a215c27df2e99757b5861f9b69c7d549f7f9d250ef6b039
sample-5214.eml,13606,2026-08-06,3bb3fcc5489b8e0efc88fb53d76ac0ad031e14559cb4d7cdd06e9c05659bc8fb
sample-5995.eml,19974,2026-08-06,1256419816d65a8340b9b4a32f76d2e541d929176baf1c13af863cf847b77176
sample-626.eml,22774,2026-08-06,9312191f4c13904a6ae293025830fb8dada6cc5059bdb9b98bf7f7986297ed4e
sample-6375.eml,32892,2026-08-06,1a77d75cc672d6af83e64a57eff18b5d78fbc2033978a26764fcf85556e236a0
sample-2619.eml,52186,2026-08-06,8ea5f8612d4662bdc26de691a2aa18f36b9dd79f554862e786045ffbdd187983
sample-6009.eml,18573,2026-08-06,f1d690860c478e5288e9b6a8766eb36e3985c028a39960b59874924e82f56b91
sample-8435.eml,15896,2026-08-06,a72f6547c7657caa55315e5384098826737dcc4951991eb5c6b8ef30adba8652
sample-1794.eml,19216,2026-08-06,64b12ac15daeaa6c0b51dba49588a2f9b21514c20c3c864e6df022c1b1961da5
sample-1257.eml,7011,2026-08-06,d59b72a4e11ec393a114f8e7bb42bd8adb0a48718ce73cdac45b0f605fb08651
sample-2566.eml,16117,2026-08-06,1e508f50f930507cb1fdc401f90c39115cf74e408c194871ee8972d1c828ee8a
sample-5784.eml,18595,2026-08-06,5dbb190ed83f1e0c4544bd4ffde2b14e25665f82dcfbe3452a7eff4a09c3da54
sample-5847.eml,49439,2026-08-06,a0553788c1f53a41816995f756143d4fd6b14c27eab13137ec2245ee93398775
sample-5896.eml,18849,2026-08-06,092c742dc8d12290ea2829b93602556d01c1d009065104689fd627fdcfa9d25f
sample-1933.eml,19879,2026-08-06,2b6523f58ebb0dd33521e7d855030de5991e00ba613e2958b4ad89cc22fda48a
sample-6956.eml,20090,2026-08-06,368dc66ab5571da17314928547ddc0da4120ac803362f9c0a0c76cfea5353b3d
sample-6261.eml,24189,2026-08-06,e9a0b872e673dfd130a0bf8db4f080e8ad72fc4cc3544a7227d3dfe8628b1d3b
sample-5215.eml,33635,2026-08-06,21f24fbf242a2aa68f78adb351b0832dca7209b8fe6477321e29976318ce070e
sample-3718.eml,12671,2026-08-06,b555b30d888c8ef210134c538591a2d3599b6129a20228457b0aa726c8d4f2ba
sample-5909.eml,31944,2026-08-06,ea699e84259247c99d13514d4751a496ef6e2d5609484c77a92be1c934081e52
sample-4502.eml,16836,2026-08-06,d3bfb4b7d3eab5603d16a152a66e15027be27396a3d85c0bc6810fca2d855253
sample-8181.eml,17123,2026-08-06,d37470d3e02892197b877f19bad1b18fa38567bda4684cbef5c02fd9e70f6959
sample-7188.eml,17378,2026-08-06,a5e9ed5f4c16ae80afe3646a337b8ff1138d671161d564307526ed2caba41859
sample-6197.eml,48300,2026-08-06,efaa828f559f4f3316bf3867cdec88541c9344870f06666b770b96ec14157818
sample-7778.eml,41562,2026-08-06,ec109bdc4dbecf01c88570835f4ad6475c33c6eca6c8eff4c115e0c10b8a28e3
sample-4174.eml,26315,2026-08-06,bd046709ac579d06fd120d68a1c330ebeca425269a35bd9168d6a3b51a2cfde9
sample-1907.eml,16343,2026-08-06,75e8d7034e017df602f67ed7ec7691f702dcac8d84cf686541ba5b7c8f172b1a
sample-3974.eml,12283,2026-08-06,c55de060dcda57d55ec727fc52ef0fb93cee8697b5ad82632a84c5d5dca56052
sample-7358.eml,36900,2026-08-06,b496bf8a64c83f7cb3a3b881c26ea28d4b550e77d33fd7dffb6bb7844b56645a
sample-5843.eml,55898,2026-08-06,0bd32bff014ea657ac71eed939129ec5be891967584bdbd584e6bf419aa42b31
sample-7552.eml,21325,2026-08-06,3499a373f7b05cd8fbc20c090f91ea655b4e0d2f157bed3c270b234035b4c0e0
sample-2178.eml,12783,2026-08-06,dba77c7197e767000f8d8a297edd60420dd3b97347f61b413a643c27d1e770df
sample-6069.eml,22285,2026-08-06,a96691c1ad750612c793da0a69c5e2b555f462b836be7813c84e4dc335ea0344
sample-3878.eml,27060,2026-08-06,f8e038a77e9945182b14df97aeaecab92272e113b9daaab87fa388288bc15f47
sample-343.eml,19780,2026-08-06,7455c4b578302d0b92da364a26933ad91446de681c42caeb5d9dc377b2f1a5be
sample-7919.eml,13342,2026-08-06,19da63808c907f88798fb8ffd0c10231311789008c12cd0c57297dec1fea4451
sample-2665.eml,22116,2026-08-06,5aebc7f2a449f3f5116efbb03bbd027c053302e237953ff806f1dd73030560ed
sample-2488.eml,14252,2026-08-06,7ce7a4b6afd84e650bde47a3d72bdeca78df44746e88ce2c9e6628b1a24692a8
sample-402.eml,233946,2026-08-06,dc09d68d642aba43b6c4775fcccb0410e72f6a17b1dc5cc66afc446edd808607
sample-3449.eml,129520,2026-08-06,78b9808a0b8a6709f91a63f4e2d670ebec9abcd25a2df12c6d7f01b57cc5728f
sample-3530.eml,86538,2026-08-06,6bb8c717cab9bf5240f3f65903e28367a83ff24cb2c902f18ff59e6caf9c8c12
sample-2258.eml,12436,2026-08-06,60d16a812d7fbf6a32c719c43aa96b7ae4bd6e7be49caa379fa306f159ea9cba
sample-4597.eml,17646,2026-08-06,f364e5012bd3dc918ecb8ba6c09d1a7e8424b11ac2ed19928f8b8c4a950c867b
sample-7599.eml,23132,2026-08-06,3232db2be5a604f3b78186716814c5721cee81f17a0ab2e6c504a9b4e559a2f0
sample-6340.eml,26017,2026-08-06,2de3e7ca68badb1ab6273438a4f8903818978bcc60893144c79938850c960ab8
sample-6673.eml,19164,2026-08-06,6eba9992c2646c0e853653ace44832c65098f56f7df86fb279b0246cc3693b3c
sample-5226.eml,18195,2026-08-06,90e62c9e841bb7df33dc74ead34e043232cc51afdee0809af0eafc38983ad2bf
sample-3853.eml,40395,2026-08-06,08c447e2cf15dcac74a688b39655975ed31d45747c1e9e9a10c025458943db80
sample-4048.eml,16348,2026-08-06,44876ade15c724fcece9e66a4343bb1517bf92969d71e096b28adfd5543556b7
sample-1745.eml,47023,2026-08-06,086de57b913037494241f155b31319d1b62541656c41dd3749f1659d052dddb8
sample-929.eml,49756,2026-08-06,7f44cc4a24af8d5ceffcaf6002d0fbfe502a081fe1408beeeb2ef4a087362033
sample-3266.eml,23055,2026-08-06,d07e96d46893c9224bdff16c40edac7e555575eb70e4ce8cb573f2572bdb9f36
sample-4527.eml,11276,2026-08-06,39bd4520b74674f835e88c6932da957cc239dc03abcc2395ce164f48d6d9981d
sample-5831.eml,16052,2026-08-06,02b39d4d37affdcd00fe7370a8ce2c40537a96903ce8d462bd3b0ed85f17f970
sample-8504.eml,15991,2026-08-06,3098df9b27b685f029cb0c71cd243bc984a273b56e95db5e55c213f6474f6daf
sample-694.eml,27872,2026-08-06,a30b28b7aecfb4752309de44cb17e6f9205531120bf48792774fc6113f261684
sample-2998.eml,17553,2026-08-06,6020746f2f79fef4fa224f0cc218a884d4ac5b9804bc799c9107754c149a405b
sample-7146.eml,20217,2026-08-06,48a7da1b277106dc3538c079febfd3b375dfbba95a3f1e7492b984ca09da0c60
sample-2021.eml,21784,2026-08-06,df17182a4d5014e0f093cb7824e02f276a167ded6174043cf33ebd61bde597e7
sample-707.eml,26405,2026-08-06,d3b18f9f0c44b74f690cbdd08d92227aaaec69c34c29c7fbcc9e564d7317a637
sample-3665.eml,28434,2026-08-06,86d1a55e39fd903a582449eedb19cd6db33105bed3009ffc63cfb5ce069bd121
sample-1740.eml,18304,2026-08-06,1cf7c743402e84df7746225533507a6844b52ce72da4e78c3df3830c54e2ade3
sample-1314.eml,11202,2026-08-06,0e75809c78eece29cc9cf633dd8d352cd8e3bdce952e2d6a9c4447c2ae70a1d9
sample-7649.eml,22123,2026-08-06,33188aa336876809f011f7557076ff1eaf9a531ecebdb1bd6ee33dfda695e7c1
sample-7447.eml,19823,2026-08-06,5324e87808fbb019c89a35f65ac3722907f1afb360f98e2f16f944bd87b5c5fe
sample-1646.eml,18172,2026-08-06,9f8405917f7946d87b2b8cdbcb54098de03601c64361135b079c9740befd0a8e
sample-6967.eml,44000,2026-08-06,449e4d643e3071c1301b7151d4807fbaad35053432f4f044067df6d33b8227a1
sample-5008.eml,9076,2026-08-06,6a4da2615c1f4517651c2defb00841e271f822bb7f513015635c3b247389e988
sample-5930.eml,24175,2026-08-06,39441ac92d3e34bce141717146a10f28535744dcd24784934b0fb47360ecbcaa
sample-1666.eml,46772,2026-08-06,aa81a87eaaa3149990a078722805466018047cf448d0ebdf5f02f7306c5f74cf
sample-2776.eml,22902,2026-08-06,eea4b775f60454df013d3198c460a8aab329ebbf229b492ded70ff343fe95f7b
sample-652.eml,11970,2026-08-06,723c46ea0de7074f55ea1cd94db111e9501c2d135ff9d3aa10a64a324e59cf0d
sample-4266.eml,8654,2026-08-06,119252caf8c904c21b42268d0136e03cf5d397af0db9b87417492bce7324c6d1
sample-4405.eml,21338,2026-08-06,80f3c80a3c02976e07439913236f4547fbb4428f0e938c790150e9a4a2554218
sample-8156.eml,468913,2026-08-06,fe802da40b2b10abf04ae1473027b2a326ac6fcb22291f5bb54f352d653bc142
sample-4744.eml,13017,2026-08-06,fef6992f616fdce5b8311ba3e32550ff243389fc1114e0c596f345ea71981847
sample-2275.eml,18189,2026-08-06,ca19135ec6b40f43632791bf39e573a8c8d74856b66b7242c62f3b0241c927f6
sample-92.eml,42850,2026-08-06,eb62c48d5ce2e09e66fe9a7b7189619e27533f5494922bb6273c1d869ce6bc92
sample-8203.eml,16747,2026-08-06,79a714d362a69ff91ac3585c823b023fdc9530860b3ec52d798d8086aad1b6a3
sample-4486.eml,22435,2026-08-06,6d7d5ab2d9407b2316e5946981faf0699df19ac57fa035e9637fb4d84a9239f3
sample-4918.eml,14713,2026-08-06,750e056ae9c77ff1455d198c13e8bb3529910e6ae333a6f43523250c5c0d9f93
sample-5126.eml,13969,2026-08-06,da562894a05a923b43f64a71ff210939bcb6864d72c9a8b89329d38d8042bbee
sample-1449.eml,56186,2026-08-06,6d80633500dc70e8523341d9bb94f0b566f0143bdb5c83acebb08b27a727d591
sample-8289.eml,13322,2026-08-06,e4028dac753bb8d57e17bd04a7c10a1a265a8d98fcac73943d57bc6baa8880da
sample-8258.eml,16911,2026-08-06,18cd7c76e6f568ff0728e3c41363023c6bdc95a9da570e34388524ba8646370a
sample-8251.eml,466884,2026-08-06,b68564a26979659cb1eb3da7170a24ca5f173bc6b7ac85ece220dff333fddc56
sample-1735.eml,18818,2026-08-06,8253aba06438409c522227755dbec6e872da3c83c31482160ab176c8f7915d50
sample-8014.eml,12657,2026-08-06,8be01ae5ca72e0ed9ead84b171efd994bcb3e5a6c0f2e0ca255f61508de11665
sample-1055.eml,15188,2026-08-06,cfd936b20c611e391cdb26a07426aaccf858bcc4ff349b3ab10fea6565ae2863
sample-788.eml,24782,2026-08-06,10a07db2035a2919904963d10a87e13bfc042137bbe212687f1bfdc552d04cba
sample-4961.eml,14712,2026-08-06,f88cba443598c446652c15a37e026f2b2b2f899c28656a99288e3acf8e7e84e1
sample-5211.eml,16023,2026-08-06,8009314a6dea31c82f43b2324fb9ee731c44662c2801c03ad6ae3df0de419935
sample-4129.eml,30697,2026-08-06,40aa5aa0b3838c9c8156fd31ad5d1538848647bb666153c5c2ea1ea8f6aa33c0
sample-7712.eml,4052,2026-08-06,efabdb9f3188b62f118e453f73ccaa699d7736326a4c195a63884018ee987832
sample-5003.eml,15132,2026-08-06,fa4a6df8d8d4a3072cf7551e32ac649fb3895c09822768724ed85230723212de
sample-7743.eml,41421,2026-08-06,aed0db29d263cf62eefbf4438ea1cbb325d08ec879eab06ba657d9849f230124
sample-6238.eml,32041,2026-08-06,a5af25902e122231942b5b88460ccecb9910fbee661e3939ea8f581d08b54d2d
sample-5539.eml,27984,2026-08-06,a9970ad1759e52655c06a8e0dd2c4763e4e817896f57abc46bd81303d1cfbf17
sample-3542.eml,22279,2026-08-06,d3451b498f2e714e91cfd73369747619e05f73e9c0e164b95d24293463c9af86
sample-6702.eml,16271,2026-08-06,b1465cccf5d32e091d1d2ae8b7fcb0a68c2fc6958500b353887c43702863a4d1
sample-3088.eml,38683,2026-08-06,86c6fc3d9673cf69bad9e4d70b9dd93de0b18d3f1716f63fc77612fd0a9c6874
sample-7003.eml,16402,2026-08-06,3f221552c592930820ab60d6f1862cdd4370f5af159cb088f8012bfd80eb6ccf
sample-1185.eml,16198,2026-08-06,09798e0ff470c942f4e8292b1de5a21411a6619f504c4310c9110ac709aa744b
sample-4018.eml,28690,2026-08-06,88618c14191f17d47a119de4e19e1d61327521c4dfad4b84fcfb68ab4d63cea1
sample-4853.eml,27704,2026-08-06,dc641ce32c5edb76e4c51ad6e260dede1ffd8383d4c75b4305bb42bb115152c2
sample-4983.eml,29619,2026-08-06,1a6b4c0966e3e9e3d0f8f36478736efa85ee0b8a96205a29cb653294ca77f45d
sample-4321.eml,13014,2026-08-06,84d048d3fb0e85e68f484946f1d68dd336c874289c47b4d1430c14c2131a56fb
sample-3522.eml,13049,2026-08-06,f3098fbe2ae5ba50209be980a2d43345bcf7ffb069b7d4e516c45af05bb3ff59
sample-3122.eml,20811,2026-08-06,d7dc73f5097717369e883dd48dee3d00106cf5afd857105326807967f68b2896
sample-4810.eml,11070,2026-08-06,d45af5b5e31934745e46320fb82d27b60cfeeb38b3dbec7800022ef5f02f67e7
sample-6165.eml,23748,2026-08-06,2e3f72c1d91e01abaad713745a09eceaef69f90de37ddfb124bb92f924368ffa
sample-1602.eml,18279,2026-08-06,e09d9b3af80671c34a2da053c9bd06c4a448e5024d414d209516e0272ea0f7e5
sample-5157.eml,15357,2026-08-06,0dd8ee9daa4b9db8c30db2b47b9034776c9ee5624de2f683bf4b8fecb120f9c1
sample-6992.eml,11740,2026-08-06,bb681f1b35a4e44be9c986cffa931cfe4bdba6b42129eccae073b598507d4e75
sample-3687.eml,15039,2026-08-06,57fc9f471c56d2eb0e441be8fcaa8f7a910b22cf8852d658d66e77077f92491a
sample-4179.eml,87099,2026-08-06,ccb5273a23800316d69ff2cad4cfc35c8c7afbc8dedb22e1c7369053229b6a20
sample-6920.eml,19367,2026-08-06,25d0b73234bf7cff8bbb71b050542d748c7eebe1bf27564b809af02badf51804
sample-987.eml,24911,2026-08-06,e14fa91ab052687a1311416acf38d7c06e582fa921d7851215e5a3f2b6f7091a
sample-2804.eml,18647,2026-08-06,4928fcc16f04dde660f413495b65a58b6bdc4cf78b6498191c6e66ec7f836ecb
sample-5839.eml,15253,2026-08-06,9d08fdea98789de988b4f57073fa66b4815c63b8f492cc0cd1249ecbb2ee325d
sample-7424.eml,21805,2026-08-06,f97274a30ee6a2664f33afc53c26d1c927f5de8d960606a944b38c61d0398def
sample-2781.eml,51540,2026-08-06,e34e3f339626f825907195aa6b9c270aeecb26905980a23d754a4e1761e0b113
sample-3905.eml,26903,2026-08-06,8a88af74f3bfb793e116fa1c56b47c4a7ba520c54e35bfd365063cf573bf9167
sample-1610.eml,25290,2026-08-06,fc743a41896ddbcb9228ee1b88b1582e53f6a683cc2286a90f293fb8ebd91b99
sample-7326.eml,10706,2026-08-06,410c468003cc2d49f13029210adc8f16c4e34585df1dcdf37a1f13d020928f39
sample-3860.eml,41817,2026-08-06,0b0425ad6c5faca20f3ac073e7644f17a2ffe2dd0bd8795f940fe08d5f373734
sample-6130.eml,25658,2026-08-06,2cb24a8332435a269b21c7f2eb5d0627ea3a56a67429ede09ddbd79295508d81
sample-4786.eml,75646,2026-08-06,b314eeb54241998efea819550ef005087694b184633a0aae6f8d9a125b392501
sample-1563.eml,17509,2026-08-06,dfa3f28d0c7d9362386387c17ecdee02ea8b6e6fa38683fa300e2d7733431d1e
sample-7302.eml,18059,2026-08-06,32235f6325cb4bf411a85222c23bd1c0be2cedecc4f828a02c7f564f81980b53
sample-7373.eml,24975,2026-08-06,bbe27483403ee6b8080ca6188ddd8b404c42bcfda07693a00b266e09aeacccb2
sample-7287.eml,21139,2026-08-06,cec07697cf1c1a5997d540e5b1705205e050d4c0902b532b5ae38257921fe522
sample-225.eml,11925,2026-08-06,c1f4aed62141989a9d522dc4098e3792ce1d7ba7bb418ea73edc328d55df4465
sample-7472.eml,21468,2026-08-06,cfc36c506071c98a81b446109980510142444756b74fdf824444914abbff99b9
sample-2462.eml,34117,2026-08-06,fed45dea61850d7474ff40e95d69ef2fe13ade422574b4287b5fbfed749fe537
sample-5082.eml,14039,2026-08-06,4cb1dd6dc9730ad40395e0eff10b531aefd1598283fdf6f0c79061a177cbf46a
sample-1719.eml,16533,2026-08-06,c61f7cdebc72eb33fcd5dd32c47f4dd66829422c008738b2e1b2c500f19fd80e
sample-3418.eml,40382,2026-08-06,f138383d67bd85c8d171f1c14ce5be30e70f48e99ce67a13be8f555b6c09d015
sample-2699.eml,19769,2026-08-06,600c28e41e5ef61e9fa251efc1fa6857394de0407a656b19619ebddbff949ae5
sample-6152.eml,22599,2026-08-06,4c13438860c50ffe5e349f79919fbedd1de97751d9cd1e91b7be51d060cdf0dd
sample-4314.eml,71445,2026-08-06,8a7dbd5da403860793b5122a2a1ba8b30281e008c25b27b957be33d4fec8098d
sample-6729.eml,22235,2026-08-06,59b948c948bc8e7a4bcb467e376445e1a3e73fd4fb017a9042372ee6997a7ac4
sample-5402.eml,16348,2026-08-06,8041d03245d5f340cf8c548a4645bb8698cfc87d7283c5398d8a5264e20bec61
sample-856.eml,25517,2026-08-06,fdae9d7a96a196bb05a7eceb727009d5d6435b9e1847beb62205fc9067d0706b
sample-1728.eml,20331,2026-08-06,6a7d4015be49ce5baeaa743b72feb1a1b401267ac31aa69da5a13dabcc61d753
sample-6036.eml,26659,2026-08-06,dfd559deb13594855a7653a291ba17d184d0ea66e061d2a0d506f555456b1a23
sample-3285.eml,8102,2026-08-06,1077350c63329d6d55db7eee72f086b2d50013a90dfd099a78f634d47ad7ab0f
sample-7872.eml,32678,2026-08-06,17b3e67faea80112c8c5aa3b369e5506f7513443c4fe5e82bef3834de81c54d7
sample-2848.eml,14667,2026-08-06,ea491e1f9826a53c2ca7dacaa8c097ace242092f770cee51349301de3c20131d
sample-7090.eml,23377,2026-08-06,e628fa5c7b6008207d8620f9210d770d378a47706500b69bb202da9ab7ab14cb
sample-7747.eml,30247,2026-08-06,3238e59d984ff8b9e5d88e889707d641fa476937adcdb04288ff7c9299d1604b
sample-8401.eml,24984,2026-08-06,f703d3d159c6fa5331655b7981ff20c5dc2d5ccd7d97b722c579b42bb52a4ebd
sample-459.eml,9123,2026-08-06,6d3ed396d22b79a20725ff4b16454b1a12b6099c4b0bacd9e6b1760a449f92f2
sample-1245.eml,235017,2026-08-06,81a516d3028bdf6032708e7288fb49426b0e7399cb7ba694c6be978039a60407
sample-4812.eml,10922,2026-08-06,f8b862b7736e40d14e804f1bf818f06ac5400de71f0b7c5da93c959998b34b63
sample-6033.eml,12310,2026-08-06,1f23247d29c2b83f6a8ff0efffb88536051353bdef41002e663dca11b60c5e70
sample-2728.eml,105184,2026-08-06,29c9aa6025dfa77c28ffc82698deb665aab2c37abb3f71e1aa312ef9d49a0970
sample-3077.eml,38648,2026-08-06,2de3b195c3897732dafb97c77d6b0231e71a0ce76be70f0396dea50e774f2dd8
sample-4014.eml,31301,2026-08-06,13a12f029ee9a6f78995eee3e54c06412cf845b0342061a18f9e04249ef61132
sample-1597.eml,25079,2026-08-06,45284f9aca58c4a8266296ee35e55bc91bccfc6ecb01ff9754dd67b098dec63c
sample-7018.eml,33488,2026-08-06,0396a309bf1bd89d74f655a7e184a8997eb20f10a42e32f597a4d97d7a0da4a4
sample-7541.eml,24185,2026-08-06,3ecae69d6dff136ecbd3dddcadd32ef7d84f9ee35dae2f4a685a19aee28fc21a
sample-8494.eml,20237,2026-08-06,5a382557f727055fdb67e190bfab53a0a65c5689462ac2c596ffc872eb82aa3c
sample-5969.eml,18657,2026-08-06,1aa50ba2c3992c77818178936aed92d93af796badbb48fbf9116bd42175a5ced
sample-4280.eml,35255,2026-08-06,5a1edac8789b0fc4fe6fe8d505e6f40edfc386e21664b360575df6bd1a7c15b1
sample-1604.eml,30678,2026-08-06,17444e4629578391678a9b159df87cf4bef6699ae357a7590ef6d3ac20eb7f01
sample-5089.eml,14131,2026-08-06,76131b648e56880b0ff3f6497f37f2adcd1202f69dc35807c8f173c6458a41aa
sample-2685.eml,105743,2026-08-06,ca2990c22d1b28229c173fa65fc8e5bc4df5ee6eb857ff7752814d080a1a94e5
sample-6658.eml,17052,2026-08-06,b3227bb2ca0782644ad9101fc98753bc59192d8b0caf55c6faa07a6a47137b3d
sample-1100.eml,75532,2026-08-06,055b86540b3f85193db5d84f0631cabb141167f955a5c3ac78bf6dd0f8624069
sample-7964.eml,16326,2026-08-06,3db8cc60e1a8835837542e341a37add9b454d2c7be69537f3f33fc7063f80000
sample-3299.eml,20986,2026-08-06,53cf8384d554cfd4dd3d6e69e7698386a8ad7c45ec7e6f8a9b5aebbcbc19ab17
sample-4161.eml,12762,2026-08-06,7f6686e9a5b0af7001cb6e189281052275b476fc7b8863c289b0a0472db97653
sample-5505.eml,22862,2026-08-06,12e2e982389c216b5e4d5e0553fea52e24473ab83d30fe8b19151a7884286dc2
sample-2482.eml,105032,2026-08-06,d631b2090a797c6f8af6c687325696593c75e2d31f877ff6e2d6ae42695016d5
sample-4471.eml,11816,2026-08-06,f179805b91017be7089d59ae561e55b34bb0e17447ea460b4777a787e4e18569
sample-6474.eml,18105,2026-08-06,c52bc6f36a683ac57bf95d3a26afa082e4576c02a59339d3e2252b20babba3d8
sample-6984.eml,16422,2026-08-06,b1630decce21137a14a4150513c5b388ad6ed976caf0096d61203a0d2c960ddc
sample-3089.eml,38446,2026-08-06,33bf88a65632f8b4d9d6bce5736ff2880b3bd15329b854d8e2c36a576d2c559a
sample-2777.eml,23570,2026-08-06,1309441d622145f9eb8163d78fe07d0959909270f860117ff7a51eeceba79be9
sample-4715.eml,20697,2026-08-06,36a7573a21cc9e791c812969e42dda47e0dced0af593f420e4506498715fe2b5
sample-4851.eml,12092,2026-08-06,f9f6fe472db35e06d459193084d733b02773fe8b1db485c4f68e7e39dc831b05
sample-653.eml,26070,2026-08-06,9fb5fff4d306171e9c4e314b60a801b64a785d9e3718eaaefd6d405623a8b980
sample-983.eml,23020,2026-08-06,1d8ded00117b26b567efa1698601a9649697b529e7e9f12d8f8e44fb2fa10972
sample-7589.eml,22025,2026-08-06,7608de29f4643fc49446675bbc099295e81ad53fae3b3f54d40b3dbc8f26b736
sample-8452.eml,11231,2026-08-06,ecf6cd2f3c9625607335ca6d2cad60d1a42e32f1a058e082cc9b6b7ebfdb97bd
sample-6602.eml,16998,2026-08-06,5e62b1cea276a9a3f9e01e759c07f9cedb508efcd89e895e8e0f9e8721803071
sample-4678.eml,26870,2026-08-06,380db640208d3b1d46209fd97a60d1331b2a44d595da531f254071d611dd0b23
sample-1736.eml,26221,2026-08-06,eadf2b69b46eda090adba314c6cb8f404be1e537ebad26d2cf693ba8bb06d6ca
sample-3826.eml,27272,2026-08-06,393deb01c423c88f95cf50f6bb2947a591f2c1a258f8f0999c50271858ef6b4c
sample-7203.eml,14687,2026-08-06,bda5b177eed0aba3355bb5efc0fa47ea9bbd0930203cc4bde671c16d23e875e5
sample-5435.eml,18186,2026-08-06,17e2f7f2d38755d437c111f9c01769abb9bea84586f53105a1019050a020eadd
sample-2659.eml,23318,2026-08-06,dbe0e6f1fa8b8e67bc9ddbbd9f1ba7fe92f7c25b48ea8206fb4b3e67286feece
sample-7508.eml,20828,2026-08-06,3aded2babf7fb17233ff1aa97cb1dd8e87750567473c99d7ed5417e5d2d5a92f
sample-3839.eml,20369,2026-08-06,cd564b121c20a8426ad6e5503e5950c28ec061d55ab7b8797cea1703d4536f21
sample-7937.eml,16482,2026-08-06,837c73e4299cd2852c4846b709fe17f3a8883bcef945d6064b2722e8bd3d4e09
sample-1109.eml,9669,2026-08-06,67e0fc7893ed895de8c953ea88fa77e02aedbcf35aef777ea0b9b648b2ba6e32
sample-5291.eml,10341,2026-08-06,26660c85036fc5a393d46b45cbf32d1546634fc82ab7015c46b0dfb7faae4a6c
sample-3578.eml,13085,2026-08-06,b2dc2beff4516e0d5ef62d63b4e2c1696731f3aa0a403946c69bcd4f434087d1
sample-3763.eml,27837,2026-08-06,d195fa95a125cdd36acbf146ec08f50dfe1bc8b4ee6d4b934fe6667633796706
sample-8328.eml,473845,2026-08-06,fd5a9cdb6aded9cf0e34dcfaf0c3fcfa31309c3c939a153c0cffa497de81199c
sample-5014.eml,13151,2026-08-06,f13aeac41b9106955f38cccb1e6c6db37c3c9c73e7133e34d6279fc6332f3c1d
sample-7886.eml,10748,2026-08-06,9088723b38824e62836718e004e6f58f3cffd76acfa307e751676e8619485356
sample-3509.eml,40155,2026-08-06,0dd0378dc69f499d68bc3e36d8accdb849649f7cd6369e1f0ddfebb062185c6c
sample-3344.eml,88812,2026-08-06,f3d13277a7f9c0c733261d4d58ce242e898e1e8cb7f8f66ac0c521a11d147369
sample-6262.eml,21143,2026-08-06,6d98734f12628d5b97d99f216bb2c98b185bae0408119a530c6e9175260e1d10
sample-2770.eml,19943,2026-08-06,56b3da35eb9cf49627f1906456d1ed34da355b9f4875373426180d601291a802
sample-6187.eml,20890,2026-08-06,84e7d90cd9d826ca9987047db3873435c8fadd5720a626ed4f4d6ecbc1290ee3
sample-7735.eml,20215,2026-08-06,34739ade7374f94e9685f938d7d2fba8f097fb1335ebd8d3f67f048a2d27fa1d
sample-7621.eml,17494,2026-08-06,d5a7c7d03f9bfa67711cf9d7eea78894afc1d83f3feca3805e86517442ef1d88
sample-7715.eml,24355,2026-08-06,42d26f1e3c560854e442c100aa43a8245bb4352cc975570118acd50c5fb1698a
sample-3514.eml,19178,2026-08-06,c554414957c5b0ffc92aeb89e122c4368497d528afd92a93f7011ab9c90b30d2
sample-3354.eml,62721,2026-08-06,4faaf765bcfad974e18674e7f673708050231a7597c72ae5f52b49ccf22ef2e6
sample-4720.eml,22459,2026-08-06,8f60880c6588fc13ef8ed1976cacb8c50c131fcc9be706f1c0bca7dbacbe570b
sample-5608.eml,32653,2026-08-06,b2caad65b4db9b4f868bf6066855da0b571715d56e4f0f988236c0abdbe58014
sample-5679.eml,14985,2026-08-06,08cba63521d44ca474f31ef8b0ee9678eccdaed268fc4aa0d52791ac83a449e0
sample-2779.eml,19813,2026-08-06,0fa42473308671e18e29086c6c590aacdcb99a7e1f6b9a8980bcf27f0ee4e3ed
sample-3457.eml,20565,2026-08-06,f8e79da3f0682d757547733ba5ed6d9d6ff441e5269420d2531c554c2e93ac78
sample-2303.eml,18764,2026-08-06,eda413a7727de7b378c95ac7629eea93793d43a32b1a122e1cae8212b533de31
sample-262.eml,16865,2026-08-06,ff79dd1a2c71a3e9b77fc057abb0b8be7cd35c61edeec4ffe0bc7088b1603cdf
sample-5080.eml,16762,2026-08-06,141cf57a6eaf1748e6fc20f4861091e38dcfbe5780606af9d40b8efdc1d6e48f
sample-7625.eml,27179,2026-08-06,263b166d4819a85220e04e450dbe581b4fad013f0cefb11e222b2e9ee137a743
sample-7390.eml,18000,2026-08-06,d3b0d03bb16561e1a06ff5d32d1955f366a3609b7d74c789760bd74f4f0a41dc
sample-1834.eml,104801,2026-08-06,71d83e19ef8dd96d103104c898bd914940634a44e009b6c31b23c4575c5f0169
sample-3184.eml,17213,2026-08-06,1d247131a7e9c65fb0526ddfc79b3f1391a5fb80529ccb3efe24fbcc9a46cf2e
sample-1026.eml,24848,2026-08-06,d21c2b5fca384e24bc3ba143c019a73d1729ea930e1defbb0ce8e479cb4de54c
sample-8485.eml,13404,2026-08-06,62ce08edab82c28a296b199d72908cbdbbf27f71968853f84985974ec14dd710
sample-1911.eml,235960,2026-08-06,2d7366bcf8767292dbb84409f8fcea4d26178c13e9f7baded1f89f72b0802c50
sample-6669.eml,16404,2026-08-06,6254621158fcb9b36129b9261bebbe526a98b69ebb7b22d4469a27bd6920430d
sample-7902.eml,22182,2026-08-06,8eb66b138a007d111bde77da7015c96007396ac0cdf112ad9ee3e7f26ef01922
sample-3236.eml,49203,2026-08-06,338a86dc5427790851dc05dd102e4a01da4d20eb19c92e0940b77918009eeb24
sample-318.eml,17517,2026-08-06,07d13f1b68d1e464aed7672cf70f44ec45cf960a42042425a418f660d4c3c75b
sample-1476.eml,59327,2026-08-06,7bb8d944dfba005aefde2f94a8eafe99c605fdcd9b10180e1c34575e9adebdef
sample-8233.eml,468456,2026-08-06,3aea84c8bf422d7ebd5a0660a5e183d12d3a23371d66bde254d8ec534a25166e
sample-7233.eml,20548,2026-08-06,ab75f0f77d084a38587c1c2a06e0243050f9bd489522968fd4af261d3a50dda7
sample-3137.eml,12911,2026-08-06,f1167ba1843322b35d6a2b52db9c13802633af4952997f60d0c17a0f7193b978
sample-5345.eml,12099,2026-08-06,30326fc21aab7cd4d741f9e439449210685a9557c62492f53e442bf670b1a882
sample-7354.eml,10377,2026-08-06,0ecfef098b34b5082098e22346624f4d46c07ce27369157cc4b2a45d1670c4bd
sample-2828.eml,35768,2026-08-06,5152d36b81c49e5f1e92beb481fcc43bf05a29a6962c59dbbcd8e16f4ed8ccb8
sample-3686.eml,27550,2026-08-06,348d2215a4bfcc94f1f1f4d775bc7f1432e9960dd506931139d9d67a668034db
sample-6675.eml,14032,2026-08-06,00912d2220502d0fd7b34493fcd25f2a5ec12dcd29f4419e3cb97331c7c7f3e7
sample-7001.eml,16566,2026-08-06,a0abdc8fca38702932fdbfa63e6468163cff80357fc5a9b4db4d4da54246c0ff
sample-4870.eml,15180,2026-08-06,be82277aab51812e3a73a2452d267087669fb1d9da1b6dca2dc2749e594f99d9
sample-17.eml,90047,2026-08-06,773a6e34ef91a30f443ac806a4e124bdda1b48446633beac20040953ca1d4680
sample-7916.eml,27660,2026-08-06,85b085671af2cc5311358584fd6b15b833973b07051798e15a541d4992d7ffae
sample-6178.eml,17580,2026-08-06,0e526d6f404923b632716ffb68a6667b2e4e03c84f1022d6c4e348fea61853b1
sample-2682.eml,11061,2026-08-06,e97145a26f0109a8b202e0b6439ce23510ae6d8bfd95e66f88fc7292d3bdb7ac
sample-1940.eml,20090,2026-08-06,c54f15ca9be06e489cf51683dae8192f5e6ab419a93ceb5e75583a3fcb624cca
sample-4488.eml,70615,2026-08-06,52122e4890294ed99a97cd4459a19ac852a0a8fe156c9c1c6048def642462b92
sample-6595.eml,20064,2026-08-06,b05ca236423df042de3008a0f0e7a8766dea690e0b93ea5c8b332975ccc0e999
sample-2539.eml,22687,2026-08-06,04026897240696db3929c45cd41e67baf1f7590f9a0aad00478fefca9140c3fe
sample-1034.eml,25293,2026-08-06,eb12310132f9ba904b52b3dc4fba06bf24eeb93d59886b2960fd0833d0a1597f
sample-2049.eml,146756,2026-08-06,f821b03b5c9ef7344ab370e248137919b1f788e0cb4fc646f6fbe9eec3ae8830
sample-6341.eml,41624,2026-08-06,950442843805c1a8afa72dfa59e513a34412c0d51efd63e82e77a57a0ea1cf46
sample-8506.eml,20521,2026-08-06,f9206918ba0ded0f696b16ec8acc1b684a9b87a27a98bcf504459aa6d0a9317f
sample-2795.eml,22273,2026-08-06,f01bf80c67e2d97b26cf45c6f9ed13eb3d05a255cbf0033a017f8eeddbfa0b32
sample-6143.eml,19066,2026-08-06,3f1c88724cd9f7e3864b949bc443f9a365bec08d0d8f56e716fc7563b262c715
sample-7907.eml,21243,2026-08-06,783a4c98862edc71bad4d5db8f46a5e93c41a1825f8f0803b55a489430d263a5
sample-3965.eml,18276,2026-08-06,25686eb777d177c6d4dd93df32a2c9f4fe180131dd6e69b62ba76ccf5ee7e786
sample-1102.eml,24632,2026-08-06,831b80616262c347a5f91c54fe30239149abca9eb65a71011f6ea9e1c0a73e18
sample-1796.eml,101679,2026-08-06,bca702f3c4a481183a1fe084fdc03283e2991c60d4dfc6e01c33983346e0c9fa
sample-277.eml,9934,2026-08-06,a5eb539026fc58689af0a2571b04bb47086eb12fc138001868fb2473e85a8fa7
sample-4657.eml,92004,2026-08-06,6fe029a9fc51a0d8ccc2b5bc2682a23472c6f5861a7a8b49add38631e594ea51
sample-295.eml,24436,2026-08-06,2a7abd9023f9e6a9176b4ae86db33ac340c5f79521c61fc756d45a4d9cce8403
sample-4125.eml,11360,2026-08-06,b44581fee7efe59542219d2615827202703dcb4c0d69976375909bb97f173410
sample-3733.eml,25724,2026-08-06,bcff6b3e708f2e4812e887a096d618e84e79b16c83597a6e6ff30d5e84586e5d
sample-8477.eml,15186,2026-08-06,ce07f7927f022d9ccc209cebd2900a32f290f840747f91d48e98c3d1dd66529e
sample-7926.eml,13480,2026-08-06,35ad8e2ececef9a647bbe92336ce297e00b283ba23ff6e1b834e1f58098997cf
sample-7485.eml,22160,2026-08-06,11f9e70fd3d9d815d0e3768481961bf882b8dc6c53155cd2b5dde1d130cf5e6a
sample-8207.eml,22004,2026-08-06,31fd99409c75c4e1965e5e7735c43fe0bf5ae23cabbc910cfdc8d971ee6b897b
sample-6895.eml,22526,2026-08-06,bee502e6dee0da7cbd68b4670ab12d5ec14eee8eee7a699290bb568dceb2fae0
sample-7177.eml,19940,2026-08-06,ba937ea906ff73cbd72177232f8595fabe281701fcdc65c3f2230d63352b41f3
sample-2430.eml,25121,2026-08-06,64537990fa7c2ee3376c7dc10c554aa85460066bc20cbca1278dad237de6c0a5
sample-4523.eml,17960,2026-08-06,47067bdf6479a30826bbbf645403dacbe41e240879ae12d4408a55f9770bbdbc
sample-5703.eml,13041,2026-08-06,56b1601dd64d8c748385376bd19c4da4b489a55aa7e1ba589752b28e9dd2e9a8
sample-3493.eml,62433,2026-08-06,2ee28e8c37f09aed2e1289f3c3885f6fbbea1631a91124f8c25d173e90a5088a
sample-1152.eml,15959,2026-08-06,e9b6daeb465f0daee7005433bf428b70bdf62affbab0348cd6b3a3c4a3ef2ca3
sample-904.eml,25508,2026-08-06,46f368d45e89d0f37723c4c851407baf6389a90b7a7c6fc0139946742340bfcf
sample-2716.eml,25669,2026-08-06,6ccb62d06d5c8f8c3851e674be88216ddb67d2022a3551580635d08d5ad27d78
sample-8079.eml,21231,2026-08-06,016ca35135743f40655cd0809871e1b9c61eae1b3ca9dfe3453f3fd7efa694ef
sample-3875.eml,25688,2026-08-06,b897925d6fb7f7b794c4bdb297259daa12aedd213ebab69f27a10b61f12e9391
sample-6590.eml,23790,2026-08-06,8f16feffa6fddc4813e7c079fcb55166ad841e200dc921faa12d7b31ffdaa847
sample-2235.eml,22213,2026-08-06,8eae6017e70a004cf7f316f97cfae7875922b144824eda22b3af955c325673a4
sample-6328.eml,24198,2026-08-06,e9d95982f05df85758ba91efe7ff1f7bd9e246006fe8da21d2d03db3f0ee074f
sample-3575.eml,86580,2026-08-06,55d62d981b6a7dac770f293c74128ca20740de6796fd851df7e274882a93ea98
sample-4254.eml,19221,2026-08-06,550eb48f2a091d4fdd786f08dd310497874dda420dd13c157e709bf229210771
sample-8499.eml,20123,2026-08-06,eb4aa9c12a7462ec49cd5ad7e78cdc0e18b44bbf922d5ac1a6ce112b44dfe03d
sample-7370.eml,46193,2026-08-06,f7498f05877b5f83a45b1a3062c06a10ded4d9ea56b6c4d1aa08d7a95fa3ae36
sample-7999.eml,22223,2026-08-06,93e41333907b8f3c7a1deb25034fb512a88ef489fde6702eb2f364df832bf666
sample-5588.eml,12489,2026-08-06,f072dbb4a7121ef12d99b3c144583176e7e91cde639d3586afeebe6f783d5580
sample-5123.eml,13942,2026-08-06,3aa411fe4a3a4d630ffe8b9f93f9bdda3958f0a151cd2aa1ae070b06af6b4ff1
sample-5681.eml,16659,2026-08-06,c1f412312e96fa0fece546bcb81e2b055e70632805f68b203ba55a4bfaf1af51
sample-772.eml,314135,2026-08-06,4b8cf56f929b3770738e571580f0a8fcc34de71d4aa8705fa7c7f0cfe71eb164
sample-3726.eml,28846,2026-08-06,cfe8dfe25e844d6f2b23074269a864959a378910b9ee56369e98f197fbee2e90
sample-320.eml,12191,2026-08-06,5968840c173a2b09673e8ef2083e31bb0509067a50e87d58d37fa36e322c01d3
sample-6414.eml,20562,2026-08-06,a8dfc5b0f127666c237588ba263cdf7307766677846c3ed745d78949ab8e3164
sample-204.eml,19150,2026-08-06,605d771834d43a059ff3eb92a9cc30b718fec863744d8a777ed954dab4a04076
sample-5584.eml,15050,2026-08-06,2b284e7c07e3df7584a23766294c60a36cd8965b63b4ab7199062612ecd8609c
sample-6290.eml,51183,2026-08-06,b2972c64faea523176757c19f8fab820bcd549e76fcdd140d6d55619ccb382fd
sample-4682.eml,19231,2026-08-06,3a4fce13af4e63d08b7cfeabde62bde56f9cb0060bde05a645209b0480d32058
sample-197.eml,15621,2026-08-06,7064ddd0affc3dae0121958c68a9d8006b54c35e13ab8ce36860cc36e41c81e7
sample-8158.eml,473338,2026-08-06,662cf26e246de587f1fe4c07815853317d869ec0546e5a370d6401b1f596d5fe
sample-5044.eml,23841,2026-08-06,bf2da0b4032f6d47f12abab2e193d1c6dc56a383e3fec586c834f133bf32cef2
sample-7801.eml,20720,2026-08-06,246bbd1003671b1bb84c261c72ebbc1ddcca349630d0db2b28592af553ea4f23
sample-8413.eml,15666,2026-08-06,9a026a35e4fbd0cda95d4bc90691527be61ff42935d2de14b007940175cc6b33
sample-8455.eml,11824,2026-08-06,63bcba002bdfe61d5ceb3eb0b6db816e2b5490e4f06140abc17c6534082fb8e0
sample-1823.eml,19204,2026-08-06,7413ed1c77b27415e4e42c002c3d9817ace40678d4cb588c23eb5b2781d22ff4
sample-5225.eml,19128,2026-08-06,80e8825b2219796f6e8c9bbc42f844d25ec61dc815708b153a635130328ae20e
sample-8052.eml,50277,2026-08-06,619fe7b742023ce9c7f14aae6bf33b51934d66dec0a0bade4b8a5537097bcc4c
sample-6353.eml,23891,2026-08-06,680252f59bd04cf3ef432cf52278298a3d03831a44dbe268c6b11ec56c231d63
sample-2114.eml,18240,2026-08-06,bfd4889249f30aeab95834b5d3e244a70bb37ee8317470c496897742fa6f8c83
sample-75.eml,61012,2026-08-06,4a70ee3d91708efc21a82f41c77131f4d0566d57b89487c77b68579bf2a61b9c
sample-5540.eml,21499,2026-08-06,87e9b74cdb40720892a68b80c00a5d2602a0866fc396790948c8c4de9ed13405
sample-5829.eml,19748,2026-08-06,acbe392f2b7bd859ef3cfd7f5fbdcc1b44caf334dfe009951cb3df028bf29bc4
sample-8149.eml,14595,2026-08-06,be7d484f105e2f3944628f3d8c6117eb6f45ff4d117ee42e806b6ee49dada497
sample-6655.eml,29710,2026-08-06,76a984f2ce76b43968de963793f78f4b0905ec68e74f56701e9d56a1b4e16764
sample-1285.eml,38094,2026-08-06,9ea302b9f0b57787d49029b5e2527917313ac942035091236162e8c92b7e459f
sample-1570.eml,14755,2026-08-06,43b24397b888efed7d247c094d66786476cf33308401103f8e5f36d09d121a54
sample-4711.eml,63046,2026-08-06,86522def17dc4e49093c3559b5078a039c790acc4b7c1c0f1271ec9d52c236db
sample-6071.eml,22464,2026-08-06,7af2d12e57127e14a866a7dc69332144563d7de391de776cdb18554724938d55
sample-2207.eml,16584,2026-08-06,ee55f6bf1ef4804881ec88f53ad2ba76eaa181e72396cd9a851d28f38867e0ba
sample-8554.eml,14062,2026-08-06,cb3a9e7878a3c54264c9355ce328a5d48dcc4c2ca0345ec0909a16f725d407e5
sample-3259.eml,12144,2026-08-06,68659db685b8a699ca71dad6bab39f2049f46d53677786b2ce8d14e7987e8a28
sample-8442.eml,42861,2026-08-06,08852b75dccbe63d2731d1ae675c62e3ca8927e9f20b90d050ed3e9e5fcc7bd0
sample-2375.eml,9944,2026-08-06,e04c71cd7232682b7b2e4f65c01728ebed63fb6f2efe5227061700ac70baa03c
sample-524.eml,26611,2026-08-06,19ed6ea055a27fe341403f5bb050cfe4332dcc2161ee9e62d8423921eefeb6f9
sample-2176.eml,19242,2026-08-06,6343ccd331a1c544d12680c5c32f1466a4e421a79067ab133933d9c4354092b4
sample-202.eml,19531,2026-08-06,c9fd5048d4902072ad955fdd3f9ed4d4999024b08a1d3805a88aad0aaea31dfc
sample-7851.eml,26132,2026-08-06,d8a8f40eb4d08ff17f74e936859fb9e17b15886683bb8b92c6d94b176c9f0920
sample-3556.eml,82450,2026-08-06,d718afb56f23556dbce79f87e920585163bff4857aab26745b4b8259f422d9cb
sample-948.eml,14494,2026-08-06,4c646aca21ce4aaca8d81e99af67bca4116bd25093823ca5c036b2d933064df8
sample-7098.eml,21107,2026-08-06,35a07884d259c7cd7ef47c5a401ab904b8a96e9396ec99519254dd378161d2ad
sample-1122.eml,24800,2026-08-06,12574b91e64f26bdb171a7a5a1957fe58e580938b0612840129d12c7dffd55df
sample-1386.eml,15742,2026-08-06,d7a1e7a5dc3fec2e1da343c15ced2fe87bf78be9e374097c14543c510026c6b8
sample-4360.eml,10970,2026-08-06,977502d3d09081cc2c67a7811c674c4be7946200b83729ec407b85d076886831
sample-7643.eml,20221,2026-08-06,92827ea4983de75ab844047f6cceb6dceab37f252f45c9227efae8c74aaf7c00
sample-3769.eml,12112,2026-08-06,7d358304b52a0777572b6f1f247e9954f5bf6870d31eca88a180183f9bdf4116
sample-6813.eml,29069,2026-08-06,004821e35ee374970263aa913b48f038da91652791a969319410a3b420f1d35e
sample-1704.eml,18452,2026-08-06,599491b09c891765e6a7a22b8354f2d9858f7d9f2d4bffd75a20bed83015a245
sample-6884.eml,162843,2026-08-06,a0a1a0e345c3634c5992131cadbfa5a9d9e9a221bdbcfec84b5019fd3e5bd164
sample-6912.eml,25750,2026-08-06,6818adc3106fae89eb49349d1e6f278ae67481ce5fe000c86c33347da08ca6a9
sample-5863.eml,137288,2026-08-06,26dbe860d1275ca27fe84eaa75ad6773539a572cc348b633b63b82b4346b62f4
sample-6925.eml,18848,2026-08-06,7477dd7ace044a882a880f27c5004eaa15df458a501baa528eee4db111946489
sample-5417.eml,28514,2026-08-06,c204da6582fe1b58f8e0301656d4eda35bbd25f7a51e799434923bfb15fc7d8e
sample-107.eml,10173,2026-08-06,dec28f2d976d7f1155986042d03e05da519b6cad1cce998d013f10a1576e140b
sample-5558.eml,20207,2026-08-06,94c3b457acb3df42089a433b4e82f1504ee741da2919e6d0fc5b948939deb792
sample-4232.eml,27737,2026-08-06,4e60260b90b4be132488bd1b234d6af5edcfa4fc6e56c6d7258035635d0da363
sample-5128.eml,13427,2026-08-06,7d3f86c99a4e8122e90dc190e9c5b142a3f5ee392979ddd1422d36ef1cbaa4ca
sample-7089.eml,19636,2026-08-06,fbe3ff52dda2ea610e166ba2a70f243c79dd19a8bf9a5c620228c3b7eafce8d6
sample-7376.eml,24603,2026-08-06,568b2debe0d71463ce29d7d56f94ce668e88ff403dbceaf0b9a768efd61c6e8b
sample-5050.eml,48229,2026-08-06,b1dda6edcb6dc76fa469a6d9e578bb78dfaf9d9eacb97e7be31a3b80a1d2dfc3
sample-3994.eml,28463,2026-08-06,6ebfd7ca374c943dcbf3034f98b649125a06eca27f51d4308523de3a2c62ef00
sample-6296.eml,35483,2026-08-06,2aae87c48a8351d1f3b9d7728f78b1cd94b75b70abb1076bea01f3fba63ce3d6
sample-1938.eml,18729,2026-08-06,e61f4b0264f2c1930f41e3f8c451efbd2d98779ec677e3c8c71887c1b5b705a4
sample-7008.eml,20118,2026-08-06,d50b3685db1d5ab2e5056214eb008ca88ae586f4a33cb8e417a8826962cfd409
sample-6381.eml,21896,2026-08-06,75c1ee202f211a770e490a081d847630c0439affc31da21109d510a2f731e9d1
sample-1575.eml,23431,2026-08-06,adc7a2f4c2fa5171c659286aa460936de179cdb6efd5ac1629f723317e969ea6
sample-6677.eml,25530,2026-08-06,f1e371065ee3d3a5dcde04adb5cf6a77e377c1bb61fd4d49190c6a9a3dee6af0
sample-2992.eml,16384,2026-08-06,7b6cbd3a11fafc3ddd07ec2223ca65f69584bc91703fa24d5ce4b59d123fa18b
sample-2101.eml,20609,2026-08-06,34553349c54e564b8f6ba7407c0ac53881c7554d4d9be9856778021c498c243e
sample-2170.eml,34748,2026-08-06,8827771c9a9eb6b8e869ff33c2ae9ac481f8f694e84cadc363225cc5e4f1269a
sample-1240.eml,25552,2026-08-06,6b5c52bab94d6990afa13656dd0a954b8f1f4db6a0bdcb6fd540e2bdf2362215
sample-2440.eml,51661,2026-08-06,b0b28c9ccd41e22fb95858faca9b3dd6a352fe4a7991b6a0874f0214f324d656
sample-6155.eml,35688,2026-08-06,0ece2bd7f70fe68551bba4961d3e60899f461bbfdbef78d3f59ff3701ca90d97
sample-4858.eml,20344,2026-08-06,27c3f060168e48d4d2e2f64bbb8936171e254ebfc7ffdb340de3aead64935ad9
sample-7798.eml,23723,2026-08-06,55bfce3016bf0ff1af8e8098a145ed749197764783c52aa0def3483fe7dfcbdb
sample-2590.eml,13313,2026-08-06,9065a7cd3cfca95b827012e92e39a42b904947211c408db1a2cff52a8e34f5fa
sample-2608.eml,105856,2026-08-06,ec0b6b2be28cb88817f64200e9c1a07416ee6f96e1fc40cda8ebc65bef284abc
sample-2916.eml,13774,2026-08-06,95a249c39b1e24cbfda7846131dbd518f5d4141a201d7c596e7fdeae76dd0030
sample-1077.eml,8464,2026-08-06,a9883928212f1a1616deb98b3f1fb561cf32ab3ddad24b3329a0cf97152a4d0b
sample-7991.eml,23714,2026-08-06,638350c5e9483908551fa705fdb6f32d7aea20a72c0c583b9627b8d6a85f2684
sample-5873.eml,139245,2026-08-06,1b180e753f2af887f67a9f0bc124a9c107ee3474ab70dd5d99900554b6d3e495
sample-1458.eml,802189,2026-08-06,b3dbccb6da05582d7294cae81d9b95c833ed2b6f8824c22e9dd712038948e9fb
sample-1842.eml,14780,2026-08-06,e599738942a45b3cc2806f9462c52fc4600a9005cc4d8ba41ce7971b33180b84
sample-6647.eml,29483,2026-08-06,a886faa5eaf2f94eac8bc078cd6549a738ed24f39259b4e7bd06d511fb8407c8
sample-994.eml,20373,2026-08-06,694c7647c45700bbd1147326e68a5a749d9fec7d5007664e36f3369d6e37f3db
sample-2416.eml,31325,2026-08-06,f956ee19a440c06964275da8cd732e01d227c2b3eebfb93c81dfc1f4fec34e84
sample-1315.eml,25312,2026-08-06,7d93021b42314404c21d41decd19c40e88e73e7bfce19091c0f5a7d11f3f5594
sample-1901.eml,24359,2026-08-06,dab747ca97fe04bbac084ce5a0e46ece8f16749fa6bb84851e7a15825a235a9d
sample-1624.eml,9118,2026-08-06,cd256460c580291803f9dcedc38ca9f6335af3f96cdb6c629ca71fb62b58ee4c
sample-6636.eml,15357,2026-08-06,1ca60d732d046e72d965b65073c0316344ce9102f4d99ae56c41a71efd987cd9
sample-4473.eml,26761,2026-08-06,75d9690c90a2821cd40ec38acb3a5f28a75f5251410dc4f2c62ba32fcf59c9a5
sample-7478.eml,19872,2026-08-06,6e68522b3e9dd6975678bf1c0446185987a109a6b32536a40ce08309853963d7
sample-8389.eml,15244,2026-08-06,4a4510885d0071f4fbbac4b7e24613cd1de84d74ca260ec98c0bb83b4d34d05f
sample-4562.eml,19476,2026-08-06,f697dc57c05ceba7638ad5c4a1426de17ad25c044828f7a220d8393a3cb3d83c
sample-8546.eml,15189,2026-08-06,33910910373216974e3a01a41d08cda639125cddedc059dc82eb53d7f72ae226
sample-4966.eml,47035,2026-08-06,d0fc4cfa01526563b65c9b8df9d9fd71e3735e573852ed1c5749c55f21c446d9
sample-614.eml,19033,2026-08-06,88b3d7dd94ac57bfa890979f11f086cdd92788beea6172e801ba3c06af088bf0
sample-7939.eml,56941,2026-08-06,78f0a014a09b80f9120530ac86f784e09a10f37205574043c293fcf103a36780
sample-7553.eml,21806,2026-08-06,cd953e7ef4b2f690828e368a7a9556438acc7e2593132d04d0c26b6c30580d20
sample-7069.eml,27643,2026-08-06,fa8497e5570edfc0f2fdfb3c77cacd80d4a6eafadbc5e4daa06207ff047ef385
sample-7817.eml,19100,2026-08-06,2744e5407be6bfde7a71688326010bc0bc53313ab47a09239f772177cacab5a3
sample-2505.eml,40498,2026-08-06,ad9207524630d353d4d998ebc05a39ea861cd835e8a3862384e3d07bba5af793
sample-8345.eml,472521,2026-08-06,440992ae855bb1dccc8721db015db0d81a8f2c75af777a7c2d9c0828d26c05be
sample-5738.eml,131261,2026-08-06,2139c570132e50d3c53fdae00e43ef054eaf18500e318af2d471b18f0e4ec298
sample-4526.eml,15521,2026-08-06,2d54d6647f79a73980a5837bbb1b7e6a88148f44bc94c3ff20abac76044c2675
sample-7608.eml,19213,2026-08-06,716d8ee8521cffb31f44d08c36b2f10e62bca06848a87b5dd2cf1c1a3cb55c49
sample-6648.eml,28831,2026-08-06,a799b1abf99a9878d73d11cee08e9e5a4f81b49415901e30ec5418c4294c2b44
sample-4400.eml,24416,2026-08-06,855a7e8eb8f625339481ebeee35595b4f19efad4db3d40e61ff3d43fcd606356
sample-5508.eml,30437,2026-08-06,1aaea6948cb7a811f00cb99421b40a95cfd2cc3d0d2754aa7600b322fdf16b15
sample-5579.eml,13214,2026-08-06,107cbc99390df5176c35d41481ab220cb492c402134b683ece5fb0608ef54070
sample-5191.eml,15472,2026-08-06,facd5181b304c98b6aaf3d9ce850c3cb6d989cebdddd7db0ff5bf9ae13318975
sample-5878.eml,16784,2026-08-06,6290d81b12ca141f8d4f9b1dc14764cebaeac6087389501b0db2da3e1ea0f24e
sample-7725.eml,16644,2026-08-06,4eb35bcff03568172e257062ab84f1b5262065e651f41c7f45ec5d63ff185b18
sample-4000.eml,26024,2026-08-06,ee438e3837a6b3be31ca09d56410bb17ca05f1c8f30413e951b11f82612c0897
sample-1171.eml,16692,2026-08-06,767f7a042f8d225c38035a38eceaa51915a3f698667fc6526e63b79ddc4fd8f9
sample-150.eml,33359,2026-08-06,11c48376966655e4a6c7ca485177f64c04a802529172579091749f87dc2267f3
sample-1826.eml,285650,2026-08-06,683e31c3700e62a24b5518534487174f47c5a2e25ff075359d46fd28454bcd7e
sample-3586.eml,20147,2026-08-06,ced82a2849a6e99df95f7f75e70662e0c641a25a8eb91aa39c0aabd0b94b4c6d
sample-7802.eml,26326,2026-08-06,41a1f29e18ee90a6056b477c5a7f6d89a5a364e439981e8c427dd48439634519
sample-2165.eml,147479,2026-08-06,7258308459c5ca6e2941283bfb0be1a6e73ced3f5bd9147e49ee6b46c52fd8fa
sample-606.eml,45904,2026-08-06,b9d34568f67d94c76437529a537dd4400a0d8addaa9cd7c703ff5d127ceb66f2
sample-6663.eml,31998,2026-08-06,cabc07930dcfa18dae7275eef51666cd7476eba434026b4c41ccb1bf49b4bbaa
sample-444.eml,46844,2026-08-06,ee5762ba48f7d948304a4bdec010d90ee897be735c124243c08d86f821f4a923
sample-5279.eml,66894,2026-08-06,df777e42deb36947d1fb244598fcf9b58f82d5cf9e9ce99de24261c0c8c35c20
sample-4196.eml,13819,2026-08-06,bf43880148427d0a17fffbbcedc57556d39038dc35e73b53e45c67bcbeb5a375
sample-216.eml,68678,2026-08-06,bbc702e07b1a6bf8c6a2d87f59c6c9535032ad20de9d64b93d9ef22f800923bf
sample-3261.eml,17619,2026-08-06,06c3582e0574d6c5210778c431e489379f60a727fd120bbd0f451fbba5d9aad6
sample-6792.eml,29753,2026-08-06,4449f1d628bd869d735e38829c032b1536e82453b26f190aa0118707603a3983
sample-4741.eml,9748,2026-08-06,1282f3b8a51665f6c38e909b09b873845018c9cbbde994bded7c245eb007c529
sample-5067.eml,42015,2026-08-06,7b7015a1224d14efdb96310391f7ed09fa507bc359df5be342abe9bc4774014f
sample-6667.eml,20439,2026-08-06,88e2708872295a9f36f943adf7c4a92f1b1c7d7d6c1bfbb06542c90c07db6d26
sample-5663.eml,24269,2026-08-06,4343d38845962038dd22fec3d4d170d7f7c249446626603ae8f24ad41d6bc49a
sample-3103.eml,21301,2026-08-06,de31c342e4d1f09e8bb53e906bdd5fa47ce4229068b68ff70a171a7dbf0449a8
sample-7707.eml,16940,2026-08-06,ffa5712738cd4c057bb50cfcd368a9f7ec16c120689ed6de6efeb5461a4bd4e3
sample-5980.eml,27838,2026-08-06,68c57c33f879d7c3a975509557cc1bbcc50113875518e5d5ac67eeedb99735f0
sample-3376.eml,13332,2026-08-06,a4a0cca14e204a32467b95820702109bb169d42158b2382e74f65eb6a3b234c0
sample-4722.eml,18727,2026-08-06,22b52dcaae58ba503436478c62b06f7d01eebbd487117873f795acfb551a287b
sample-4647.eml,101484,2026-08-06,9337e57c267c6773a491e201269c2a5f65ec304d1cce6e8ae3bc5d1aa9ace1a2
sample-4651.eml,16884,2026-08-06,4d2cc8e11658af2e94b51696549f25169fda3cf1cf3ac6b920dac57340a60ed9
sample-3353.eml,128723,2026-08-06,05574ae802497e1968a3c7803f92f2fab7162708a624360efaca3c1dde180eef
sample-2140.eml,16625,2026-08-06,b69383a4ef6d6716039786f9edb64188fe8a967d18af81322914d848d02095dc
sample-602.eml,20233,2026-08-06,33be76f011b8b279bdb5d5c9bfa963b3f4bea69d2d42f12bb80569b098bcc328
sample-1474.eml,122995,2026-08-06,72be1d95d69d03f811a98286840c432b620743032daabf90412b4b94d6599ff6
sample-2751.eml,105002,2026-08-06,9fe3c6919d0ff7bf4de10644c378b8a29e5217318473bf78fdfc18d76d6ce13a
sample-5538.eml,12990,2026-08-06,015f90a56f79d7c49a86738993ec2e96f5f9d6f1979d6f393a8ff091048c247b
sample-7362.eml,19824,2026-08-06,20e5e1e9a236a6382226c05efbd512fcc138e4ddbad7fe6d7f6a55fbaf8c8de5
sample-126.eml,12720,2026-08-06,68357ea64b736ef9e2d9902fa6a6e8f8d3488c5144ba871945888b0cf78ba38a
sample-2496.eml,25360,2026-08-06,ed850e2e1c6d5ac8723c657f4abd4413375bab5f2bf1ec8a9c06091083fd312a
sample-455.eml,26319,2026-08-06,e5ce8348e076d0ca74d062d3fdc566e126601ef41080619e19ec457f31cecbd9
sample-4925.eml,13682,2026-08-06,e7fe0da663f2b83925e1cbaeb917ec845439ffac0bf0bf890c102a1f59ab3d6c
sample-5237.eml,13846,2026-08-06,ba7e0a1454cc571052583158a10ee12bc5425c35abea29bfb68a6a270dca2f7a
sample-2108.eml,146925,2026-08-06,e781f6fb97a5656a3ee83ceaba56812b33a1fec7806be5193686817dd1045a63
sample-4828.eml,9390,2026-08-06,522d44ea9ec672b259ec820e6a34ec4f6ca3b84d36af57dd950dfeb119bdd1eb
sample-6508.eml,18886,2026-08-06,81ac564dd3ffa705970eb7cdc3e4d6703404c16002efb2301b16c0f9158417c0
sample-744.eml,20244,2026-08-06,59befdf5140adcdbd11cdc0b6555069282a5094ee4d9c84bef3259c7988bd146
sample-1258.eml,187829,2026-08-06,43ad02331f6a0b800d26c3d62a3a11fd6dafd39136f7ce4b24dca9e2391c1c1c
sample-7256.eml,14019,2026-08-06,5e608cbfcbdeefb52952e42bb8f89dd4699a3a39997ad95ece03ad7250c41dcb
sample-4942.eml,15923,2026-08-06,ca93a146af2e8e8ea9934d4d4e0abfb480a5f210b80fb5de1d1a2b032c6515fa
sample-7839.eml,21484,2026-08-06,eb2ac8103e02199391bd71e057d52f47d36516cf5f6fd04258e6c459afb57c72
sample-1609.eml,25472,2026-08-06,d69e12114b3c940db4af28cf0803ca834b3054525825d249863962fb9429aeb1
sample-6250.eml,40916,2026-08-06,03d3c514c5f00ae6a103d41aa1223839e146faace3341d18c5e31fe132def4bf
sample-1365.eml,18221,2026-08-06,d5411098f4ebd43f537d6d69094815cdc05ae4c9067dfa2149c9c48516112e6c
sample-7150.eml,21961,2026-08-06,0e43eccb8df244a2de4593f46428f7f12fcb79c0db9abf5b339c5db54534005a
sample-8112.eml,473775,2026-08-06,66f7ef7026b0ae3fbff1ac6f3bf9407f21605a1fae42e11eed4da4e15814262f
sample-7185.eml,19399,2026-08-06,d431a602603e047bc7c385c43bce771e9d71c1393e1e57503a80b2eef6d1258d
sample-518.eml,31095,2026-08-06,eda9663be5b900192bf0fc047a50f63949cd28b864e1ea76b08e6961f973820e
sample-2970.eml,37357,2026-08-06,48e64028c868512b62ad2e608d548b647d471ad510adefc9ac680ef3c9b2cbb3
sample-797.eml,26373,2026-08-06,d074ef541332c6cfb85e9a1e28854f97dfbeaac0e461e535cd29bbb6d3344b5c
sample-4200.eml,18649,2026-08-06,de12a444b7c1ecb4f4f555e543996c456a0dde63320a178eacf6413a4d483904
sample-4310.eml,14604,2026-08-06,e45502deae95d461f9759d3cb2f9e5ed38a832e4030f006351f80becc30e03cf
sample-1165.eml,27763,2026-08-06,eb08c9fc77d12d908580166bc13e1d959422d2bf68b9f0ffed31152ff673f78c
sample-7445.eml,32106,2026-08-06,f45542c19fa3e8cc02a1a1468db759625be263a96ecf5da6f220e3425bb168ec
sample-7562.eml,23118,2026-08-06,d5c1ec248bdf9520f153e16e9429c4bc20d8d485f9b2d8ab0b9596d6c1ded6fd
sample-4888.eml,16758,2026-08-06,c9f62f45aee67094c5f1f5d08293dfa87bb3c375bbc3835ef0afa23dad66a867
sample-970.eml,11225,2026-08-06,064497b746259311c28969f007a60c700aa0aee7c5e98bc81ba6b18592ea32a8
sample-4404.eml,13910,2026-08-06,fb8421b4870707cd8281e74391657f6ff5763dfbf3a2b97721266c16e74b3f3d
sample-4139.eml,27855,2026-08-06,933326aacc34267c70b73fc65b74207acd716748b0d7b2724dc011c803307cf9
sample-8102.eml,12780,2026-08-06,1edcca468208fa843eb66c6248f8f36788b55ae66d091552d6368069f8f2b33f
sample-651.eml,45279,2026-08-06,b0ee09a5c9ee3dff4d33bf03bf5dd27bc88a8a1fb17d581432c2da830c9e6ead
sample-5715.eml,17055,2026-08-06,62ffaa177cf27189de1f896a43e22c6a2c77a5024e38f3a29d0f2760f770eee6
sample-765.eml,19184,2026-08-06,1c486399ee366bbbbc4e8dc2f6c48769681cc86cb0f29d76e2873b095d25abbc
sample-1086.eml,28314,2026-08-06,32f1633b964b056ad5f214a3e99763a744f9d593f4d76bc38313880f4ed1c48d
sample-6816.eml,21995,2026-08-06,105f640e9ab2d68b029e4e6af1ffb02154f00d0cad74cbbb7398f467c5cfdced
sample-4293.eml,12665,2026-08-06,4d96a0d32f5606f888235e00f995b3142d2dfa7c587d92923b37bac4bf043d3e
sample-8136.eml,15128,2026-08-06,2026520ac3925bc2cf888b80afb996e95aabcaa42330bebf928b899bbfe746c4
sample-5207.eml,14040,2026-08-06,2bcf1be035908e5be609fb10a68e8dbd93b910cf68d59d528665cedf714cedcf
sample-7304.eml,48822,2026-08-06,91af7db1de7173802f99893d7d288347a90871ce57191d382e675fa598bd2e0a
sample-2086.eml,41121,2026-08-06,118259fda874b75d5f622b37316d607c09cfc0cbdc5ebfe5a1e3076943209ca3
sample-8571.eml,474158,2026-08-06,5c70ed0a15ce4a487c489537369af1b45891be062c95bc7ef86552ae0f12e51e
sample-6440.eml,23743,2026-08-06,25d0801a4cd5ff9e76e8ef9595dfeaba08e2037504b727c44c493f0b62d6ec9b
sample-6425.eml,19813,2026-08-06,eebd199988c2a468a54e8ec6f9608668b4aa381f5345177fee293af42d4d76ea
sample-7957.eml,23387,2026-08-06,014b599ba5eb4b772ab50578b162b8f9fe30428ab5e875d5ca54163b867ee8e4
sample-1726.eml,20416,2026-08-06,e351e6fa6b333b65a28552b10513453b4497968deff240d6301ceb9824948ae1
sample-3092.eml,18140,2026-08-06,bc82659f500d98d7ae8adb7780863c6cf25463ca9a7284aff7ca03dd37e1f0c6
sample-783.eml,23028,2026-08-06,35eb26bc615ded49750b21fb42ad71c67c368a8cf95f00465a1304615343863d
sample-4568.eml,96137,2026-08-06,4d1e7429f8d9046d8b345309f491949b79c72b6bcd2aaa58ae388e494e53f0b0
sample-263.eml,15431,2026-08-06,439b2ab3561d901d25ef43d0513c24035278d8136464361ae7049b3206a1997f
sample-6233.eml,27551,2026-08-06,bd87f2be833741cd11affe2354b4a66fd17c5e135d3fcc428931daee144fc8e3
sample-893.eml,62435,2026-08-06,41f41e929451f02c8c7091fed0703bc4f630e090f91c57c0cfba3f78f5132805
sample-4712.eml,15705,2026-08-06,128f505765ef74f5d26efaba65cfca502656f010ec73af615131b2e7df96648e
sample-8395.eml,16484,2026-08-06,2ca9b2414e67fe9620701adc6b3af14d8331e7fa6647dfafe93aea6654a1408b
sample-4315.eml,10569,2026-08-06,209a1d23acdd554078f2760c755324e9ea96f0e34d2114244d84eb3121727739
sample-658.eml,254769,2026-08-06,d7557daee585aac99ebb1d2a7ef6b1ff5c76b98e59fa20c6eb4c1bce1d0b2a64
sample-1339.eml,20030,2026-08-06,7c9ace5e1665640b32fabeee21688f63a2e673ffa448d44d3b015c9ba396f48e
sample-2208.eml,15336,2026-08-06,b0ce4bbe9fb6f2cbae059323216a513a3c43c1fc7b7700898bbbc93aafff2cfb
sample-643.eml,19503,2026-08-06,2ac4f9f8583c11225881775ed0f4e2631ddffea7b574d101b03c1777aca59766
sample-1438.eml,30472,2026-08-06,4e55672eb78f7132b65efc009a73a5fcab7277f6a4214852cbc4b428d1d80734
sample-7129.eml,19765,2026-08-06,ca9e788624bfeb6d7fc22744911766b5db43f67660111ea0caaea5ab8092b1b2
sample-2095.eml,20795,2026-08-06,2932bdfca3e4e7430b3247565f7ff504deddeb872477633939aa759f9a1832d5
sample-4173.eml,12794,2026-08-06,77441a2e1a3b8d3c76fa1d3c3f0afcdce086e4dd02a5178d78cf57711a638dce
sample-786.eml,46464,2026-08-06,208f32ec5c893f9133c2f46591a7e9a455995555b1ef5213f7394d32316d041a
sample-2537.eml,14117,2026-08-06,5bddac537eb3c50a82bbc99a87e0671a7c13053bf025efbfae24c5c1653cadf6
sample-7732.eml,20689,2026-08-06,b67c91146ceb31c5060d1b4717212014bf371b3dd7b9d0a301bc65011d523657
sample-4356.eml,44110,2026-08-06,85a6d22f6032d2f98e0876e83da33649829d4436626d6c73a2f987f703c1046f
sample-4085.eml,18347,2026-08-06,cf03d8861ec1914eb5c8943d8326381fe5c977217e1de412bebb51e574c14700
sample-8497.eml,20415,2026-08-06,62c361bbfa638a115c3c0a596e59fdc61fc99c2000158d8a0c59db6a17fa92fb
sample-6466.eml,27871,2026-08-06,1b6fd07f87dd72ae4911488f5cdfc24b76afee997255984d58a5cc56b498f06d
sample-6857.eml,22723,2026-08-06,6d9a5f67c1a1ca5377665f04ad35cddbd0dc0e5dfdf94f9fe8c392acb81b5c21
sample-3143.eml,14637,2026-08-06,06f43ea78eac705f4792dba301efab99b8ce60abb5bb490ac70549d51049ae24
sample-509.eml,7787,2026-08-06,3f28918f32d1ae4f1988cc0e286d43836aca815f76f13899b6a8fa9d931e088a
sample-2560.eml,25089,2026-08-06,e082f2f5b29fd8feeedda788119f55c4af48cfe40f71cde76341a61f484806da
sample-3251.eml,11311,2026-08-06,51d932d5b25627b3c0307c09cb5e276ebb89e77a0051e38688c92e7974fb16dd
sample-2611.eml,105070,2026-08-06,656b322755d51589b63e96cff541280aae1bd11568c7b0b5f5bcd1f714a8cb17
sample-1423.eml,16252,2026-08-06,18cd23a93d863ec4f81979856aa1c3e124347e0d144bcc1f784b59ad89b78a5e
sample-3420.eml,18004,2026-08-06,e1b4ce64d16d6a88903052c7ce3a40c825ef8be7e4990939b095e19769095f33
sample-3491.eml,13946,2026-08-06,20e9abdce35cb86672b7a99d2e974fa7421c23154a7fc5fca18a7851aa0c26f5
sample-1895.eml,10545,2026-08-06,c6329ad4b17d46ec030d92582ba6e481b866e8c0d9a4a181fe06200a373cce19
sample-2510.eml,13381,2026-08-06,44b8d1de0e24c30abd7d39d4f365391e64c98de1bae95ce3c4995974c71eaab1
sample-1698.eml,29047,2026-08-06,1e94c59adca106f4469f7450f01f0916ba8c50fc4bb087185752a1b0bd7e02e9
sample-2282.eml,19372,2026-08-06,022d6bcf9f5961559266d58e29f01bd8dc4339509cba48bd6afebadca8eacf3e
sample-8210.eml,15440,2026-08-06,8d9d3833e5db6a9b5d7292f93cc7eeeffa56f18ec846e388d5d6754c54c0a60c
sample-2530.eml,23523,2026-08-06,dcd2d177f31494b04c64051e5f9f24e8580c692b666feed5328876bb3dddb3e4
sample-4897.eml,30726,2026-08-06,f9e1805a9988eeeb13e3eefd1ed607d8d56a441bbb3f82a11e3e2aa13615184b
sample-1128.eml,16136,2026-08-06,06baf34aade16bb288942a6ca5d996e66141738d506e381c2ba74dfcfbcd1b97
sample-3087.eml,21516,2026-08-06,29918b8ae0eadb786f018ae728021757c699e994459098aa892087d622236f56
sample-7288.eml,50143,2026-08-06,3687eb3750a721cc739c6fd30b6c7a7d7972196490c9e9f6fc48d5613d7e8d28
sample-5763.eml,10355,2026-08-06,a2a4d0a0228f6aef60374089ffa9ff8a702892fd955d9738c7483ba18bef4076
sample-1326.eml,11651,2026-08-06,14e2db21b0445a225d474d1e4a727fb98e1e9420c3e3db96380b0d1021d6c38f
sample-1305.eml,13706,2026-08-06,8d6f1a1e953cb753abe68e2e9c4b2f90ed03827234a8760556f3241b00348995
sample-8256.eml,16134,2026-08-06,617cf44883e96d5079f71059a935fb824b6edab2dd799bbd0e6612b1519f283e
sample-360.eml,38524,2026-08-06,ecfe35252374df55b2198bd15f824c0bd0eff2692c5a56af73e698770b4a22c7
sample-4996.eml,13384,2026-08-06,283c277b4c9948c058aae81be224b3d3b5f803d6d82aee5abe4917d6e4d0ce47
sample-4843.eml,14491,2026-08-06,1efa2de21c8cedf9d0585b447634f48b2c1ddc034960a3f7c40413fa3f76cbe4
sample-8412.eml,21704,2026-08-06,ba794215d7b12367c3eee135cba0c037cdf741e6a12f08b206aa0b8874ab5ba1
sample-4824.eml,16610,2026-08-06,db91534ff4c949a8058ee0b7c1c664e045afe12eec93d4c4f148b7ab4f06850e
sample-1318.eml,25641,2026-08-06,655533b98d58eafd2e5fe4b2e3efbf0f2ec25fb11c7cc27c58dc72d930272874
sample-7782.eml,20492,2026-08-06,de6ed23e975fe4811d3cbcd65765c12534ee6cbceb3da673114635846fd02a6c
sample-5684.eml,13138,2026-08-06,5d320a7516187d194d5cd70ab8219e291568510626638ab9beb5993ca2c9fb62
sample-7131.eml,18382,2026-08-06,5cf531675cad48fc4d69246bffbc1ba5e681094be4956802759edd6722a50ce9
sample-8098.eml,49828,2026-08-06,f3e4c75e190269a0767d9b1d0e969349a537a85f15ef0277c572f46fd35fff9e
sample-5565.eml,19970,2026-08-06,1aed599383e32fc96f2300971e45a63865fd40dbbd6f10f157de478569c76a02
sample-5893.eml,14032,2026-08-06,9af133fcb68b8537273546c78eb7711ff66f7684362ae58a427f1c3fe2eeab86
sample-8253.eml,476571,2026-08-06,313f48c9baf13df013fb766fd9c961ee3f10eb7da42f93467372ab51147854e4
sample-1722.eml,17859,2026-08-06,1e58f93553195a542c02c2bb485c164ad784004cbb8db2f493380f4b6b14346a
sample-7181.eml,17308,2026-08-06,42e5d59c35f75961da36fbc64e6e7278413722bb872e09b0a8d54392dd157cc7
sample-2135.eml,11061,2026-08-06,57ccf4ef99d3ad229c3b8d69ba478e583d051df4ab5149ff21f4ebf860e4fe52
sample-4939.eml,14407,2026-08-06,60fcee136bc5f8b6799158d653441e5038eb89f9470131b0a4fc233d0d1ce017
sample-5692.eml,113498,2026-08-06,3cd32e8a0f5e338a980213e7b92278e6830800050ef95309b5ede996ae7c8297
sample-1227.eml,26564,2026-08-06,114f5916c6b44c3c296d2b6b1f72bebe2a1dcdbb5ddeecfd911afa72eef9e587
sample-622.eml,19000,2026-08-06,2757041236dafbba2fa37bd44764346903bbb1183b3035800a0ebf652f7ccc0d
sample-4291.eml,14552,2026-08-06,260ae08960bc98714295e7002ed7b700b5e257ee06a5c53ab168462ec2711b10
sample-3648.eml,27499,2026-08-06,cd5394fcff2b50416999ad977c52d18b214c3a507e38b446dd0b59e7be06e9a7
sample-8236.eml,467724,2026-08-06,f10a103edde9d6e1b083a0b6654b734739987d74f0d2fdc2122fb3fd659de3c9
sample-7250.eml,20277,2026-08-06,cbb0475e09e63f2e5ec8ce9f4f2074655aa984caf663c55c17901cf03a4876b8
sample-973.eml,24448,2026-08-06,30441acaf62d121a33f1688ed3e2c74bdbd4270014711bc0409a23edb1a0948a
sample-664.eml,19588,2026-08-06,ea18813fcbcf5bf45183270667eee8029c8823ca73ec6ee2ba6849992070218b
sample-5805.eml,27127,2026-08-06,7fa91dc4dd2d4f5602aba4c0eababe671b412bb78f9688312418220136c237b6
sample-7406.eml,17570,2026-08-06,65ca7fd82cf7934e561b42115aa2b1cf0d5c22d39bd238cf23fd39acbeeb91f8
sample-5644.eml,21473,2026-08-06,ac475ce78638c857dc75a04453ad9883ae14f5355ceb46ffde282601acb573c0
sample-246.eml,16336,2026-08-06,4aa62cfeb12f8aa6c2b3212925a346035dc8675c808585e1c214b6b39d96e009
sample-5188.eml,15665,2026-08-06,7ba5de8682a84a9006b785f2b2078136771b561db628edeb3b752ee1005b6b18
sample-7379.eml,21037,2026-08-06,94aed6fd7e57d6e09f8e5539a8e06f6435c14514265cf61637919c0e47ff1c49
sample-1668.eml,47023,2026-08-06,184aee007e3e8789e8dddc5e511fa1d4067d4bf066c2aa7374788fdd6f8f0053
sample-2734.eml,18905,2026-08-06,0b1d3063fecb01a292c10dfbd390277e21c8b0617dcba8b6ce3c8088d6e0d2ef
sample-6146.eml,26578,2026-08-06,47e1e1171d7d761709050e07697e1519a734b53de212ef009904c79dedad33d4
sample-2034.eml,19259,2026-08-06,c503fb27543dad6634eef835fb207c2609d84b0ff60227d742cda0c2bfda0a03
sample-6787.eml,14829,2026-08-06,47bdb240c3166d6b8a7fb4e38c187750b30b7f76964c002f8649543efae4f506
sample-7205.eml,20471,2026-08-06,300396bb0c967d532fb14f09843a7ba56a8f7af4bec0bb35bea019647bfbc6c5
sample-8585.eml,16430,2026-08-06,5d25775afb2a45874ac3dc85602ee1341af4701c1ca5b11a44139bd7642d93ac
sample-4777.eml,41623,2026-08-06,630c914e0125e711dea6373b69e3cbb8431494b2a1d67c23aa40259df8e422d3
sample-1754.eml,10268,2026-08-06,c473eb7753e4b443cd6e4bce3a4b902e22a8a4af30f924960a6f34f9ac020d55
sample-6827.eml,30085,2026-08-06,58735c1140de8218f7dcbfb6e1f3c181d42aa3033ea6683e1731c4f089d9e73e
sample-7371.eml,26570,2026-08-06,2ac0a8eacf2595bf32aedc89b1b42f0a8b0f15debaec11592977c4f814cdb3dd
sample-3110.eml,18763,2026-08-06,e834d61483d65e0a11088625f5316f61474d81c99860a1e037e0261f883db4ca
sample-5641.eml,16848,2026-08-06,9c79360e80eb643e6a5062c000e3e90409ff465afc337555ada283bf1fb8200b
sample-5583.eml,28379,2026-08-06,55442f211d3d4e312d0a98f0591ec5f250ddb666b3081f3165d926d7f3a01521
sample-4931.eml,22318,2026-08-06,4c3631bf63e5dbb3c2c81647f656ae8149df8fa601e0016f0960548d792fe59b
sample-4464.eml,61563,2026-08-06,5ea61f2d5bc2c0d0b558335d55ad20d4fd83ccb3a4ff7a32f1c5618ddebd3747
sample-7519.eml,54194,2026-08-06,5ff1d35cbcc72a6a81010153949f08b019496c75d6abdaace04cba7c453bd9ac
sample-5726.eml,19098,2026-08-06,ec7cdd5ddbf743a676b643e717278d509971dc4702cc8ef93e219fef3a5bb44b
sample-393.eml,2180716,2026-08-06,74eb3ec94f20a5b8ed09e419856e3c1b90bc171bd541fc72c39ae3a088b03c61
sample-5314.eml,18714,2026-08-06,947a9b2ce3d7fbc4f7fe795745d254c980ca2cc4e53a3231b660aa763db23e07
sample-1398.eml,46525,2026-08-06,7636df6ef047008ca68c38fec6b2fccbe34b6cb0d582f10b663d36e56805a9bc
sample-2195.eml,26491,2026-08-06,d0ebd435e2269beaa4ccbb2d576610b5638f2d5b412fb33fb4d40597f47bc185
sample-6348.eml,28946,2026-08-06,a6dd1039a1968ebea875c995dec83c359785700f7bc5be807fb1eeb37fd53301
sample-8141.eml,474063,2026-08-06,ead45b1a160d6b5ad8c4051c029a8c0d22b70ec5bfb1771e37f17aadd9ec4914
sample-6067.eml,22941,2026-08-06,c7e23b3c762cad3a7326f82e43a743714375c6c5e7dd091a9446d4c0b188793f
sample-8173.eml,472720,2026-08-06,f56102c33e14322ab36eed095583074439e3f5b0f4a96f1cd010fbe5376fa3e4
sample-7908.eml,19905,2026-08-06,d7df7415f045beeb7a975faa5c6127558280da8ecd8f2d5c60826bb6284dbfc8
sample-2310.eml,104929,2026-08-06,2e3be6c02bf039c74ec349832d70a2e6bedeaa188be64ba59f9fc56f3af41480
sample-535.eml,37307,2026-08-06,6b9016e644abbb16de21a6acfa35218e0d5f3970ca063722a21d3e57f08199c1
sample-1039.eml,12482,2026-08-06,4ccdc3545f4f3331089ab9354fbb4c3253f7fac33bb68605507da44adb74ec11
sample-4566.eml,88354,2026-08-06,787d9c8ed6954b2e605763b4ffc6998364df363b60154ac512bd02b9086d4af6
sample-6786.eml,25009,2026-08-06,3f2e97697c443c88a7e59669ee8b31ba3ad8704503a6234f34faa8f0e0b209e9
sample-1616.eml,15971,2026-08-06,bd6eee27fe07609080e21103bad353ba35d783940e18168e71808f17f7f8baa0
sample-5109.eml,13451,2026-08-06,c88c14434a0897fbe934594bea971364fe6c0576b1c7381f5b134857ee70f642
sample-5981.eml,17826,2026-08-06,2806d78b06906132e0c9049b5e232669d97b0f085bf81fdf6cfaecc37090a539
sample-1009.eml,147056,2026-08-06,0b83c253b5f13b98ce3380c2e166dacd54a187572a637f687ba6ee1710116d17
sample-2821.eml,14685,2026-08-06,3d6cfe9eeb897e92ad69fc54eab7c05670358fdb42c66fb6a00c4465143f021e
sample-5481.eml,17111,2026-08-06,42f785602c78850da43d3837ad3b50fabe4beae456faf1079a8e120750cbc638
sample-5283.eml,18134,2026-08-06,8edbc77c4dee6f976ac83ba4addc135c6797ba8e849f42b3f20110fced3238cd
sample-1741.eml,19818,2026-08-06,50f656a25d721221518303b340f1ef392e7c2844ed61ec7d23239bf54947eb2b
sample-4221.eml,11211,2026-08-06,1c3cd30723dd8e07d8dc8da550dca42d9ea6bd07a5c8316e2d57e8357dd7892c
sample-4884.eml,42253,2026-08-06,60d9490653a09cc40861c206b6d993c3463e8a9682278b1099e43c656ae5a3a5
sample-4943.eml,15645,2026-08-06,9d0ea76c43ba4541fa6f622ea62db7d0c4a94c48c1822dc5492b17af4b175558
sample-1630.eml,17912,2026-08-06,18d8baff0528c4cd0311a3dad94f19c5972d048d5438eea89a1ae9991e1dae4b
sample-6564.eml,14047,2026-08-06,1dfca23f215bc8506bfa05cfbe47d3366a500e0c4befa39b2df0d70b1fb5a56c
sample-1304.eml,39014,2026-08-06,9bd58b2dd92fbc33da042a53af2e8fd937bd10e20698e19d8c62b72acede433a
sample-3329.eml,14364,2026-08-06,1bb4330988ebfccc6a151bf5ecce66f13bacfdf99ab326c13e3c3488c63e8fd4
sample-4163.eml,12727,2026-08-06,a119b1d8b81fbff38bacea5dc2ad09355487f635e819551b09325b0f30d98e80
sample-6651.eml,26574,2026-08-06,c69af863b006a7df7364eb6ae6c22854b07f1645905236d86905cc879d0283a0
sample-6254.eml,40904,2026-08-06,660b26d8f4882ad5b543fc0f8316f442d747716beb91628624856cdab492636c
sample-1115.eml,15655,2026-08-06,74251c0d956f87d69f7dcb6c3222efa118ef3fd796adb956a055e7722924c9c5
sample-6613.eml,118213,2026-08-06,67a6797a460e88e08b46d1a01897b6be2fe102800b79fe1632c0a3d6f011f4db
sample-2609.eml,105751,2026-08-06,4d8bdd7bbf6e29c4b1c8e578b995fd0a208d9853d0dd42bb9f4ee5029fe72fdb
sample-6294.eml,13135,2026-08-06,e6e50b25987cd2470a54ff6d06c22f1d5c588ea7c4ae93fed07e083565b921e9
sample-4908.eml,14612,2026-08-06,d6ae3247d4605e6ec956cab3892e420642699adeca6eb5ab7d743e354f0d1234
sample-7582.eml,19897,2026-08-06,8e4535d0cc34570aeaeb68f183cd25eb5e34266004035a1bec8b3988daea8465
sample-7171.eml,18780,2026-08-06,16d95b258a2e667ac9a669c10aaa752888503494c21aa8c23ece8285efe015cf
sample-1267.eml,28866,2026-08-06,4bbb5d9e624f517fa4bae0d78c0da22189bac9ba1171a62303d6956f09827b2b
sample-1408.eml,25875,2026-08-06,a25922d5a74bda45e89f0981107c676e03d9be07573fbb881e3f03818897171c
sample-2614.eml,38385,2026-08-06,c248686cc18a177cdec976f94b6d3f82a6b62b5c1feee37c11a1435b709d02d3
sample-5165.eml,18467,2026-08-06,bc0d15b64839a8535107db548ea702f87389d7a682dceeb7bddb80726d1aa0d0
sample-4611.eml,26459,2026-08-06,79bddc1e05c73235c74d501ded8703056f5eaf3aed4ffcff2dcdc8017d797170
sample-1946.eml,23403,2026-08-06,59ba642613379ffec4d3b1a201a5cbe04f5e90e13aa25cb59031fa98a06ef030
sample-6505.eml,25454,2026-08-06,91bd55c0d66f09a1c7605e39e1f7021537060fad74c352817c622c6ee07e926b
sample-3243.eml,17539,2026-08-06,3ff32dc385cdc7159a721912eb1d95aa8f93b2408a8863a3b20ab6feac305423
sample-1017.eml,15423,2026-08-06,557bc3031957092cfd39625a5e9a045a25a6c95744bd76262895534b0ad23be9
sample-882.eml,18414,2026-08-06,f60d6d6e388c5edac68cdbb93bed76c2b87e77586cedbe4c84edfe7e163c537a
sample-374.eml,40812,2026-08-06,2cb79eacfac97bcc73122582ce1350fde694e3035f2f0966889baba7b9d802f0
sample-6797.eml,29829,2026-08-06,5fd7b8982f5fb9c264e7af1dc06e389993b1adce604b82a043269e41e36bfea1
sample-3490.eml,22820,2026-08-06,da1e00b597f1f5ebd5225a9e23c7a7c0c3f17a74c1573d8f182da806481dffc0
sample-4613.eml,27101,2026-08-06,eb4a5ad1f33c0e91419797e2bcd927e591f54543826ff0f21b8724b6bac3d8e1
sample-2503.eml,105409,2026-08-06,1c59c46879e4f8391551732392072f85c44a811d1ce0fa03e5fdfdeaced3b08e
sample-6484.eml,27329,2026-08-06,c1c0025a421750225dc71ee6dc5d70a664fe89a12bf4fe8ce0b2ba5fb84a6e72
sample-7777.eml,211031,2026-08-06,5b8e900df31ea1ba9eb1314eb562eee906d8bbe40ffc2e9281480dd815e3f1d7
sample-3515.eml,22291,2026-08-06,8ab8434e073088eac882031be9f68e1985f5dcbecde56aed842a3a1bd7a19bf7
sample-7677.eml,25454,2026-08-06,a2d5a407cdc1a6033c5599313c746024d04f79edbb25632bfef47ccbb78dea50
sample-4043.eml,13868,2026-08-06,8f4b8173f4da1000e250d424057cc5db9c590322d4ecb7fcbbf21331c82e62e3
sample-888.eml,10120,2026-08-06,cdc76aee08b9b9aa1ee2f05e47dff9867fbfe6e03ea92d6165a88296a81e5b3a
sample-5438.eml,97388,2026-08-06,094e210e0f3aa9c7f188c2e869573034290078339ad4cc82e40ddd5860403865
sample-4258.eml,14041,2026-08-06,724d4abd7f32a20cb46d05e66036ab32e361471847e91da1d30ddc19ff4e1fe7
sample-3649.eml,16337,2026-08-06,dbfac63a648c521fdabad2a783febaa5aa568165ec52df0a07da6fb974e69e4c
sample-3572.eml,27882,2026-08-06,7f4716807b85e73dd99dac9a90bede7327ac6168526410eefae0e3cfea507d53
sample-6968.eml,14671,2026-08-06,51748b78a8433761061d350c92ab0933c14e8ab14bdc885d588bee402f31e670
sample-3126.eml,20697,2026-08-06,b7e8b63d1748b357acb950d6cbdceec83f805a3e37c6387f5911affa6856bf17
sample-3439.eml,13152,2026-08-06,535b1526dee7f80165d42c1a43bd90fb4cd7cee6c390dd4da813db4039fd9011
sample-4835.eml,37586,2026-08-06,cc9b4b53b380ab93d0945aecb88847b7d73badd02fd1cc3a23c81186a071657e
sample-1680.eml,20352,2026-08-06,fa2951a92bd224f5a478dac3505490d2881c647c58383dc106c73c7b95593183
sample-7044.eml,26215,2026-08-06,031c9325ca7bb147f786e50fc000f7aba45c43c47b33cf69eee7f67a5688ce02
sample-1716.eml,18564,2026-08-06,babeb14d771aba8718602377ac32e106fd1453944f64bec0d0d20fbf4aa80916
sample-4601.eml,26939,2026-08-06,6a17aac5dc6468e5de352201800ac3a4a87c4a1fc01f3f28fb2c27b117415924
sample-6934.eml,14049,2026-08-06,de9d4dcf1434f13d915d60f73770e69422dfd02472b97cc3ea470e8eed2b2611
sample-909.eml,25703,2026-08-06,92f0f4d49675aa260e37a79fad268e0c40be5ca8a0754f268b7c9b1e11141c45
sample-5606.eml,9472,2026-08-06,7eb72d8d8ef3dcd4fcca9173c1d49c1d2aff0fe3a1c896fb2ab269670dc0c396
sample-1952.eml,19374,2026-08-06,c03c01f4f8c2b2c6728d89c4fcc3283af0fe8fb25e041057c5fda38e8e7ef6aa
sample-5723.eml,28894,2026-08-06,bb7de0c37d278cf550b57cbf305ac73313922f634a6f31af95ab3a052fb58d7b
sample-3424.eml,15429,2026-08-06,e3fe141fe7988a05aa31a76b9adf94b6aa060501d9358d49e959daff68d0b561
sample-6204.eml,28587,2026-08-06,034a2953d624f07b2b94dc193d2457f6129a6babc592f2266f0a169b06217b5d
sample-7174.eml,16156,2026-08-06,ae1d52285c21d0ab76ffa19611fb103e5a5fd136408ae041384c88f0b201182f
sample-2981.eml,19455,2026-08-06,21cb1c5fc86434f51446c4fcfd9963be1b6a93e6f10c12fcb30fbf21295f8587
sample-6987.eml,14728,2026-08-06,be367ba6aa06cc2726ab7dbff1348227b75564c16a9fc1f34de238dabce2ec34
sample-4522.eml,23662,2026-08-06,2302e473090314903103a354e8f410f7cbffc7071cff84c8697dd8afc4c929f6
sample-5168.eml,17460,2026-08-06,2ba710b7c5d7da865c122a0d0d8a0d6570eaeb148d8c34fb3a57c9849c8b4b87
sample-3955.eml,33325,2026-08-06,95207bdfee27d16bd143acc419c41000d5218742f5d01d75dcd33b3d6fd254a9
sample-467.eml,19298,2026-08-06,4d2de845f65e30f1e558bf906a20c7e7b78474f238f75f562d4b5a53366df652
sample-4895.eml,44276,2026-08-06,f99a1c73be8a4fd997b9498157ce70922955a73d9130066a2cb6a14a8f689e9b
sample-1359.eml,43015,2026-08-06,a004aa0b26b1e12eb4be871d2842d2d3e1d6815598003371c108d8df7a2208f2
sample-7169.eml,20889,2026-08-06,1d15b9dc729a4c0f78929a615e7cda6bdaab898ec7c22b6b45695cdce7e118c4
sample-7557.eml,30329,2026-08-06,3e2d617d0811b110622fbe727a3a61bf9380ec4301ea78dc2c151e46bd8ccc26
sample-5729.eml,15613,2026-08-06,6029bb0221f75be2bb40ac47c6fd90679713fedf8c698b53ae33b116fc9d296a
sample-287.eml,10777,2026-08-06,9ea140f28c2b3ccbc699ac06f753d64938bd494db396c3e113b4bee7264be808
sample-1076.eml,10884,2026-08-06,b632ba99fa67c19c3ec0f1a803bd9e2c2b424992ae00b89379732f212226814f
sample-4406.eml,9824,2026-08-06,84175550098bc8d5e3c4396c0661a001181f0e98a0eb8b52ac05e38760f58f55
sample-2925.eml,16201,2026-08-06,76de2f13a80c1925d77f9fbed1ab4f7bbb8fd9073c05f6385da0d031f7d58773
sample-578.eml,20373,2026-08-06,26e608a362eb265946031475822423acd1f55415be20d78b09bbf4833aed3b1a
sample-1939.eml,46567,2026-08-06,c8df22f64be49a6d09c207fc432a9b8f3a14a0019378fc6d4746e37fa2de5355
sample-8294.eml,14105,2026-08-06,a0f1ec520ff7095a04a9d2c4b6e5586d2ec18a8e831deed46e95e95bdba53ec4
sample-4094.eml,17265,2026-08-06,a03acffab2398a98d54b6e1ca23c2b1073a3ba73f0fa26e4ec1f75c62ae766b0
sample-2033.eml,33372,2026-08-06,e034f496e847b42bf66d39e7dd59ddd96fb5f2ddf125659e63c5985902c15573
sample-3377.eml,80860,2026-08-06,994865ecd140a9027cfaf873cb3bb005cbebb42861079a506ad7d7438f61266d
sample-446.eml,17950,2026-08-06,bf478bc7f9b527e720a50b4a15f5e082c4f78877f0ba0b6f2c556c2cdb97f812
sample-3200.eml,38336,2026-08-06,02c31899d1d0ee978cca6c815a433bf5baf07aa21e97c0c54e82080771bbb4e2
sample-3278.eml,235947,2026-08-06,ff88050662b31ce9e7cdcad93da065d7962ab0032ed6ade138836d92751e0b43
sample-3814.eml,28078,2026-08-06,9fc402c0bc8a030b2ebc6df304a28109e9c6d8633eb29b6495209bc98febd557
sample-4594.eml,19126,2026-08-06,ed643d19ab2e3d7de7a94a94edfe7a9bf51dde30f3ae90738ed547ad81803891
sample-4666.eml,21113,2026-08-06,19ea23ed45a25e1d3a7000d5112663836274a9693d32132ae548654a2dedcdfa
sample-8357.eml,15860,2026-08-06,910a22a6bd138e3142b078aaabd49b006186d1b4eddb8fe6a15e1cb0b2dd3193
sample-2502.eml,15407,2026-08-06,1013f7bdddf6cb523f904b6b4daf30972afcf15c47305649f134298f43d7ee6c
sample-4985.eml,27032,2026-08-06,1d26960de35ac9d035b7199f347ffbc78c4da29659c4eff75210bc8a921f378a
sample-5570.eml,18058,2026-08-06,1977f355d8d2543fd8e80ecd55e3a2c9398f6402f3a68e78a97c0947b7439901
sample-3432.eml,130090,2026-08-06,ee0917621296b06d063252e293046e73d736ada5322c7235f0dbd8e862ef6970
sample-912.eml,25363,2026-08-06,3e92f82dc4c4260c458bcff4bff57bc72f116c0440c42f2ec56126cb356976b9
sample-7958.eml,24470,2026-08-06,643c748d343342b5542738d33f59ca033cc1ce2484e8ac07e718ec584c8166b9
sample-2212.eml,19575,2026-08-06,cb64fa7e46fb6f582fed056b8610bc51d7e659ac972cf1d93547413dd3750f54
sample-4696.eml,106673,2026-08-06,c4acf74a14482116b4f1848e7258790118a55491f56922ffe29bdaeaef4371e0
sample-2585.eml,14103,2026-08-06,24c8ee8a77c5f793fd2fe63e5831240407298b6e42f7897a07901be839aa5a6d
sample-3382.eml,40595,2026-08-06,045eaad7d34b1872643d2b188c919870218b28fa14257b7e3af92fc29d07bfe7
sample-6864.eml,29321,2026-08-06,648520e588f925e80a0d68ed994ac43ac70f4c9b9a7b008c94ade68eb2d97f9a
sample-1713.eml,19965,2026-08-06,ef8c22685c7807559add4e73d92a244bce2f9eacdd34cacc1b91a51bef76e48d
sample-442.eml,14465,2026-08-06,a1126e8b90d8c10d33d1ee7ca5e650d49c7f1cf1cce608a008160570c589cb92
sample-5536.eml,12922,2026-08-06,5f248d0e3c117adcc2557a68dfc8c9d2c3a5f1cc5508effaae1df568e0890957
sample-6442.eml,18457,2026-08-06,94461c35071d5c8e53bf8f7afd2e83c92fb8f5f0d012600f010751a53b562640
sample-5399.eml,105699,2026-08-06,411bd98fbe807ec796090905d9a5c846bbf27b03764bc13d71c43135c8fb27d8
sample-4181.eml,69311,2026-08-06,c16129c864a4e3ac5ab60780b29cfae9ffbe2dd9f035fbc09e2a00d3b72e4712
sample-3824.eml,21621,2026-08-06,2f0a4c6cd2a61fb152fd58b501f721ead05307aa5eb4c0576f66170503c701a2
sample-8264.eml,16876,2026-08-06,8267053e4c3b223e44653e055dddb7f1aa45affe24bb83c4895d5d7434c163eb
sample-5974.eml,19638,2026-08-06,c7cd66f5cbe2c4de3b2429d6a1e24bf3e1c8eca4d40ae6424c13589639fdaa71
sample-2421.eml,12946,2026-08-06,93f96641679cb4a1dfd1be781ef753b5039bbc66d9de26b92f757d25d6f1be9f
sample-2587.eml,25204,2026-08-06,2593a242cc4bd6acc55c06c69160727ad23c58f913a04ab15e16da94ba1a4995
sample-5428.eml,13358,2026-08-06,120c0ca757e94e3f66761e62436ead9609f55dd85c49c0f73033abea33f75b29
sample-7328.eml,16360,2026-08-06,0019a6d36864e565d11b39c84b835bafd649b9b6b3524055693df46732fe7397
sample-1943.eml,7905,2026-08-06,8cc21d06bd867677d9c8807f21a923813a07f0c07032afdac443194ffb3ead1b
sample-8363.eml,17132,2026-08-06,25ef7898faa322cf6db3359961697fff90eef0876542b13b75994a098227b6cc
sample-2610.eml,105089,2026-08-06,7312c823b3b092c430acd64b1b5d56a974d0d0a3e45721dec6f190cf9634a027
sample-4981.eml,13774,2026-08-06,d2899e210bd7aea676ee307f34e1c37e1b7027c6d1d8e8231178d121650afe67
sample-8424.eml,15220,2026-08-06,63d9cf635f7291dcaf219a65bd0b264c441b2a2fb38b29882cb0d34c642e3a74
sample-8467.eml,16986,2026-08-06,23f3549353d916374a0b5ddc9a2d5cef512c4c7b8b420f5e38fd4018efe4e988
sample-3897.eml,27377,2026-08-06,dd0e9c582ca7aa2ef431a1564beb8d57e9fd3bdebc09db10e7c547a004e5bd86
sample-5047.eml,13869,2026-08-06,0b8711fa86db3c12886f025332ca47e2cabcb60b3c73cc777bed75d1c884bcef
sample-1798.eml,113703,2026-08-06,13cdf53c51928865a1f0d24044a3058ab592c1ed17f517b1260b7b8e18f6300e
sample-2248.eml,21024,2026-08-06,0c3004c1cf84ca04d08b6bfed5305465d940f9769c63d14d0d4aaa8a1c598d47
sample-4850.eml,12028,2026-08-06,f0a5bc38c1be9524d0cec26af293e569056be632cbfb56bf94a440b3655cc12b
sample-2123.eml,10217,2026-08-06,c450a302d84d904a4a12586ff334d53a9b7931321ac92c567de432133819b96b
sample-2532.eml,105496,2026-08-06,3b9d74e3da5b7baa063452b46bddd5b095eabf16d48f0ef5335bb026f192436c
sample-4229.eml,14319,2026-08-06,edc55b3b8941978866b87ceead22887c82495aa076678ee51522ca0234f2e741
sample-4764.eml,18799,2026-08-06,47d5798ec6b9a4c9352cb7d1ba7435d5097f9998b1043a66528fb861c4eadd48
sample-6933.eml,14088,2026-08-06,b42090fd38ca830dd908828a034ef831b70a57fbfaac213fbdda21fc991a208e
sample-1941.eml,413883,2026-08-06,4f3214695073fa93b3f2a2a4d69ac2164f09626b26b6cf90eb3ab074c51310cb
sample-1388.eml,18148,2026-08-06,2859cf547e4aba59c6fbcd68a8973574d61730313739aba55ac9752c3e277703
sample-5431.eml,19481,2026-08-06,acc8176b645cfc374a1a940ab370e711119c3195a4313d8aa0890c6ad64bcf10
sample-1064.eml,24563,2026-08-06,5df35f3abd3d3d52dc065daa006bb5d32a7c0cb417cc4546a1eed4ee5eaca4d0
sample-8380.eml,19966,2026-08-06,36010286d57f8ab0749355e10cb88f7d4913433cdfa0aa9a955dfb75a8f89a51
sample-7192.eml,26981,2026-08-06,2d2593a1ba932bf4d358fd336fbce049a1e7ecb1a0708f278676bff381e17f16
sample-5576.eml,11074,2026-08-06,fba8ec0a8e9e93bb85f8a15ca608ce3179a1df9660552b22c09c428485bf756a
sample-4945.eml,19878,2026-08-06,3ab00fe2aa72f62b7839b467e71f5a983d4cf32d503b3b215a2cf52af8e2d24c
sample-5734.eml,13841,2026-08-06,d38e1ffb1340c4ca4336e7edd480681b92ccec3bf647f6ea5c0e4f8d39401bf7
sample-4832.eml,37552,2026-08-06,9ae4aa372776d9fa2c75be44f4ac87eab49ffa76b7e9a662b1fc694a2ff312c4
sample-4933.eml,11189,2026-08-06,1e3b5bc1bdbd1681d680c5f871941668802c98d720bbb7f76757904d7b4a08f4
sample-691.eml,10220,2026-08-06,a99b04e42db2d4bf6a8a2b6d85de57de6240c55ea97b629c48b84fc1afbef8e1
sample-1846.eml,20784,2026-08-06,a2663b42e9f7655781f910b2a29ea9c243683e98a15a7d1b0f9e059e5003849c
sample-7941.eml,21018,2026-08-06,c8915e0697592a41932893f87a54071c65504824b3e524991332b49866dbb52b
sample-7206.eml,30815,2026-08-06,7b96aa90167aa90e02b7aae2f045909d8b3dce8238ceb6cf5e1ea5646fff2b9f
sample-4414.eml,45402,2026-08-06,2a5d6c0d4a5ade54e80bb69bd037968f99f79fe867137f8f7cb4751f1201b470
sample-3554.eml,31334,2026-08-06,ab9797bcefb4d8f747b236632875d1b70cbeb80123552a8b637960a05ed0af4b
sample-5274.eml,15394,2026-08-06,da91c328594a6feda24bb290e76f44fae1e79bab48c942425da23309e81ee264
sample-7277.eml,9803,2026-08-06,d2863576edf1f9b56f9f2c266d993f46fdd8a9a6d46b5bd97332f6c76f9821a3
sample-182.eml,126154,2026-08-06,8a690a0f4000c281b1171c5fb7b16be68e2dd23bc254d159a53ee812214499f6
sample-4051.eml,29526,2026-08-06,e953b51758dfa8fcadcdc75bc2f0ee02f82cb445864174fdfb3cdba12339bc48
sample-6918.eml,25455,2026-08-06,e4fadc34ccef9c7a360e758b74c1569f100e7887120796b56840c3172b3d75ae
sample-5937.eml,14885,2026-08-06,94ceb79f2eeeeb54e96031f2b598e53923bc3b69ed5a5079433009faafe67f95
sample-2422.eml,19489,2026-08-06,accdcc8a6e55da488273d20843a6b8280b88a915c62212b48421033642f4f48e
sample-5090.eml,15444,2026-08-06,8576032bf336c3d19566507447f66ad2f25e4d029de9fcffa1f69812bdf60b78
sample-255.eml,29740,2026-08-06,54c89b13cf2809f2c05ca8cbe94bcd976248187dded17ca61eea9304ce438f0c
sample-303.eml,17060,2026-08-06,57be90edc8d871527ed98b5dca4ff97d6ac5524f4bb81c5e09a2161773a17a03
sample-8498.eml,19720,2026-08-06,d9e520fd40b14dcaecd2e2633fefbe181381244acdcf048dd6d1fe50704123cf
sample-5630.eml,15325,2026-08-06,8d3c91e4ffa60f8bf537f2c833cfed47c49b0cad866e2ebca45a6f44be7f9ade
sample-4450.eml,12044,2026-08-06,10a2b7f5de0956dc4184039c4f6f129d49f6712c90548c225bc7fae2893bf20b
sample-7398.eml,21728,2026-08-06,b4baee05f4c1d1959aaedb49e9f95032635224057f7d3ff337312e2a711d96d0
sample-3118.eml,24373,2026-08-06,d25b9cf3d25980fb2d2d75d9a27de6a568575d58153ead26be8451e4c72e19e1
sample-1372.eml,18457,2026-08-06,2464af5b94dfa9252c51fcbcfc7ee7dbee8b8c7bd22fc5b9fb2300e1001a329c
sample-4332.eml,13387,2026-08-06,c619ce1380d17867253283cffdeffe84af428b770b02720a4542ffd559277e18
sample-4580.eml,78385,2026-08-06,b45971a627523dab0ba0eb579506d99de76da77c256e1dbca419af1d7bd97fc2
sample-1387.eml,40668,2026-08-06,35267d40a085f53b397bb7c5899081bcae5f7fe4ace390899e3c86247af6cd7a
sample-8252.eml,473901,2026-08-06,c68604cc8007aa8b00342077a1aecf52bc7a56cc6225a26c01bb8de7bc6af90a
sample-8323.eml,465113,2026-08-06,c3e89f79f446f41d929dfa74b6cecc9030b05d05478344bfeed2da5757ff2b95
sample-7383.eml,20775,2026-08-06,816fe9ed9c3f94e4fe7cb24b5610255ff79174ab597a5bf755551b01ae8d2f6b
sample-2985.eml,19187,2026-08-06,54fcd16b0c7d26aefa450603f0c5583ff692f21c88684a20b1fa7f1ebaa74a8c
sample-3362.eml,17893,2026-08-06,facdfabe97d6eae949fa30bb35d04b97c4749275818145ab7caeda91b28c7f89
sample-5477.eml,80778,2026-08-06,64f2a9e73786d77d16c226bc567e2d785392199888456bc1ee7c4ba0c9512c79
sample-5946.eml,11465,2026-08-06,7392e0e1999967349b52e768653f5d89b162c8125ce03ea1e4adbd78b48fd05a
sample-3066.eml,19418,2026-08-06,e70b1e280b0cb80972764ccafe30b06d3535926eb3e883a07a0432d9c8440fec
sample-3623.eml,12946,2026-08-06,3a678583ec444a83317fb8d38fcca49f11a2fa0a2d247c81816938402732bb51
sample-3125.eml,19287,2026-08-06,c8834cacd34f6d982a0ae687b41ed90721b3e288ea8bacd5de433e5874c4ba0c
sample-8105.eml,19447,2026-08-06,4453802f806d90428d476aaf1f4cf16fbffa49b8b4ce539b486d3560b6cc88f2
sample-3391.eml,15815,2026-08-06,f77744576b48da45a7c1e968816bed18241ba2fc0173e3a222c04db44fefc4b0
sample-394.eml,14250,2026-08-06,942a72107b8c084bef4a40b94696533ff75fa450ae8eeae506f0830f2efd75ce
sample-1571.eml,16479,2026-08-06,e670844db9aff2e6b407292bf4980e37e7ace04ef0163d1de428dca6a9535ef8
sample-6627.eml,21768,2026-08-06,91f94d5f073accc7ba65298e5c97f1b315bb3bf7196965fe1018cff286d1d1ea
sample-2623.eml,22302,2026-08-06,d4ebd4cf29b12456f1233f9d407aafd406fe7b7a69b2e468446d5a1456c8cac5
sample-1204.eml,42715,2026-08-06,6e6b82a380a5854ac23f93a710614eb70a1ca5f4d85e018be1b948e86f0b66a1
sample-4653.eml,41506,2026-08-06,4a9f8c6b6ae862828379d80a1f44636d465614318dfdefdff2f351bbc06dfc76
sample-3380.eml,61856,2026-08-06,1a3745a98ff3b14c7db9a881eab03dc387fe78cf2e3f2b9fe99163f3571a1a6f
sample-754.eml,24499,2026-08-06,be536498bab8c313a81dee4cb02e756d7cd95cf20fdaf6a55b7cda60a6bd3734
sample-8605.eml,15327,2026-08-06,8a619de175ab0baf1288ebb861c5bb8d040451e2a984f9eceae416d110d08a50
sample-7467.eml,23684,2026-08-06,505b65ae3012dbfc40b8bfb5a021589257e4fef9bd65faa99ae63238e54abfd2
sample-1259.eml,14559,2026-08-06,7685f86f0529485ebb497c5f3a7c46d9cb7fe117fd88fbfb07a62f90008ed08b
sample-7120.eml,15911,2026-08-06,27209b56ce254e5f807b79cf2afbc1b94c697a5a90483897a99aebd8f1ba738e
sample-3468.eml,53309,2026-08-06,530c11d97721361decec478142355be3df2d47a54e042ed72445e24d5720018d
sample-2990.eml,19424,2026-08-06,f4fcde87c99ed820f5330d6e5150cf88e4c0be2847b0dbc0f2d14c329ea443a0
sample-817.eml,17063,2026-08-06,62ecc211667ab11674a7eafbf674cdb820a82011044a0536b4b50c38fcc00299
sample-683.eml,19066,2026-08-06,5e370b2daf96758dd2aa0e0345093ba5c9768950bede3da77ed24943dfa9e295
sample-5104.eml,15635,2026-08-06,b21c05c56fcda0f7bbb0e09b1813c5e4664549f688a1a3a8ced2c9b735999496
sample-406.eml,15124,2026-08-06,587ca8e0fcbe8a9deee53431f0d2914b6f64441eadc33e8e78209b5e3e2383ff
sample-1311.eml,14514,2026-08-06,0045a9e15e724bf8b48f5996f41956ea2bcdbd54fcde3368870853c1c4431d48
sample-7783.eml,20746,2026-08-06,21114fd825d472ab29266bb97e935eabd65f4316543fd3bacdcb72e1a97e5189
sample-7569.eml,26937,2026-08-06,dbef613af630271f8ac50b2fc6da43d4f9939b4e6d753113a2f1ebdbe6d55f88
sample-5996.eml,12041,2026-08-06,65a2b35ec6ec2a1d0e7f8beee2f86dd12bea256adf675122b27e86f116a04367
sample-1150.eml,41125,2026-08-06,759f162ef16705e7d27a0a60255b0f25b81908bcfc6c0ab1219d695b595bf44e
sample-7895.eml,23407,2026-08-06,386c01ee0620829bb256bbde146151a7e8884a8cf5e5c86d11bdcf49c12a7a2d
sample-2993.eml,21198,2026-08-06,3e132881bccc6f417055cf67eb8df5debc712038fd9f136145e62482e5bf910d
sample-3407.eml,26254,2026-08-06,51dcf9d01e173c24b4143ef8e13ac41c0d5abdd69c433470f65140f1d1439764
sample-4089.eml,28168,2026-08-06,6bd5c313b976a1db49ecf6bf0687a3393d3f591961d1918870fddd2334f638f3
sample-5382.eml,6271,2026-08-06,88a729a8ee255eb2c96e6babc9e246a8532ab8028673d9816c80a0a52a6f9629
sample-498.eml,24025,2026-08-06,be96e006f93bd6426b99b014d68aa66093a1f0979d38b95ac4043c12240ed45c
sample-7787.eml,20114,2026-08-06,10cd4705507611e7b90def533be6ccca49d00612266e9ea37cb78b805cf96ea7
sample-8056.eml,21762,2026-08-06,21782b138a113cb2c15cf52336d8fb10a3ffccfb4ab760ad40916e518524d270
sample-2796.eml,22493,2026-08-06,218fb4a6882ac7ad4cdb922a1723d6f91bd5ca16617e9e6826ef9422dfa0e44e
sample-8320.eml,21930,2026-08-06,2dd79065c210d36d6d75238f2c60f5d11f56274aa7139cbf55c934021b358cbf
sample-5982.eml,20455,2026-08-06,13b59a8b9b40ad3f21ccd07832fde697e91db77416a2462cf150d322c559d7a4
sample-4816.eml,40569,2026-08-06,06eb89127e97881341b979006e220200a222df045d00be4d26b085d8476bc7a2
sample-6148.eml,16788,2026-08-06,e3e1a8e4fe3a19ac6f61523d730e3061c83b3569a9fe07f988219f9a24561b50
sample-7298.eml,18635,2026-08-06,fd2768fb8e9de3f62e70769abbedea576e4687c54d0c196c1a0f87e75f5f24b5
sample-6410.eml,16992,2026-08-06,37ed2d56444f62291f51d5e5adad96965f5cdef05e8f18715cd721cf2a795c85
sample-3429.eml,10890,2026-08-06,28fddcdc2380b79bb07d9bea81620029bbb7f838fa99d83d77e7d845de19b716
sample-3097.eml,20041,2026-08-06,fc8a9e6d8c9f00fb8722baec4399ecf095a106c11708a2e7a0d5438aee5bef5a
sample-508.eml,8048,2026-08-06,1e90072b8c7a18a29b573f68e55ebc83b92bd47b70b268993f9199ba9c82852e
sample-2067.eml,47294,2026-08-06,b6f3f9953cddbaea9bc8d26cd7dd9e95d022b13726fe213de621258fe73d8934
sample-5220.eml,23289,2026-08-06,7227d35fd190bf1858213b9d39ecf2bccb03b333c298a11f573bde7e77c70079
sample-6522.eml,20035,2026-08-06,d68c604b52af8f05e5b049e72ffa335e39eca853c7757acb0239cdee4f819385
sample-1748.eml,46970,2026-08-06,b53d744f1d99c7990c55819296dab706556d8a6269b50b9fc3ce4895727a8f2e
sample-7355.eml,17060,2026-08-06,35a94e0da85c95c9081c504fddff42c2b56d46754987960f1baeee1a467a6723
sample-6665.eml,29521,2026-08-06,16d6d799920cb1a5ba36b36df85bd7b54742200675b51652949ca6ed619f6981
sample-3136.eml,23441,2026-08-06,40ff53d2a454721a763e0373f88b4016d900b2b556b121faa20af374bef8f95c
sample-1346.eml,17842,2026-08-06,d966322e1c0534ff1bfdd7b1ae216d052172ce917f9abea49a94005e7a6b6302
sample-2184.eml,14392,2026-08-06,bf26cd7493679d04fb4458abec756ef76bb3bb7afe07e5629471405b2d2f139a
sample-3308.eml,17939,2026-08-06,3dd50acbb62c14bd9f35f6011b02d012b23d5edfed2226649af99a5c39e763c0
sample-7173.eml,23319,2026-08-06,b3c15079106b340a6e86a2483390ce69b4534fdd53c8012a5c8f7d9a0047c3e9
sample-1124.eml,24778,2026-08-06,b084080283e7bbe7a033506d955524e950b4de9cb6f744e0b7d1321bb939bc2d
sample-1420.eml,15738,2026-08-06,b3f54e1001663f842259009b5dc4e44f6bd8ffb6378e0cf513a020dbafbd2451
sample-8016.eml,13994,2026-08-06,9fe3c5b24e02383c526cc3105e3c0e473062e612cb800dff7f344885deb0ad6f
sample-6144.eml,35926,2026-08-06,6cc2d0017bb743eb91cb76ce090e498b1aa8c1a94a12432fb0bd50246940abf0
sample-1360.eml,42448,2026-08-06,bbf3a6805b609fee00c3518c59ea6aae1ad95a7c9a57c87e7c0d3a3576d4731c
sample-2448.eml,34134,2026-08-06,ada4edf7b923f94fe364a0215a523b61dd494ee156f2c192b4b6f27090bcf854
sample-3643.eml,18435,2026-08-06,98936ad80cfae4aab43ac0c268c0c52866268cd7ea9af335b2ed6662b6574959
sample-5865.eml,10269,2026-08-06,60d8ac30fc2ab74bfebdd43e5feca16c69952b83e7d98e979d03930aa44515d9
sample-1327.eml,12266,2026-08-06,62eeecd0d79f6ad7989a478f634c184a5ba1f64c627efd9ff41e4fd7f4d5a997
sample-3840.eml,24611,2026-08-06,f8acdf67c18b65c0203ca0930e418ebbffd9de74fc5088bff9fa027b8e2209b1
sample-316.eml,12410,2026-08-06,b7b47ec73d552e75348fe8a863d2c6337fc877b9255722b53b740832bcc12be5
sample-6863.eml,14676,2026-08-06,d8e6c3c6bd0370ff3bf28d3fe0ae89dadaae56c5d36a07c7dcd016dbae86e5c2
sample-6976.eml,36296,2026-08-06,87b7e33f27294b1621dd8e093c270dd634f418987904bd24cea89ba75e89b574
sample-1396.eml,15584,2026-08-06,32b9c4135a1dc68b7b6b7b1c9279ccca2897da782a2225405d45801f45320fd1
sample-3284.eml,7889,2026-08-06,1f7f2bc50f38d5ccd7bf653fb8e6fe4f6524444a820a88be05c4c8860d158615
sample-824.eml,22550,2026-08-06,c7b0069efec1e1f486750035dfab9e5003229e4bd3549af1a050cc08ff6dba2d
sample-4928.eml,15216,2026-08-06,4feccc35cf7f3eda4666ee601a4dd894c3a661b9a80c6f571dbc3f994f409da0
sample-2266.eml,19213,2026-08-06,64e3ea940d232a1804139eb6e84e1c285987c2dbedb5b49e51edaad46f35f455
sample-5797.eml,14637,2026-08-06,0723511aa92b8eda79028d134519fcb098dc2c858f44886911fbbad681d03737
sample-3193.eml,18274,2026-08-06,816ecdb32fa8282ff976a70314b5c0e05448e1c9df63450c1756456ccd77bffa
sample-8542.eml,25376,2026-08-06,ee20837ef8ef74630b69182633d7a51b865ff7e9049884a3caf7b2b581085139
sample-6305.eml,17407,2026-08-06,4a6c32584fdd90b85cf39075ba729e05c6147566db15f830d8886f13c127ae56
sample-7647.eml,17651,2026-08-06,83063726191b7a645d43449872d6beb7a7d67d7565f40c53638d28f9d2d6247a
sample-5150.eml,15284,2026-08-06,674d9d2a8b93a002f4f0cdefe739332c1aae9801ec7fe1faffe422c607f83110
sample-2023.eml,24584,2026-08-06,4397b42c0c43b53e786bdc1a8da1c7874a1ed9cb5d52fa371241d9ba9a49e48f
sample-5137.eml,12968,2026-08-06,a0c37a6d165be4850f3b6e854374d60e03fe5f3caf2fa8280a7928dbb17d100a
sample-8023.eml,28038,2026-08-06,9eeabed7f1b73b89e4235dfe319ae27727558a59f2d3b61dc571003fd3617008
sample-659.eml,15731,2026-08-06,1565d2aa4e52b0cfe458b5e7b85e6aa6e0a34429ff28bdfd2c13f77b10bf6407
sample-2793.eml,105096,2026-08-06,f128aa39a3dfca23e7a8003b4265419a2262fca7f219f9bae7e91d01c3bbc703
sample-6732.eml,18696,2026-08-06,a10013c4b16d4df685bbeb5179879277662dc42277bb7f826761d952a8518591
sample-7054.eml,38177,2026-08-06,aa4913b613cb72cebbfb3b9257eb358326d4ed6cd733bbec25b7c9ec1441d55e
sample-5149.eml,14871,2026-08-06,842839acead47abf3c70c11ddab332428c15e2299974bf033521e3ab4eaef0cc
sample-93.eml,11050,2026-08-06,190e5ff6f5181fcac2aad056bbf523d94686fc40f192f57fc88dd3fe00c2c59c
sample-7049.eml,12338,2026-08-06,96b3d8b4db1d61da62148fb856a67fd044c9a4e6b639f1d0da08fbda69eea7c9
sample-5572.eml,21335,2026-08-06,96d0a132cb81167b45ddae032fcc45f084c044c9d290c058362743714fea6424
sample-6941.eml,13250,2026-08-06,0e90efcdecaa0ae0f842cd82db84446c4e760c2f6362d962830eda84e46a0ca2
sample-4658.eml,70553,2026-08-06,42986d94d0a56b0c882e63593b80293bf96536b8cd3d2571c55db0f2e4172f49
sample-2187.eml,27360,2026-08-06,5eaa8a59314fcd7b5fc385b6db4da3d67dbc1d086a95c3ec47e6cbb72ffeda91
sample-510.eml,8065,2026-08-06,2feb9d0d6f65b9d6c406fc85fce2802785a5a7f328d4cea87e3ba7e510d1f39d
sample-7266.eml,16575,2026-08-06,f6d270d64199a342a811b12c9d0ce4ddae36198ba31c92672926e9bcfdd5b97a
sample-5928.eml,34907,2026-08-06,8309078b757421407ceb6eff53e15a75a69c8ca2b70679c0806812feca5774ab
sample-868.eml,118038,2026-08-06,7d1c8dd8c4dc9cbdde4ff21c3fda7fca20144069ccd2cf8193dd8fc505d0e4ce
sample-4869.eml,15665,2026-08-06,cfb16d0d44b51b0ab369d091522598846e30fc4bd66243b45090e1544d928faa
sample-6424.eml,19446,2026-08-06,fd4b2f8d3126a9866d05e688c7c51d22927758915878f3291378686158dce617
sample-6400.eml,22445,2026-08-06,16fb0aa807646cf8c8e2a9810f449cf653cfcaeb31477902a4468662af77e445
sample-5764.eml,60380,2026-08-06,b3b79100d0d896226e71618606eec09873ebcd3a3faa71b8c0e9cc23b79e7eb5
sample-14.eml,23501,2026-08-06,5e33c93802f5fc3f194cbb5fdb07afc89945cf05f432cb761f1c8597c084526d
sample-3398.eml,51080,2026-08-06,b1de907a2714f37bbed54acf933cced392a4f9139383fdb94b082b8549742202
sample-494.eml,16373,2026-08-06,07f6b814e4fc8092e148dea56949cedf45fffa9c8f50c65d3bd1a3efd5ced554
sample-6892.eml,20666,2026-08-06,88c3075ce9ab3f417e6f015c6896fea588fb58d95ad1fb79c8ef9591e1d26d1c
sample-4559.eml,19378,2026-08-06,6275d417b60d78578117119e6d05b8c7dbe6b5e5de648dd804b8a6438341f953
sample-3946.eml,29027,2026-08-06,a4966ad528d7b751516174d6fe7607c14f2f004155a086cfcf2efa54dd6d9b94
sample-1821.eml,10985,2026-08-06,e70e711d00cb5b32ce0e1a58246c0d4696f0c4dd39d8aea02c086d74e24fa9bf
sample-588.eml,23854,2026-08-06,89d99462ce7be98c653cc4fca92fb486c789d56f89498e940163d3c1654692f7
sample-335.eml,28500,2026-08-06,caac86a954360e680d0695ffce19dc411d45b47b0e8d21ea884990aabbed3fa7
sample-2495.eml,22642,2026-08-06,ed6ace3ba9ec4ed57a7ab0957092289b5c0bedc56974433d9d5530ddc1245059
sample-6506.eml,23778,2026-08-06,d3f8c575567d66ede3d8bf989cb8780b0c76c7e07913b2de013fc1288ebde25e
sample-5016.eml,13045,2026-08-06,c50841fec33d500841231057d34f9703349c646c1ea368695e75fbf67fd3b890
sample-3945.eml,44366,2026-08-06,948fb1d9e42c8812fdf73f494d37a14fb2052a62c14806624197a60ffcd46368
sample-8286.eml,473880,2026-08-06,c04a3d041d536b1c064720d7c5906db3602fb9c7a0d9cc8307424d51ad9eba7b
sample-6539.eml,23253,2026-08-06,29fd6524878885691f7727837cb5beffc9e613e127bdd9131ce0ea1a2283de8e
sample-4478.eml,15914,2026-08-06,a08212a82b563d9913b8a2d93a6dcd43ee8aa7368b25961aac528f7e63a20b05
sample-5824.eml,25489,2026-08-06,8a04dfb7dc0a2e8e40a6e9ea3d2ec791aefe0f319903a0354b6adb76e2839eca
sample-6208.eml,39580,2026-08-06,98ca060888641f6960b5d015743d4f07d6a8fea96ae8c8a66eeed4d7aa7e7276
sample-4672.eml,20338,2026-08-06,2d78fcec85c54e8b6f598f5481f79138779d71714abdedc76393404376c2b6fa
sample-6480.eml,20542,2026-08-06,e4f2f2084c2785bfa8d0addfa48aa3a732ca15ab089156bdb64e7191d62cba48
sample-1509.eml,16322,2026-08-06,c85c0737c5c42f263bc6c196cb19821630e7d4ee0e729baf37fd05ac5fdf7639
sample-348.eml,9788,2026-08-06,c8c6d289ff3ef447ce783d4f2786906104c6f8d01d7fcd34619a22954877f6d9
sample-4668.eml,21002,2026-08-06,1e56c9d2d32ea01263bfe7916f91db116b4736c450fa129548e1a77d6ea17297
sample-846.eml,18398,2026-08-06,4b3e7183760cf361fd3cff226a7118fe5ece05a21d2baa536a7474a8471e387a
sample-2910.eml,19818,2026-08-06,c265ce3199d5fa3de235aea1083435d1207ff33d35709e116c3d5e3273235e2c
sample-7486.eml,24980,2026-08-06,dc7e1c188ffb69490bf2ee5bf9af59950c8c39274f06a2dc5a6782ee2a1d9298
sample-2299.eml,17334,2026-08-06,401768105d6ec0f202de473f89af572f47c2fa3774232736a739e03a901975c6
sample-5151.eml,13798,2026-08-06,15eafe2c999b887b69c67a19b1b54fdb8341e76b3ec4aa8c91d8e9b63f644c31
sample-7820.eml,21092,2026-08-06,9d2bedd193229969283e15d330e5966e7c0afff9364ece84f29af153286ec023
sample-7504.eml,22784,2026-08-06,f5454262f56bd2e55edc1d2e634669937cf18afd0d9a3f191151afc3d68ca86d
sample-5372.eml,41385,2026-08-06,1c19a133470bf7ac9783fb0dc3b1199df7f2c9f1b50f0c95a97a9c3b5ef4bb44
sample-6815.eml,26959,2026-08-06,240b8d75c8531db1c554ce6e1d30166e728c6eec3dde47ec7e59845a9a40428d
sample-571.eml,11285,2026-08-06,c04c5982d626049e1b634726a640754b3821928b11acaa9a832cd6ca987ade13
sample-7874.eml,20602,2026-08-06,1561a36742f98f6a4baee4ccbabda6bbc575a2288f0fac88d0855f73811ff6f6
sample-1045.eml,10995,2026-08-06,e6e8b44c4120e134b4be3723695fc4dfbf792c215dce3e920eaeb188027a713c
sample-4949.eml,14674,2026-08-06,c05e1172bbc98804d7270ca4437f136d1dc27080e2af209498fc5917c429662e
sample-4167.eml,13045,2026-08-06,abb6f4de1fcc3d1be49373e55f450682b6cb4e792236deaa75ba021c0ab938fc
sample-25.eml,21758,2026-08-06,016faf098f5b204272c25f8d477194e1845082b52da6897b27b9d68709e4ecf7
sample-1018.eml,15081,2026-08-06,152d705079153553bd483b8633c72568496e54d8f56b4db0e988a55269abe322
sample-2077.eml,73423,2026-08-06,513bd5a867f0f5d9e9134169659d5ca79af6b1ebbfb5bb5c0d2af7af508a048d
sample-2915.eml,22944,2026-08-06,370446aea4fbad268e38b546c7e4b1121b30e9781f0b2402d9787fc25659654d
sample-3460.eml,36587,2026-08-06,d3c58faf17800c00f70a2bc5c7125028bb4ffa12da9843c681df24cf297247b4
sample-103.eml,20361,2026-08-06,0a44ff30b4c19e4c579018dca915d56207aabd9e02b0eb5a1f63ec31ebb68d98
sample-369.eml,17321,2026-08-06,129f0d29fe95f60f00ec4d4c59ca8c06f9d5d1decbebedd7c219e7007458e2a1
sample-3248.eml,20480,2026-08-06,1858b14c55f4277a95cd501f70065eabbd1da107550c1fc21c414003b9d6cf37
sample-7942.eml,17267,2026-08-06,fd9f4b1b65f24f75c8401716a5752ae37043d0900976b73cc1d18c0814f9bcb8
sample-2972.eml,21321,2026-08-06,9d7122780a955e262981c54e47d62a8b8bbe83b5a6585ee8c8097a460ece25f5
sample-5520.eml,14559,2026-08-06,4e4d4ff5996124e9f9fbd17138cc8783063c48d28b0089dbdb0e9f9a56f11a81
sample-2090.eml,20619,2026-08-06,d454beb4406b8313f898dbad284134085a24041035df3e284c5dec757148fb9c
sample-7246.eml,32740,2026-08-06,ad1352d95c00d487ca4c4ebc008d2f680e00a4e7d3859ba7d83b98acee74cf60
sample-853.eml,14321,2026-08-06,91da667d386ca5e260c64defe2464aa4d27bab0fd3481148ec8454940638ae64
sample-3701.eml,12255,2026-08-06,521c145ee4faa9b1ad10e9bae727c5f6621815ac380df4c7c58d553b80b40342
sample-1254.eml,176164,2026-08-06,c7ce369d065569e44d518ef42e4862486720db97fe5c45afd4db4b00c481eed0
sample-315.eml,15072,2026-08-06,f12bc3cc6194a3ec4680b4c3e97cc16fdaa02db671e30f30e4d78b907b6fa6ff
sample-5835.eml,10104,2026-08-06,1e30653acfd5df521342294727677ffac49d59f164d93a401b1266b55c24402d
sample-2267.eml,11495,2026-08-06,009ac4c01d89cef587af12f250dcf6df8d4e7a87b8ebb91757e509665a44a628
sample-3866.eml,40171,2026-08-06,44f8be3506368fe700915f0600163b0dc30473ad6a1f505d62ba66de89e654fc
sample-5555.eml,31927,2026-08-06,e9573eee5cb3e6542d183ebcca405fde5e79ba291b55fc31e0605b0f3fcd8b4a
sample-478.eml,16956,2026-08-06,b8874ff514926c655e371500a72c3dda37a53dbe21c0532a4ce8d62036d805c3
sample-1889.eml,46915,2026-08-06,25a67c91d2cc2dfcd0273a8bd1707b8c6dea0fa0d25b59b00872ab6cc4569ca9
sample-3587.eml,28498,2026-08-06,3aff6344d143b2d706397a91b5e9e90b888ba90ddb3b2fe10453f68402cfc636
sample-701.eml,308262,2026-08-06,57851f06e04e8de8c9e72faf8c050d37cbb1f7010480ebe154624dff660bc635
sample-4083.eml,22576,2026-08-06,8f7c104e2268a6b10ce7972436511b2d75005058877e44fd537966c8ce0e8b7b
sample-5011.eml,15022,2026-08-06,a8e483534ed7155b602fec169b02f4ac988b68ea197b9c1f37b004fcfe99fc55
sample-5793.eml,10423,2026-08-06,3a11e972d66da6e16ff8d3ded08c99035a755fbf3c0d64874747a736c7676e85
sample-3930.eml,28403,2026-08-06,3e73b43cf8e66cfcf71f9a469cb76313117a7d8467059f40a4585ecfd233a995
sample-1585.eml,16806,2026-08-06,f547ae4e2a5c1bc35cf434b826280885fcca6fee099faae2d3c84122a9157ec2
sample-2330.eml,45279,2026-08-06,6c59bd1e8b47304821205eca7c3e77ea14ce84ba19e2da960416ecb58e3950c7
sample-8364.eml,474418,2026-08-06,ffd5d157c671ad031bfb69fac9db333763c369af5369fd0e6630c4f7d2e778d4
sample-2616.eml,17961,2026-08-06,28f72eea2f6ca54a6cf8314c92cb56ea47d9fdad2ae0edd8b26aa049e0563574
sample-4168.eml,69886,2026-08-06,36da273f54251c40a1d2fe616caadd9e99bbebc2af779945ecbe65733361333e
sample-1669.eml,46556,2026-08-06,2a608e0855844c32e85eeeb0eedb5e0826df020f59fb325be8376450430a608a
sample-6232.eml,14665,2026-08-06,e757c89bc8e7a1c2ed836883b1a93c0124858bd8d2d733c550cf64c54ed289d4
sample-4209.eml,15018,2026-08-06,335e12b1f42bb622702379f698682d1e1c9dd89c1c2a0694ef8e146f0bb06022
sample-8420.eml,13245,2026-08-06,f2fd28e158c0e2dcc17ec6f192ecb393e58f8068a38fb8fde760cf77045cabe3
sample-7856.eml,25276,2026-08-06,e4a12376e1d46f3f700d42d91719672226d15c66111910623ea63b52d0e2b925
sample-635.eml,11319,2026-08-06,1411b519b8669e737a52374feb29c7a8072fcf1dbab201bc3b2dbe382c6f63fc
sample-5108.eml,17312,2026-08-06,9404fd24ec1d7e6d9506f356d6e2a8466c6c3f3a0edbd78ca3a612aefb305680
sample-1749.eml,47017,2026-08-06,35d6af588ac1340e541cca061fa617c268de1939c6bb744dd456637235249ae5
sample-4391.eml,12797,2026-08-06,78e36d0782fdfacb6b9430cdedc373a7673973b927ce347a3e0bc860d95f35e6
sample-8378.eml,474046,2026-08-06,5c808b4700987f7ad975d86adf75e9c1344f6630067f51ecd977cb074f2da843
sample-6206.eml,37854,2026-08-06,8fb0170b9faf2296967a750006c61925f722e142e683a8b807800e8057b77bf8
sample-6773.eml,20443,2026-08-06,e2e6b3677c7c2d8b6d1c907395837ba10b982b00894d3dc62ecdc442ef2fe976
sample-2768.eml,105238,2026-08-06,5302c5b0ff6c55c1a6f19a41a367f49b15e4bf1139dff66ec637dcb9dd74430c
sample-5668.eml,32290,2026-08-06,c965cd540d050584f642e2ba54c6de329af3fd0d0aed7675eb636e0826df6ef1
sample-4551.eml,15938,2026-08-06,b4f4f18e007c1e24c202557287a54ed9a9b77fcd76ed81aa6b0a8cc4ff089c7e
sample-1629.eml,114015,2026-08-06,83ba1a3cd6c3bd2bf8913f0a971a64ec285fcbdea243925f3c0f4d5c78866077
sample-3309.eml,17923,2026-08-06,dc3004e4baeb7fa388ad30edccac6c9af837d381d497ea628587352f5d31dd06
sample-4097.eml,12906,2026-08-06,b380d0f80a022e93603470c3bd38473cd6fa3b97407c9d6a2de62166da9b6bec
sample-2696.eml,19023,2026-08-06,69db94e479cf628e99b69acd559184ad3883a4b1da04a1d3018539aec338e936
sample-7270.eml,11252,2026-08-06,d39a9f1680fcad6312b16707dcef256260de8d6eb14ad5da77a3a1ef7af1bda5
sample-2704.eml,105325,2026-08-06,ce63220125d4f33efd48ce94f5b70a0da7519ba97b99c92cb844129265b5d636
sample-5990.eml,14997,2026-08-06,d739ddfe5b5c179447a3cfeb74eb19f05aeaf49f1f7fb3b096e2643035cbde8b
sample-4104.eml,12425,2026-08-06,a0808250f26cb4b63d62528b4e5db74b6059b5e04f02939b081b3faf42f3c44c
sample-1417.eml,15050,2026-08-06,8342e2770a826e16d2c1905f86c31d4786a0e3b9598a3a3f1d9c901490ca0e09
sample-6597.eml,23505,2026-08-06,6c20a1a735474635b20da6bdb581ecb947dd332af0a1d83f54b4f98b1af50430
sample-828.eml,8871,2026-08-06,bc08b6e4e8ca79dbc7d71a0f8b0853c5aee63e364ba50f80fd587c8d8200e8d3
sample-3709.eml,26682,2026-08-06,581630dbf9cdc172f19036f1c53d2b9a12631618c510724ebe09a4f9731ea587
sample-7596.eml,19281,2026-08-06,aaa509eb5cc187545612d5b83cdb2895b5c2c16747a4ee0f1d15173953c13333
sample-2247.eml,16629,2026-08-06,2886db8e48df28c56202f2a24bf616574696113c48074ce1721ef0c5f7dbb299
sample-2612.eml,105321,2026-08-06,7e258cc2a52163dae87507ae9910edc62dcf5c15059684059647013c2383dfaf
sample-6580.eml,16491,2026-08-06,e09ac9f964df52d6fb4dca2e0debba29e247df9a0b8d26d56f3e622ec31eff98
sample-5914.eml,14424,2026-08-06,ba1f576de0c8f176e0b5871a223f02a5362a0c83312198354a7ac8508a088a3f
sample-8271.eml,17138,2026-08-06,3076f5f324beb43094126c6af25401658c012babadca6d5a23e13806f98c17e3
sample-1674.eml,20351,2026-08-06,5407af9415f6f66c233627ddc7e104ffbebd240825dfef3dc7290ee91e78223d
sample-4687.eml,13833,2026-08-06,47182a52c3b38a7df20c25edc67f5e813fe92eefc28ff4e3eabd4372202cba5c
sample-6950.eml,29778,2026-08-06,95436523de2b6427e6e8b7da643c53395e800c50a39a8eb514f1a53d03854140
sample-5986.eml,20960,2026-08-06,cffe2e9414f513a40986cf3b6924c34a7a844a063548688c698a7723dcce32dd
sample-8540.eml,16043,2026-08-06,1a1fe5bb761f3f7fe92ac0b4b21e8c5e89e5e312ce22626d0aa8c56b94d723f9
sample-3511.eml,29970,2026-08-06,4fefea9d9edc5dfae28c53789cfb76ebdec61c406490dd8359e0f650c6c7d855
sample-5613.eml,16532,2026-08-06,a1d61bc92bdc7bd6c7487bec5ceacb6a96e4fe00e3797c0eb0e470430c57b560
sample-1154.eml,16433,2026-08-06,f7b506ddf74ce89e735ac376c2b195f9d2be57fc96690c63bd1867aad3136e41
sample-1582.eml,30836,2026-08-06,4a5bf69a330e8bfb772cf9769ac879c00ebecd4dea1720216608b892247e755f
sample-5246.eml,11026,2026-08-06,70b4b09e0dfdbf0bacc875db007b970c57918cddda02ca251b21f69c898813f8
sample-4435.eml,19431,2026-08-06,cf63c574c74834ea546a7974dcb4858adfe48c95b7177d86d8764cc3ac67d937
sample-6515.eml,42142,2026-08-06,57965b7310121faff65580a15cdfb1864310b594a0884b3328f10668867e0e1d
sample-5779.eml,63006,2026-08-06,278c0203c537cd4b6af9e1e4257e8fd5bb5496f07259167b0a3358845d20f88a
sample-2465.eml,33667,2026-08-06,30889766d81a5157e40ca5ec4423d8a09039a61f1c413bdbdf951d0ab47b5a24
sample-5750.eml,15818,2026-08-06,b6ce79e6af63eedca0d9681d0bee3e39d8e3781d6d60cea5adf5b31d5301158e
sample-7075.eml,22240,2026-08-06,8279e206853e417b2fff0cd37f94665b8e69c9e66ee990a45700f6811516dcbe
sample-7264.eml,18240,2026-08-06,8c732411025120175757c3f6f04dd1eb640f3b9de6f2ceb79832386c638b83f1
sample-1916.eml,18449,2026-08-06,ad82e9a7cee744d8895f893fc3f7b2f4de273d516e3e0d62fd1a60f90ad304c6
sample-2870.eml,13288,2026-08-06,3209fb8b644bd49d47f8ee55769bbb913d040fbfb93a693dbe7d621e0f32af96
sample-2636.eml,105220,2026-08-06,998b3a578932a5fb447689d40631095dff87c2dbdff27ffe4e1a24a906137848
sample-5798.eml,81929,2026-08-06,d4366ff041bcb2f705d9b3e8d57a560f523e29a051aabcc3e8477efb7b55313a
sample-177.eml,86879,2026-08-06,1cbf7581b123e7d9bd6b9c04a49b547038c2f6e521ec86d54a9a07795021f979
sample-1546.eml,20934,2026-08-06,6b93ea7816fd102e075bd9096a3624f07952febb25e456d1041e6bfed88e25e7
sample-725.eml,893289,2026-08-06,e20e0d5ffc714a3544ed164c7c3896cc5dcd181583e543d6eb88551b52583d8a
sample-5407.eml,17035,2026-08-06,3af4d30d3f55dc1a3b8a49e2613fd300c50d052892d6bdcc9fcf93e631f7f3b6
sample-5818.eml,20403,2026-08-06,84bc6112168ce66ead527677192216b1349df00e896dbf7b87d295057dd51b28
sample-2723.eml,17509,2026-08-06,e7e8bb3979fdc7bf782c700b55bf6f37b7c6ada9abfc1291941aa22d2089e0eb
sample-3881.eml,27956,2026-08-06,a66b50afeb0b0c80e3a8421452677af7bc3cdead42d14e4e64e211bb26b32d6a
sample-1444.eml,16207,2026-08-06,a7ef8918ae9db263ba8045c31ef95bfcaf7df86506d784dbfbccbe0190f31724
sample-468.eml,9341,2026-08-06,52ccd7122fa9202475ce0ff97b71f1fee4e898fc39dcc61ce2592eaaac2aa002
sample-7823.eml,19280,2026-08-06,ab0eae40bdac49562952dd7c5b4e774c01502cfb65ecbd23c662f731750a497f
sample-428.eml,3465,2026-08-06,c54cab7035ff19d2f5311c0f1cdba5e1b6fe13247ae9e471caa436771884bba5
sample-4735.eml,12318,2026-08-06,562588da36e61ea33d32c4cf87b6089988a52563ab9860cccd2c70ec6a5415b0
sample-5454.eml,65500,2026-08-06,36c0fd3aa434f2561b13805c22be6b5e2c776b727c78e03be80afff53352d41f
sample-5441.eml,9608,2026-08-06,906113bebb4e1a9fbf8d4d8918432dc2da5b8418fbd84aa7631206537a8d739c
sample-4307.eml,15657,2026-08-06,6318ee668b54768162f280493681256f05517eb287043ed06e5f938c8bceb013
sample-5221.eml,13445,2026-08-06,1b447d18a46e1c841fe5ed5c09c77407bde65d20637b6d5785a60e50bee1bf1b
sample-2621.eml,23665,2026-08-06,978c65133f2ae560164d25b925b0637388c9b655d840bba10752a9acc6c77ab0
sample-4986.eml,14811,2026-08-06,10ab9bad704ed7ca5a0b566061f21c2abdc6c843c34cb9fb0c9834092c6ae0d8
sample-555.eml,19325,2026-08-06,8e0bfb9c12b22e817c73aae7df5e34f61c466e69654a92a9e076938dd76cb279
sample-5333.eml,51991,2026-08-06,cd25d3d61a06e1bacd5c56a9a1ff8156cda679b3ea720881b1c1827419aa31c8
sample-1093.eml,24777,2026-08-06,829514309559106eb797de8f5a7da6a50429848986e7eeff553c9eb47749a052
sample-2003.eml,37030,2026-08-06,04a27a6a3d70592ed25635acbeb1a140c8c38c2314e73fb95580e19747400968
sample-803.eml,20405,2026-08-06,71e3e846eda1546f8443637ee0c03bd39d161911753588a3070467fbd87e10bb
sample-271.eml,10021,2026-08-06,d399d94a1efeba201606aba21a626ac0e1d3135d6cd74bfb3331629b77ff3789
sample-2008.eml,13786,2026-08-06,26441bcddae7bfcb67528593a50e9cab30c75d3e604ae2744dc82a13acdf547b
sample-4973.eml,28780,2026-08-06,9062058ef8fd1c6f1722e70d6a9490a07d7b7c35308d2b0b29a8662213e3a417
sample-1291.eml,20575,2026-08-06,0c2103f6c82f6fdead57907875d12db3bbbbfdea7ebb8c00e4a456e5b5d9fe9f
sample-1873.eml,13202,2026-08-06,2f19d4950db9bbecf62404119e927ec8fda4aba942c2c47bba7e9ae143dec679
sample-1744.eml,250335,2026-08-06,28eea31ed1e79380b413a8fb344ae523f167ed7d692f088e0acdcb484475f169
sample-1292.eml,51443,2026-08-06,a64ed21a49dddcdcbd16f81451894ef567bf1485f4edfcc40f1e1b487b52c251
sample-6812.eml,21982,2026-08-06,685d82f4aac4bb895849ff71ea81e807208ec151e1e58f719dbe375c7cfd1a27
sample-5045.eml,12192,2026-08-06,07218e96db574c9c98cfc86e202a64f2039ef32633aca27bc7a45ddf2b1e4693
sample-1982.eml,285711,2026-08-06,f0c9da060a629d87ca78d48ffa36698670c25a2c9c247429d342aac3d3fdbf9f
sample-3758.eml,14363,2026-08-06,73035e38ce85ddf1160124a07d0664647638f6e284190a9add5aba6fffebec1a
sample-345.eml,8945,2026-08-06,0d16fbd9bd36b87fd11f1c25b57183677af93fce2398791a6aeb42c50e20b54b
sample-3180.eml,16990,2026-08-06,0a9ecd7e2be59d093be88beef77f8b8aab6537e737d51d04efe73a1df1a975d3
sample-6138.eml,16908,2026-08-06,d1f976fdc394b83fd1aafd86c80d844560848b4ace056a6d684edbee0330560c
sample-4705.eml,80212,2026-08-06,f1833a5f23b9552f18b1ddc35e148cf8840181f76928ee6c899e169263d58d91
sample-8361.eml,467271,2026-08-06,9abbec1f62138fbc2c961319efb6983fa261d823ead658def2d2782a89f73e73
sample-357.eml,13603,2026-08-06,4129352a84edc82a130f8a751baa2e12a6db558113c21db23f45fa5faaad9123
sample-4061.eml,22568,2026-08-06,52bb163bee0b9a394851a7d0183d8705a15831bf40ae4c41745a0fefa0d344f4
sample-6048.eml,21790,2026-08-06,8b9b79f8f929924d9c463245a2ae0e54c6f79a16db0d78a4a54580de0fe0435a
sample-5941.eml,20036,2026-08-06,ac8ae4e3513875ce4b567e6a94a2aa9cd2a4dae7baa716b3b6880ded72bc128b
sample-1864.eml,21284,2026-08-06,ee3d3592fbc632e16d3740db3697e77537d84aaae8f70d2527f9fd5f3e5a5832
sample-988.eml,24920,2026-08-06,46001a34fdc35c2fdf9b70cdeb11e3d48426b1048a069740e06d22ac13634bd3
sample-7473.eml,23053,2026-08-06,4772ca1ed23cdb063262a96b04d08bc6e7f1bc44cc765d71d2ea856bee82d1f9
sample-1922.eml,9239,2026-08-06,e52d0f59a0b09907fe12a3e98ca1843db770f3783551d165522ff673dcbc778c
sample-3842.eml,27854,2026-08-06,10ef5426e92c44318f30bf7a1e61fc370dcfb98f97d06f037181126ce5b22284
sample-4498.eml,44109,2026-08-06,7a295d9e380a9df9733a1c74976158ad11a05d6819f69fbe4413c7b0fb1e0f95
sample-5062.eml,17782,2026-08-06,f30c4a49b96c5adc9ef61c75a8247e7e64150113d8a07bcbcd28972a5ca2e36d
sample-4240.eml,13109,2026-08-06,b02707c8a7e61abb46a3d883a1cc99ab71278d2d804ef5d1674ec2645f5559ed
sample-1403.eml,18520,2026-08-06,ea2bfd8425f17cddfd78d8ed83c74f473ed3f3381ef2b8164fe76bc907f040fa
sample-2190.eml,16967,2026-08-06,ba8d7f9087e5fa4ce3b6748fa3ca1aa8be47c3a210df1d0bb5c117fe35d2d176
sample-7295.eml,19827,2026-08-06,9ba652ab5f8dc48fbeac0981097e1fb28daf39907406571c07881dd98be9335b
sample-3782.eml,27837,2026-08-06,d96ec4a0be9263f965d4013141bfbe9e3828e1b59de76f7efab295de50dd22b5
sample-1705.eml,18468,2026-08-06,826b9d893b752540eed63fe12dc0d9e91eb05411fd1734c2ae28ba194fafb5df
sample-5707.eml,31741,2026-08-06,2256cc10d6c636a076dbce669959d84fb3e0a882979554b46728e443d9156912
sample-7615.eml,21695,2026-08-06,5c60808e8d6292ded8ba05b6af160a94116cc7253450baec537a5b8ceedbb7d3
sample-5757.eml,58810,2026-08-06,9e9770117b98c2718be097984cc98f2501066171d98d5b6a016e9b6ed0ce3aa3
sample-6960.eml,17824,2026-08-06,c9b303c82262c885e9ff98a3acd1797b92675275f0b203d77a000c337b9d3e52
sample-2707.eml,105390,2026-08-06,694c076ce0bfc13705ad16b9691c83a19d14ead9babc4166d9c5dd9710dfdfd9
sample-2839.eml,25544,2026-08-06,1bda78a4ca9d541ac974e5e9acc347fa3ee9cec26fe1e8dc1f66b563a5e76f56
sample-6867.eml,25002,2026-08-06,771faeb41b7a708d74bd3b42495eeca907a3dfd0f032d4a0927db2ccd8cd47c3
sample-7330.eml,20353,2026-08-06,546aacb29d35d3c35030343f487f5950eb3ed6cbd8255e1d1786d975bc774004
sample-7144.eml,18055,2026-08-06,7ee29bca9a3e854e01de244e495b946d5e649eb896015244220959b8155bfafa
sample-6278.eml,34281,2026-08-06,ab9719c64db22506f4a62344d30cc9da31fc853cc904e9b0d7825cf446de50e1
sample-1178.eml,8194,2026-08-06,1ececcb80d3e4cafdc30ccf01f4711b2ea571b63c9b64ae7271dfe9879626c4e
sample-597.eml,10188,2026-08-06,6a42f4d37d07615b98e6283add37db25293f36156408e639fa726e32de43dd7c
sample-2287.eml,11452,2026-08-06,7ca384e071456eddf56756665d437140337f373ccf088bedf4f4f21d7f113275
sample-3538.eml,20883,2026-08-06,479617da0c5683a3e757d688550c78dea1295982e52ac0d5b4665a701ca39bb8
sample-2154.eml,123781,2026-08-06,f5ef760c0334e60a4968b80328a61cf474be13efd03aa354476d29ee5473e0bd
sample-8332.eml,27926,2026-08-06,3acc764d45be3202ad55e717a8f7040880507ccc382e8b0d69cfcd454d10139d
sample-5523.eml,21640,2026-08-06,9922c22e3a2cc2f8b61335385712e2b880095c46d4b85e9fc2470ed2b6e007d9
sample-5728.eml,16377,2026-08-06,00a1770e72e5cb2fc3867d36ca5bf078c6f9183e580055c2cc8f6410416f0be2
sample-7118.eml,16890,2026-08-06,8533a2497febe88368074dbdd1bd61adc4e597bf81a56b867a4e41f1245468f5
sample-7308.eml,35483,2026-08-06,938999e7a1af9a61e2e8a1b7fed860a81e7873df606c913d1e1cf157a29fe69f
sample-6342.eml,51356,2026-08-06,f6a9134e8127a9fb7d6a7b6b2f29dc4dea8fa90dd91570cfa1f08c370717bb8e
sample-2271.eml,21599,2026-08-06,a6131db58ce8d0048de89f9dedb6ceebc69c98f6395f0ffac512fa1afec9936a
sample-4255.eml,22268,2026-08-06,7ebf57ea133831603a00738629ef200a85efabddac99bac6c35a95d8de41918f
sample-285.eml,9866,2026-08-06,2fca2dadc28fda449cdfb92254ab9bd4d6e88cc475f1f39b4b7e11e9efce6a19
sample-1725.eml,20350,2026-08-06,501af117e4058e65ddc8bf4a87405dd7e8d09d7f914bf412bce8813a48fb636a
sample-5348.eml,13456,2026-08-06,e38afc046c8e3a51567b665e6917c0d0495b48719d3a167fd17f20ff0c710244
sample-4261.eml,50873,2026-08-06,782b1360dbf4a4a2e554b1ab51029ab36e59ed1a00173f79cf30347f2eac5a13
sample-2105.eml,12844,2026-08-06,5a3196d7d5bd546b8eac35e11f61015f095fa7ad95cb243ada182e07f7063203
sample-7882.eml,25136,2026-08-06,eb6da0ebed444946e7c74e92cb97dde31a90b13890bb376e7cadeeb509d012ac
sample-2867.eml,19608,2026-08-06,18a489b23b61206a380edfd2e58b835f78e4a557a93b5202acfb08f8f2dac57e
sample-6833.eml,21759,2026-08-06,66c5d99f2537a915decd030fecc20c5fa322ea99b2663a91b2b70d505b4c8b21
sample-3636.eml,26399,2026-08-06,418988676b5a792ce068153274496ae00c53819ff6626e1d90494c39f025bda4
sample-8415.eml,471808,2026-08-06,32442b70fe82e7475e3b7b2e40e1ca883a9c9a7d5b1ac6fb31a31bbf082d51db
sample-800.eml,108695,2026-08-06,97f49fda86920673129651cb7c31ff4e7ec03dfc7e311beb2591b15d2138acbd
sample-684.eml,19088,2026-08-06,7dec58fd672353b84aff3f3b68760032f87d8cf49c06f67fe3f397574c708a1e
sample-2352.eml,9740,2026-08-06,c151de94fb765598043486f06806c26e636b4c35aa77f58b0cf8fdc70b3ab56e
sample-553.eml,91595,2026-08-06,82f2f1ad4a290a2c210f69537362aaeb7ab0502307b1cc8375219cbb0f9b692e
sample-2107.eml,19270,2026-08-06,69737fbe4cdb7239cc90b6b7862e29e476b298b5c1c8dd00dd448105b8aef0da
sample-4081.eml,11755,2026-08-06,9ec7acb62a52ce53c647d04a0c03cba802c92e0a74c57b1582d31d2b8de236ac
sample-5404.eml,16141,2026-08-06,9cc94414c83915d024a1eefbab2a4e5eaa989bc8df16fbde4f7aadad69905958
sample-2634.eml,105293,2026-08-06,8f2a6b5001c4bf56c2b81f4b816686221701dc01ae8f91e0b07e230b503c2fcf
sample-8021.eml,475211,2026-08-06,597596b2d74887e9b39a1a56d70288199e57967d729b69d2b6592b38a3bf5fbd
sample-5325.eml,15311,2026-08-06,82d8ba0ab38cb3e7f2be66c4349dac6eac680d2092380423c53d573e88603c49
sample-2869.eml,15780,2026-08-06,9c37659e6a5074cbb3d720798cbf9473275a343a9c906f4e356d45344fbeb172
sample-4329.eml,93180,2026-08-06,9cf598c7faa33878dcc1056aa66080eeb7fb489c1e7a5a85f12671466879bba0
sample-7521.eml,17321,2026-08-06,25fafa96c8c5dedd446ac6b970fd509119747ca458c110f7137b82c0e1390943
sample-6503.eml,95579,2026-08-06,bf88c33b976472d4ab6cb0cb2597e82b9b3d32fa4d884956bc9aef0044f50857
sample-330.eml,25412,2026-08-06,7b9d3558503e94365d7ee60c3d4d9647d1095d9802193244650f67512987efbd
sample-8502.eml,50096,2026-08-06,4ecf305d73c483105bba5ab3bd2fb5d80edd3ec8ead778f1852c373a5c545ed5
sample-1652.eml,18354,2026-08-06,4bb0f6cd7785c8c3c1535d8ae1ead1181c5b1c66029f207c64849384e4a44aa9
sample-2293.eml,15753,2026-08-06,9f5e76d1a946a82f46ca3a43565d8b801abeeb7edda9663a16ec572731740dc7
sample-842.eml,10054,2026-08-06,ea4bfbc3c64cb2e717409af7040f070f113cf8afe8d3ced0449121d303dfd177
sample-3085.eml,56133,2026-08-06,ee5f1f47bd1f0aa8b60d1107a14a57a85d58ace1e0a5f45a97a7b4047a148049
sample-8549.eml,18285,2026-08-06,4d94fb98415fe6be98d5677d9356e902d01e6f63db3ff6a2df0c07e4c4ba6763
sample-4841.eml,27301,2026-08-06,7dd265c622b7b2d63b5d1900beab82ae11aa88daadfac322ea09e0c68decc0bd
sample-6945.eml,21739,2026-08-06,a9215f27c6b83bc5ab823b0cdfe036c9de27a61ebca039c54bcc434d73ded639
sample-2687.eml,105423,2026-08-06,824dd83adb18c9dafbd926408b79812bbb2bc51733cd2e327102918c0c4a103c
sample-779.eml,46473,2026-08-06,ad0775c50df3c83ff5b955a3eab703bc2b6db206879c8316b3c8535b6e02256b
sample-4080.eml,29102,2026-08-06,b0c30a106d2d328729defe630f8757bc7798c44ce2e6b7e1bb4636ddcd12e80b
sample-4902.eml,42615,2026-08-06,108584a524c8736766bab0d9367e9a57adeb6ede44c4320db7040d83f8e91205
sample-5906.eml,21526,2026-08-06,a8059450f2ce06c4ed8beed2d32d6cd5953eec7290153342927a0a92499b0afb
sample-5618.eml,16552,2026-08-06,f0fea0d007e3198e74dcf189fc3e8c93dd0e51bf875a82ce25d67ddb75ec013c
sample-6011.eml,21935,2026-08-06,a00ececb319f3972b1e50b04ab1c25c6ff61e0ec87e7810539ab33f48cfb66b7
sample-8606.eml,20573,2026-08-06,fb85314a6682cd49ea682da6f4ffad9eb3a9f8ac89fe8096f314d3836c55397a
sample-3256.eml,16921,2026-08-06,a4682065d0e54cbdae05a79715aee3332fd92d26d00fdbcdb44077881f85f382
sample-3887.eml,30926,2026-08-06,0be9c09ba6627ce953ab8a80788834174d05091732b415840c6aa4e7fa76880f
sample-7593.eml,20231,2026-08-06,17ca7d76b21ee1879bd5dec858865ecf29eef460591b1d82f59e3ce456469f3b
sample-4975.eml,15066,2026-08-06,dc77cedf5234566cb30c431a801975ee7f35a303abb1bf009a890e6015d322cf
sample-6462.eml,64232,2026-08-06,d68bbbc7d22e066b38da036b24f9d988e9f1cb7a481132f611850ccfeb45a75e
sample-5339.eml,33403,2026-08-06,265aed52968d26be8793338c2e954bda0650a00ac91bcdf31a6b2e3c7a94aff6
sample-4719.eml,15960,2026-08-06,d389892e5feda5d84fea8849a6e1d1f5794c8aa9f40037e7c5b4a08cea2da20e
sample-6231.eml,24505,2026-08-06,43df963dd1e4007898674c108cb167e9cf4f7c4faab98fe1a291bb2550ae7e21
sample-7585.eml,20819,2026-08-06,1060579d64d0032a4d5337c344c1fb109239967ea09db585b341fe15488b4003
sample-7065.eml,16773,2026-08-06,56ba8468002e6ab77a0f8e21e7b7e6ee06caa05ac8c38a63a39508cd1d6ddcaf
sample-395.eml,4925,2026-08-06,fdbdbae2311df091787042c4c83efaf17916bbc25e6b359e55625a7009b99b4a
sample-7305.eml,17388,2026-08-06,cf64e2bd35f04c31b13c354fbd31b6672447a4affc197ad67b126d9e10a4b574
sample-2301.eml,42801,2026-08-06,0275b05a802d4ecdc6f6e848459a5be30eea5e7185a0b69c8dda0ea7c38f4f45
sample-6836.eml,20050,2026-08-06,a227b55c38ba25999c0170357ec1e0fa209c8d28c620b3c0f12ab9e5ee552917
sample-7269.eml,13714,2026-08-06,80bb53b9aa348c91b93eba14469d0a1a9aad4901629eefb3c7325f3ab512da76
sample-3335.eml,33019,2026-08-06,54f8d8099b127dec2c0acd42ce0707e3b55827ba903e7514a13e7ea599b524cb
sample-1781.eml,17806,2026-08-06,3501875ae2d1c0e2a7a7cfc51835182b7de1cc21a96083e2cc582427fa598bee
sample-549.eml,66593,2026-08-06,29e15af5acac2adbfca9ce71447c79cf05ed839767db6563ae462d582ca122b7
sample-8306.eml,469849,2026-08-06,b05bdff779c7e22b7f969e768ac821b0c16ea72f0ecdcfe91048ba5af8195ed9
sample-1333.eml,52428,2026-08-06,b1cc000053803b39c8e0685840805c01e731abc14bf44201df306ca6e210c2fc
sample-5141.eml,16961,2026-08-06,15b09cb87b62711074ba50a4d08b3633b8217fbcc2eb90f5113e1d52a97fefeb
sample-1934.eml,17921,2026-08-06,19ddff101f8380e189edac87b5a3138140188064d0b9b79bf9a1e5e385ec2a3a
sample-3081.eml,55795,2026-08-06,6fc79567973a6e5b225c3c5419875da3ecc4233676839495a6525ebd2fd0f2de
sample-7914.eml,18977,2026-08-06,f9c1a36b1a74e2dcc1fb15d8672a0270e478d8b1b24647097227e4af185343cb
sample-5410.eml,21353,2026-08-06,8d25775398bf406028f4927f0b752e156ab6cbb278c4db1e02c2c3fe0d0f2435
sample-8474.eml,16995,2026-08-06,7e0c6c68933f0ca9c21202245110f1ad874edfb5bf085cabd30d29df30910f73
sample-644.eml,20270,2026-08-06,52cd7f46801ca66aea33bf3f187b44c718c119707f369c4f7d5c3226da35ca76
sample-2002.eml,17369,2026-08-06,da365a5782d18859714334efc3d385dea1c73caf85d921cf8e1e936cc295ed9d
sample-8557.eml,22288,2026-08-06,1043d2af9bbabf376dca35f7394d3973d34a3f2803f7ad551dd3b76e671b77e8
sample-4367.eml,24239,2026-08-06,fbea00e5b40164e66b681fde2afc456289ee8afa633c74a37ffb0355efcc15e7
sample-7442.eml,22136,2026-08-06,f3ee95617becaa73b16d18d355396e35791104f9a60116dea7bc14d92bee3ac6
sample-5380.eml,12985,2026-08-06,8f931859caa9826eddd336cbfc016d0896382f2c1112ce1f9dc1e71f9cf80d05
sample-7077.eml,20477,2026-08-06,fcac6ad91c4237995a9e14745e8f80c437cf0df8b292c881bce2e09fb9191e7e
sample-4141.eml,12533,2026-08-06,d7efaafe6d8430cf923b250ddca9056079f6cdd58aa40d13995e9172f6189f49
sample-4153.eml,29640,2026-08-06,d48b12822afb83708374186fae329afa6b2ac069027c5d9036c316891378e667
sample-4604.eml,21592,2026-08-06,7a747001aa0c36204c782bd04781414bad342098f1eb73224e6292a62374e011
sample-7699.eml,20850,2026-08-06,f730fd50bb3222cb01d676c85925bb64868641753ccdb5bfbc1f5b45de40b7b5
sample-4417.eml,13966,2026-08-06,5c97c22c948f2e64b500b5a3a4f898bfd209e0bc60ddad0e6c1296599c31f194
sample-4992.eml,14660,2026-08-06,6fd796aa72080372f661cf260b072a8dd168c4632a2a44a4bcba93f776bf6de6
sample-2115.eml,105194,2026-08-06,0b1a50459233727f89c11fbf23dd5f919a808c63508b3955bfb2ec29099da806
sample-5255.eml,15862,2026-08-06,cdfee69714c05d36e598fd031cd205f5b1f758d0384c79c094214ece29ae2413
sample-7347.eml,48366,2026-08-06,65bdada4c459bbf11e6155c2f01cffb28a4502d999816f81df653203ffcc9ddc
sample-1440.eml,40061,2026-08-06,aebccf800f923f9cd7d9275508784401289b673561382f1c6d570bc9a5b7ace0
sample-648.eml,20879,2026-08-06,4e88d1e4fd5437c2368a818e0586a5193d3c14bfae0edcd2933da2d01c4ab533
sample-5959.eml,44761,2026-08-06,5be08bb065874989ef04c54a99514719a5daae86d66c7b8ee87784c8bbe587eb
sample-8608.eml,15158,2026-08-06,1ebd48ad3423a4915542f585b89a0013a722c8b13200048ee4926f356f068f74
sample-1757.eml,27539,2026-08-06,27a801f6253f6fa663ba5e51d42e990afbfc4d4eb5121edadb1189a1fc60084e
sample-2239.eml,12180,2026-08-06,e44f19ca16b77712e451ea3774d3c4c4265738c904eda18ad9177ac7298a2e8a
sample-3721.eml,26941,2026-08-06,b5f094694b42f5c0e5b855ad9e8b9699362163722b5c975c74a9bcb67b74670b
sample-176.eml,11163,2026-08-06,8e225269fe69527db3151f2e5755b207dea9ea52fe39ad49616d479345de9340
sample-1101.eml,24524,2026-08-06,3a9e0f7663b5c2e0b7b33eb035db433bf5b77521407ff008d351f5c396169920
sample-4362.eml,81335,2026-08-06,3ba251865843eb2750b8c144554565c598225aacb010d0d3f8673e430a338f07
sample-3735.eml,26596,2026-08-06,8bf85e4bbb5837174f2987a4b1183e9b17f4a9d5db6103a405f371bf4ac862d8
sample-2311.eml,21402,2026-08-06,41f4d85987d690dcf2984ad45b4a552ddc5cd935f7c440c4b76e211ace4b5471
sample-5173.eml,14138,2026-08-06,4cdd50c0685d5c89b1ca5384ec1e87e99b5811260cd2ed39d8614d04689fe556
sample-3120.eml,19860,2026-08-06,67753193a5f89495df809d1344241f4769ce739ca5e74fe559829f4e7cc426ab
sample-3602.eml,14112,2026-08-06,d88a17afbb025acf6d17ccb1a2aeef03d88ef298744b83d3237cac57165b784f
sample-279.eml,206501,2026-08-06,c23ac201c19e9b2464a101c0299dedd7a1f57eafe028ce6a6bdf257dd09437c0
sample-575.eml,19601,2026-08-06,e0beeeca7db680043fae653e0bfec1e1a06fd685f6da71a5b58086bf97a1d8b8
sample-4302.eml,18367,2026-08-06,a10b7c5ff5b3550c212e2fabc1d31e3fbe0a2da000c2c39612316769d7ae540c
sample-4675.eml,51333,2026-08-06,5f389576d1dd7868535b4ccb8b183cdd99bc752c3102055392a557c0e3d0c731
sample-5973.eml,19422,2026-08-06,bf527ccd1d409f5b8ecdb37212ebb2d434f84672ce5e8eeed73063104c56c18b
sample-8246.eml,17259,2026-08-06,d8baecdc459abc0e662ccc44c7e5a8afa7344ddfccb9e31dd4004db2a2e0206d
sample-6531.eml,18769,2026-08-06,67f2f0839a92095862a692a227d1ff9a05ccab4836d84d209d7dc1bb38d3ad1b
sample-2864.eml,11745,2026-08-06,e6b5e6235c4336b841610875f503c8a43c384e1f7064bf76fd3c88bd2b1da6f2
sample-8027.eml,24914,2026-08-06,f223259cf2d0df805bdc5d6e24c1d577886431e830ce9f919e783f5b63409eb3
sample-1611.eml,25114,2026-08-06,332ff16ccf7378a496747e3021c577b33c1d16f9b7583d15f7d7adda4d6987ec
sample-3150.eml,12632,2026-08-06,60b732d146890a07d700aaf0f3bd9a0b355695376ee66c430c0b5b09ad8bcff6
sample-5960.eml,18768,2026-08-06,256f563486ea5a7ff02d392688fefdee3fce6041e593ae3fb7b429d60e91716c
sample-2792.eml,14822,2026-08-06,91492dfd998668daf70d9e55a3e88d97ea765100668aeb3c77080a2b00e6a24e
sample-6367.eml,12485,2026-08-06,c8efd09525a0dec2e4e13c90aa4634109f0437eb2cfaa4e3583f5ac8b29384c9
sample-4674.eml,27427,2026-08-06,9fcf6fe6f069130e9109a755aae1606066e6876d08f6a772951681144219ca59
sample-2818.eml,25546,2026-08-06,468f7bb7c717e6c2dae32c05404ccba5c831eb8f4e669467a46e9a934b7ec8e1
sample-4688.eml,26268,2026-08-06,0380a15aed6da289bc52fe6eeace34e182978c0a3c7e72bdacbaf25c5124f487
sample-1809.eml,36718,2026-08-06,a60aa3740cdcfe15a0b6d43bd14a0fd6df2d5ca6355e353a42c03bca76fb25fe
sample-7219.eml,20187,2026-08-06,02a8758cbd2af81b986bccc007c273d36322315b6f5b4e92bf5f590383441c32
sample-7768.eml,35456,2026-08-06,637f02d38dcbb1c6964abc93a55f48fd33c13dc95c557a820a102231e3f9b9ee
sample-3503.eml,18867,2026-08-06,bbc5890a35bd67cb5a6ee65767c1343fb655ebee2750c34ad43078fc6c4a15df
sample-3593.eml,13701,2026-08-06,b3efe97ece301bc5c7358b93009e88949e43aefaf7a7aa5989117eaebb998d29
sample-305.eml,8090,2026-08-06,78d061213dfe690abc385ce099ee17ce0f7eea932b6e12c3bc67bc110c8904e2
sample-3634.eml,9038,2026-08-06,fdd5c78325f0130e970bf8106199c654f42ef5b658f95a561b6d5f41fa44411d
sample-7771.eml,23200,2026-08-06,98fbd98da8d0af1470fd2cc4ca53d5255d9448c629f7b3e0a4182396321455a2
sample-5762.eml,19187,2026-08-06,65b3318521136dc513618588934524b3158576f235e8aeb0c472709e53b78c58
sample-3404.eml,76589,2026-08-06,d2f826f91f118eb8561e149a55d89b03305b5bf7416cd5425b68036c3f0a1b00
sample-131.eml,83351,2026-08-06,f102aa9f6aef3ec97bd3562c7adeecb87a0997fd95f7c6ae9ab07a6e997efa9e
sample-147.eml,48235,2026-08-06,dd949e23abbc47ccdc1cee97e9f879adc5a56165757ac10aaa4bffeba704c2b6
sample-3129.eml,21902,2026-08-06,880a9b1adcca50c1b578f291036fb2e3b037b02e9704130711f350411fdfd511
sample-7587.eml,20909,2026-08-06,0c3d6e2c6175c8c5bf09d79caa120f1b3445376d0a950c157b8380e0056144c2
sample-3191.eml,191696,2026-08-06,a693b4cd81722d84084c518f9bf26579bfbdb97fc94256c79c8e2ddc6a80006d
sample-4434.eml,18226,2026-08-06,604fc7826acf97c537d23ba0912c82a9c7227e1c404b4ef32702fb0552766e2b
sample-5124.eml,14468,2026-08-06,b515262a5db1afec9c093be4041fb5097609a91bac8544a1579f99f1e5213444
sample-3850.eml,26901,2026-08-06,64779631469f6ae9bb985995fe1e02366c14e8ebfcfb0f0ab7a844dac5b9190b
sample-1853.eml,105033,2026-08-06,8ef5c9567c198c9f87850ba617990adaa48bb9664ef22cf1e3ac64a16f75580d
sample-6112.eml,19580,2026-08-06,a4ce3795b43a4a42c7e4747b798e4a3f468f2dc721fc6c47b18c97df3edac5ec
sample-729.eml,33769,2026-08-06,05404e03bb048a16a6e8f40685ac7eb3208a9f12a70fdde720358cc5fb3414c8
sample-1913.eml,17352,2026-08-06,7ea0bc99325f9eb64f61cc8747250dd0b4212b96e05c4302c9d365dcd3153936
sample-8147.eml,473566,2026-08-06,f62d0482ac8868cb9ab17ae7d67d65bc9ee9de6d1e84b097866080978cc7979e
sample-7193.eml,18414,2026-08-06,4454584313037a5c6da21b93189f699239dd243d4a16167669167790fe74df62
sample-8119.eml,15120,2026-08-06,f1faca7c4734ed29e50f08e9f20bd664f3e0ecd72d3bc465d972f81e3d62af51
sample-7579.eml,26004,2026-08-06,69342c87eea89ed1e3a86e2da3175c20e5ef19bf60e54ceae632922957f0202e
sample-5448.eml,24806,2026-08-06,a3b5e687df850042c591c37903bbeeb52af440f85c8d25fd9e6a14140bb9027c
sample-8164.eml,23197,2026-08-06,68fe1fed933424f9038f0fc58ca8bc2b7d806573fceac1ba01dad7846f76eb1b
sample-7327.eml,21673,2026-08-06,97a6819a675945092284cbbacdc3a0f5b77954ca8817335e170b713f64436ba6
sample-5900.eml,20856,2026-08-06,8c233ecde9fba9b7308bffd1650203458c5c57d12b76cd4f38bd39c2e08b34d8
sample-1214.eml,21551,2026-08-06,086f120cd3e5c006e0d1ab2a860938b60c8ffa32cc4e09664bc91e2094ee5773
sample-2319.eml,18858,2026-08-06,5e3ce37424a37fb6250e32f3ca81b248da63256ed566e18825ebb5488b485072
sample-1140.eml,28315,2026-08-06,64b193c945d59102fd99522a771847ccc01da73e1a00b07caae946c9c6ed0c81
sample-2371.eml,43536,2026-08-06,00bfa0713a2e6256ebe2e4aa283976fd4c7b3d09cd43adc3506e02b0d83fe8f3
sample-237.eml,14000,2026-08-06,bd8ed69055e491e017e6d55c8598613ff6390eca234ae30d277cc35b172e5178
sample-4887.eml,14654,2026-08-06,fffb97db90aa21150d2a46d94e7b42977685fe22732126e096cbd29ac4483b07
sample-3619.eml,19213,2026-08-06,403122bdf58746c31c6cbcd453993f5785ec1e871da44625b80c27f245b97d5c
sample-1537.eml,24749,2026-08-06,d80606d9b9feb8bbdb8f774b6368b1bc45745cd79def273d799f744411f4c771
sample-3083.eml,177778,2026-08-06,ac976ef47f349fe6b168c34ae1ab0756e15ffa3fdb136c42e6f02b974a4e7280
sample-8163.eml,473152,2026-08-06,f3bae0e966490d404e794fd42c997fa69bdb133b3c38d987ce0fa250cce1f0e2
sample-2051.eml,19106,2026-08-06,1ed6dce7f116ba6c75c68b75d2400e62ef58cbfd224cc14f738cd8b9a639c06f
sample-1858.eml,82056,2026-08-06,f9fde494c57c0df6cb79177e72b0073cf8ae24807900395209ae2f63efefb497
sample-7853.eml,32807,2026-08-06,a8727814c766c8ce043dfca02df5ead0f641d050b4dbd8f446f4903fcdeb8fbc
sample-2426.eml,9621,2026-08-06,3afa7f2ed1322e4226f7af189bd4797f261de674545bf8a1201a4d612d41b1b5
sample-6900.eml,28688,2026-08-06,02b70362bf86cbd812742d6bb6daa0bca1424c597daa54a9190450c9de010ce6
sample-3764.eml,27845,2026-08-06,d40a5e785ab2bb440ad7e15962789a6b6b8817ed9f1c94ca28ad4361a4c0ae75
sample-4766.eml,27450,2026-08-06,d88536224995448c21accb9afe426c7df97e36819bff8bcba9318ff106e5eb55
sample-445.eml,36854,2026-08-06,ad21afe382ae77a7d596073bbf0bdc13db79b627299d3020d1bfdd5021476b10
sample-5765.eml,50348,2026-08-06,8d8a9bf7aa659ffa63834dee7b82d6a2158c7153d23d7e11b47b87a14d04fc24
sample-7627.eml,21452,2026-08-06,9add43438a9dab54685fdab0987aab9f0d73587fd85486c87e1255788b39d1a8
sample-1015.eml,94412,2026-08-06,d02570232db3fe32b643c9161e1c59c91dd80d1e4a5296412308aec71555d2ec
sample-1496.eml,16368,2026-08-06,fd6f20851cc1ed7a505ba5d829764feafd3be5a14b1d81aa28f6515fb93fb274
sample-8293.eml,473659,2026-08-06,1c8d0eb8c31d6b1391e6670c04f0fb87a38ca74859fa9615e95b2b5fc1c80fd3
sample-5665.eml,21670,2026-08-06,0748485b9ca6144f3196a017bb56af10da150f3423654c5fcfd03ae0707f5373
sample-4271.eml,19744,2026-08-06,044f876478ad12555bc7a4d6615373cfea8c8eb03af4b1298dc47375df0c0b8d
sample-6554.eml,29742,2026-08-06,d4f86952cb1bc5856afb776a817ac84259e7860feda33cc1f9ae63114eaab796
sample-6969.eml,29148,2026-08-06,011866d66fbf0300c06355f860f23a29e3a13d204635a5b7aa186822d205fa6e
sample-6612.eml,16097,2026-08-06,b812543aa66ed5e08212b15535f34d4f470245085c111c43a232dd6e09dda9a1
sample-1309.eml,21267,2026-08-06,5e393251f77ce813ac985d463c825215035647a3b2857f5ce35e2a8b3d9a83fe
sample-9.eml,16067,2026-08-06,088345fe04e4e030e4aaff22d62d01958a819bcb5ea3051e386a4f22511b0d32
sample-5666.eml,22951,2026-08-06,a0fc40d9bd7329ce9d20240a8aa248b7151f9cf814b6c5ef5f50a0b4b1b6a506
sample-7722.eml,4052,2026-08-06,e5e1e5a3304f35e30f17a52116c5d323a8d206353dd8af3c942c40c4fd119724
sample-6661.eml,22740,2026-08-06,add82d51ab8b60c5f38518b2ae1d1c47c9e9948593b0c5845ddc17f36e40ecc4
sample-5475.eml,13400,2026-08-06,9a253c1be4da4de6ce1677297d263f1dc63652038dc1d272f516b460faa45724
sample-4492.eml,13846,2026-08-06,09959cf7e83cf04c6c3d0bab159a2e05a775814494747297afe005ee8b07f873
sample-7727.eml,21985,2026-08-06,b0ef67b71c28758afd512a942a06e468883a6500122df256210e673303d4605b
sample-3043.eml,27899,2026-08-06,1d6c41eda36c2c10ad537c161f282de036554cc8585f9450277be4817a49187c
sample-8544.eml,15190,2026-08-06,f69ba7f1507af8303bbe447465f56b33d0ae72f74ebffd31e9bc82498e169a07
sample-3342.eml,23281,2026-08-06,b41162d7ee3df0b5f55193196f49f8c72cf9b74d42602703ca29d6839981a450
sample-2533.eml,15276,2026-08-06,76191070e5cd06a81e6d4229a69755c352d015e2d982513ac3a90f3e3140a9f0
sample-8133.eml,473271,2026-08-06,f83ba128155b172ddc03a84340c7a728a7f3bc3af7d03d6ffc4180893a61df3d
sample-7097.eml,19461,2026-08-06,e30de64ad04bd69e051d108469874bd21b1adb8ea6a4e6b6095b43f89dc090cb
sample-4276.eml,27744,2026-08-06,f7ffb01e6a2d68bb3d7889d4200f377b9b273e9d7620a2189f9d4e9d2b4a9150
sample-4583.eml,57893,2026-08-06,d26b56267f48c66246e7578737154477bcc83359d94d368449b5dcf0994141f7
sample-4100.eml,18609,2026-08-06,6bf4aa54de97a63889c05d005a63132387f42ea9add250be55ba62e842f8f4e5
sample-7494.eml,22603,2026-08-06,4619b60fba1fa5e17c2ae07ffe8effaf562e488ea866312668a36002b1d5dafb
sample-4968.eml,27641,2026-08-06,e6b62531bee6fce71bb55ee82b50fc6483d663f0c9e7635098a9a24fe9f1f52c
sample-5517.eml,22826,2026-08-06,ec8f18dfe0343d3747c2f1ac62ca17a051ff949adb368bf9c468f96377483cc7
sample-7244.eml,35511,2026-08-06,424e891f0e1e2a4033f6adf4d4a7624f4616028d2cf1f4a19169f885f572dd80
sample-6372.eml,23513,2026-08-06,6f3fdc58554b228ececfd0330ba193afd4c5578496664bf432a8cca0b246ef3c
sample-6573.eml,13254,2026-08-06,0ba267360ac383eced0ea449d72940a1174c03c305057c7175c17ef637e28303
sample-5833.eml,21606,2026-08-06,90099529dc6b39faf432451df5b0cac90148fbc0149b8b56d87d46d13c1b4ddd
sample-2399.eml,30442,2026-08-06,0c0b015e2712f86a7db65f34810ed30250152884eddac006f5043dc088c4ff0e
sample-579.eml,19706,2026-08-06,a2827a3c6c855c32f4f03656ec58136124f1706a47dd532189f39f569ce1c7a0
sample-4700.eml,10427,2026-08-06,4bccba3c3dd48eacfff1952b608c6834e26ef198dc21b2c55a90839ff3b5266a
sample-2794.eml,22242,2026-08-06,d3e98e43da5fb21238b7688a2f3b937171c3b22e924962a50b7e1f85f6cf6c93
sample-4033.eml,25656,2026-08-06,14798959b176388f2f2c93d3a1d678bb1ae6b700779a6eb88151ba9bc0429525
sample-6210.eml,16736,2026-08-06,11e25d704af673238b8e3ca12cc9e751d18141fd3e1e490b34c77ef9d6556f2b
sample-5600.eml,12116,2026-08-06,6e827c61ec46e6b0466da282547289658f7f48570e1ef2721b4b955b0f6d5bc7
sample-6760.eml,12415,2026-08-06,37acb442ec4e3e1776d0865fc8f2bd02d340a998b3fd5ede22a8261fd551b322
sample-7334.eml,16571,2026-08-06,f4db3edac5f351c8c6d36ea5c53689fcbe33ccd0b663d055f9c9a8fee04570bd
sample-6061.eml,14843,2026-08-06,7052bbccf7f561b0e467421c38e74f6bb94afd503cab2f61162536d69bbb68d6
sample-5633.eml,19448,2026-08-06,6638ea8b0d6b5b0710e72baf7dd76a2223066bbe61c64bfdb922a1cbf1bdb72e
sample-6764.eml,32201,2026-08-06,5dd7d809716ea2099d0188c4e670d5c95610f50451da87dae48c88d59ca03e46
sample-1912.eml,18559,2026-08-06,d2af22aba3acdd0a26b401a659b3293af042cdabc16546590ef36466b1b0126d
sample-3684.eml,48020,2026-08-06,9f66c0765959f4e1da7e008e04dc6dd3ca80056b746881d0bf37d91b3dfdfa5d
sample-6999.eml,17202,2026-08-06,9143e5577dfbfa62501acd1e5831b43b305feae4b977a1848b2f4e94df114c4c
sample-3286.eml,456427,2026-08-06,f13a6628b2bc8e4030ad3efc5c98f66a66feaa5abf7b4c637331f43c7172dea7
sample-179.eml,11320,2026-08-06,9924993ffdccdbddfa3189366e1a7b9b3d4d8cff41dadaa2675ff281df6aa9fa
sample-4625.eml,8719,2026-08-06,7e5fa02de9907696abb830d77f8b325bb69e7be6e4568a3f081b5295fb9a9128
sample-7009.eml,27594,2026-08-06,5a95057913599e8a8af6f8377c1b1942c7e9954f8b7300b4c87ff845a1278163
sample-3543.eml,11445,2026-08-06,2406aecbcde5da06d72dcbec8ed583d2dce252015d129854bf22fc4b41ef2323
sample-1262.eml,55415,2026-08-06,3ba7c46e7eb623fb9824f46b03f35664527aca3f0619454054629dd3c6db4649
sample-609.eml,45837,2026-08-06,0461cd9ebda49ee482f36cf3a517c98755bfb38e3a209a159f9eddbcd204c08a
sample-3977.eml,18337,2026-08-06,838851dd986dc1af7013cec8b4e273a19d69857254e16d5effdcbd68bed07c11
sample-2945.eml,14869,2026-08-06,966984bf1699f1e595aae3edf0bc11b4b303746db3bcc9684f08d8c194702c85
sample-6385.eml,16596,2026-08-06,0872901d73ee5847f4de5c5d28fa851ccdeb73c142cb92cd30cf80daa4619039
sample-4809.eml,10898,2026-08-06,126669823d58c3ef05cdbb35606fe1fd69b8ab874778ce33cab58ee0596fea36
sample-4202.eml,20565,2026-08-06,cfe158aba36f1679edb4f974cba7e7be50c87ba2ff4d62ebdd8aed64b7a2358b
sample-7904.eml,28698,2026-08-06,d6106572135d2ac50befc3d840dd125ea12c06cb62d5fdb3c7054899bfc3be45
sample-2855.eml,21447,2026-08-06,c54111ccc039c3605bbe1c1c3123d122b366698d538c42e309ce0e1feb54877f
sample-3371.eml,22194,2026-08-06,4ef677de9fb86c5324bccd98871ba8cbb31fa1cff886899125537add16f9cd22
sample-4078.eml,19520,2026-08-06,c2e278a4049872f9f803f0b07f7b2c83c1b6d614060eb24817126d3c15882c98
sample-3962.eml,17864,2026-08-06,90e8e91aba62686489c5fb6083b56a731b6eba4f6b6a0d76f1c92ad0815bc310
sample-274.eml,23065,2026-08-06,f733c3e7602190cd0fc0fc6063b1725ae7d9fc86dc43b3141deffcc6f69805d1
sample-6108.eml,19448,2026-08-06,153c37f8f83b0def1d54ac99956c7b7688197668dfcf972c00b8dbbd8765a596
sample-8588.eml,472596,2026-08-06,aac4ac3e8125e58cb565f790c45a625c63f93ab47865ffb06b9aa3df62d33baf
sample-4747.eml,16167,2026-08-06,6cad21975b73d3e66e3c73e81ba0a8bb2db0cfb7cf692aeaa2f499eb014c36a5
sample-1406.eml,18031,2026-08-06,eaae467618a1b7e1c8e1d5691b9aaf6eb6726c01b25587680539a0cdc1e1a082
sample-6622.eml,18992,2026-08-06,ab141fb3c6edbf1856a9af5d9ac607ef28cf986bec88b7ca37fd9a6bf2fee298
sample-1407.eml,17965,2026-08-06,0a5a187b225a5664767eea5f75e3ef90af8ed31b235bed5ce6c36fe4cf3c0be3
sample-5370.eml,30063,2026-08-06,236902b1743eb627484b42029c969cf1281959c14a52e50e63adcf10e8db19ae
sample-7306.eml,20507,2026-08-06,1fba5a43f13f9b369a2e5123716c96eb6083560515aa1fed0bf6e25a663bc861
sample-3029.eml,20186,2026-08-06,898f9c03d0e2e1266bd04bdec8566a3cfcfb4cb814e06f684d003c25ba069d2f
sample-6306.eml,466862,2026-08-06,a5ecaadd22979356337ed6bbc8a0e742910118fa6ad86317d2dfb6b23e38d212
sample-247.eml,48994,2026-08-06,ee8bca785e62d60634cf6ed7cca3166d3dc8f275da1dc068e8a1fe902a2f3ae6
sample-7023.eml,27465,2026-08-06,72acd2f90de320ec72a6f81045bc37f9a5b58c0ea14313e7606202ea957bc34a
sample-7235.eml,47533,2026-08-06,0ce4be86a069342d0ab2a2059c3706855916c90a6edff9db87688bc332a94cda
sample-6700.eml,18966,2026-08-06,f41e2b6cd2bf125d72e89432231ea0cab3a97e0aeb68b61500ae429abe686075
sample-2022.eml,21449,2026-08-06,c1599766f989c6d0b4291aebfed09e02a5948fceb715abbeaa832a16b006e304
sample-5758.eml,28244,2026-08-06,f8bc2f1483285d1ba7b392b386504bfffb5f9fd80f2b973be704b8fae4a5955a
sample-1127.eml,16064,2026-08-06,22bf47a2fd8dfe586923543dc7610ef81af56f25ec8815a30c43d48afe7c5fea
sample-6765.eml,20320,2026-08-06,417da3887160d9fd8a81769777ef2403407ab9c3315a6910b85c759337d2819a
sample-5778.eml,81268,2026-08-06,0b47c1165504955b58225b2060dea56e4d9bf067fd5436c635d045400e6fd8be
sample-5614.eml,22015,2026-08-06,f793c360e7bc94b4cc635bb5606f4fce0be2ef31850a778be8bf5dc09ec37619
sample-3569.eml,23885,2026-08-06,7a14ba46f6d779e23d5aaed03c425a38b09ede599fdf1e69858a229d2bb8e2a2
sample-1111.eml,16582,2026-08-06,4dd0dee0920125b595076183ed0777bf4f7845ac5857b721f205411d1f1ecc68
sample-3810.eml,28290,2026-08-06,91133a23af062646eec77b89505caa40a318515765c7353f0d36c2e4002e3bc6
sample-6944.eml,20954,2026-08-06,163a0f4030b190ba5861eb402f16c56e84dd1eafea205553cec49fdc014535e9
sample-8187.eml,461733,2026-08-06,3500814ea9d22cb6c862c3c0be1b3f1e67c7b79a3122485eeb3e930f63f00c9b
sample-7194.eml,29403,2026-08-06,4758ee6318b48652e2593d9bb741dea0a670d49d035f0abefa53d602417affb8
sample-8522.eml,22960,2026-08-06,a2c89e2e475e51061ed9af94c40a27eb827d6bf4e6a9c6148826c7a232fdcb62
sample-4521.eml,17275,2026-08-06,9ada3874b5d2cc255d48ce970bf67c25e47744141abcb155d2e6149e45a41510
sample-3303.eml,49353,2026-08-06,11c131c5183ac06d348326739bb44d916854eb007cf02ba1d001b8ae7c1d736e
sample-4384.eml,113204,2026-08-06,b5b30031c9036723d9f574783d631fc7b69be5932d16d5caac9672f86e3dbde9
sample-1614.eml,10447,2026-08-06,71ecc9b91a124f7dafbc263c55afbdd0b519eb9abac498d70d3b3b96c33992bd
sample-3215.eml,17812,2026-08-06,afe13ecaef9b61430353645fcf4737f2c76db4b90092f279b462172826e88409
sample-5915.eml,65390,2026-08-06,989628a8b20875c89ecc9479aadb3924a01a83f66f458c9ad044545d4389351b
sample-8095.eml,16568,2026-08-06,789bd5d7866c6e5567d2d31535706ec8c7c9236780a47f7e1dcc49e666a52899
sample-5671.eml,16687,2026-08-06,62b3cfa5f55b11980849c64a858c313dad3dbbb1f7070dc8d724569cd02e451a
sample-4110.eml,12109,2026-08-06,382029cb660aa6374b8de787a23a7b635f75d5f5e285e7c164ca4cd6826b80ed
sample-3023.eml,36958,2026-08-06,02316eb5a17315e7b5a803d048fc23dc5d3759ee593796529d7017fa2424ca4c
sample-28.eml,17339,2026-08-06,6ab301230f19bd1f9c994208ecb003d1d86c529ef144702c64c9d43bd716ff67
sample-6109.eml,26367,2026-08-06,d893ad68efc617a5faba639190fdf2ab10029238c650bae476e51857bf19fad1
sample-5617.eml,13872,2026-08-06,da3db48a8b0dc0170ba1dd1ad396ad5cf7a4689e89dee2da88d9a0dced48f2ea
sample-8480.eml,20058,2026-08-06,c2430f9a879024389a673dd1565fc694679f3a6e0de4fbac98cbdb62e4cb6b6d
sample-6245.eml,40950,2026-08-06,d3c176968abdde71a7f5a52c6ca89e589c9700ae2923b5a08d9231471bec4435
sample-5733.eml,13742,2026-08-06,dc4dc7bf66fb37b14eca1ca534890da7e6b022a62ec6c60a6c9cbc7a4695406b
sample-7312.eml,21096,2026-08-06,6249c290a1ecbb591c865c4d8df932c5567c9ada877bccd09b829f70321b3851
sample-94.eml,31268,2026-08-06,67df062d910309ead7b5602a1db1cbf235a03ed18a35d8fb8dd5f85355a2749c
sample-269.eml,131044,2026-08-06,27ca5803db8d0f0e0402e5959420ac219978ec73e709eb4bdc576cfac3af76df
sample-2849.eml,28691,2026-08-06,a5f78557cca74fffed976754501e95fe6b380dc2aa6a13b4cf9615b7ab6d3b13
sample-312.eml,17383,2026-08-06,d05013a12c136dee72fb9353c780b16719cd5fd3a8a5f4f736fc0a0256a51a65
sample-6513.eml,8756,2026-08-06,2558f7fe94e7b51b2bcd3dd3aee0534ae23787afc9c81acb30a9dee7e206144e
sample-1335.eml,18986,2026-08-06,ecbf4ca350294ba2dc460f9ae9ea0212ea42f52e9fa23ad35bb757992bf241a9
sample-6017.eml,52865,2026-08-06,03a47d5a40507c69a51d22309b2e1fbf9cbcea724642ea0ef056a3f21233dbc8
sample-4212.eml,14548,2026-08-06,0e92d1c2aae5283ff319bb418999a31770646102a78f86739cf8e57e695aabda
sample-5597.eml,13411,2026-08-06,5521fe2c36200ccca220243c8358478cafe9ab4a8f6b5bc35e953a9cc50d506a
sample-5650.eml,15581,2026-08-06,a1b3ae902e837ea5b0037bae4d985f8db4a0478a4ae22a9f4bb4964af7ef57d6
sample-6399.eml,61715,2026-08-06,4ffc493132d355bc08d7042fe10602f4d1dbb4001e69430424d9711b5dbd61c6
sample-1533.eml,21558,2026-08-06,2689e1ebcf713011a767a2328e7f56e3f00d5e835c6b5cba21dad929885f11e5
sample-2601.eml,106234,2026-08-06,aebd28cf5d570ffe33b64dff3b1af8df2f3dd8c19fedd94f867fd838a62e68e6
sample-2278.eml,14195,2026-08-06,0b378accce4aa7a2bb4a20d8455106f87bdab020dfd44b1b91bcf261262e5c69
sample-7310.eml,44755,2026-08-06,6ca7cb77acdd97d707c3c04dc8c9ae8a80b31c3982108fdb692355a073e7c3c3
sample-5271.eml,13508,2026-08-06,730a808b6d90dda3a9dc58efd16e982fdddd0507561c7bacca587df0da2f25a1
sample-723.eml,19195,2026-08-06,dbad9290ff743a8676650e90b9498d1d39848653d98e8d0fcc5b5ade2558b549
sample-7251.eml,21513,2026-08-06,7f98aa4f4b3b554465a3ec604a0f751ee30435178b140d15fe7764f8bec1a862
sample-5689.eml,17183,2026-08-06,14493994352a1608fe5ce430f8102a39875c8148a811e2fe5660cbe0cb4df49e
sample-8468.eml,20015,2026-08-06,335d1494e429e509300798c895150240de69516541854e173134b074707708a9
sample-2775.eml,22492,2026-08-06,97ea5f46f49eacb4d507e3f28172ffce98e6ed23db688ead49ca18806227266c
sample-2786.eml,25677,2026-08-06,796a49e36ab9916fee7c214d39dda2923be079c5b9568ba1a96c22eba63b068d
sample-6637.eml,20602,2026-08-06,0c90f1042c3b389f640974fd4d362f5d1091fc4aa5efb6bf561689dba58b058c
sample-5493.eml,17694,2026-08-06,87d9394fc6849c596d9d5c7d809f0ab77a3c3eb50f080ce5cfbf54cc1635f5be
sample-4408.eml,19244,2026-08-06,cb7303b5da6e5230f0f5430a87cb634b1902fd2c5a2de34f51483ca460674254
sample-4919.eml,14560,2026-08-06,3cb7c9b71f16a05ba0eef20083db42a59174a5e0167a4891650eeb78a4697e82
sample-5507.eml,31115,2026-08-06,94e98d9cb9a5874c492390c8f1da2f7fe09a1d31b36df579b3771de0c7eb3890
sample-1194.eml,73552,2026-08-06,83c54564928efa564dec5b5aae8b5399c09aaf5476d1ae1eca9f9ae79b672bfb
sample-6091.eml,11803,2026-08-06,b36d09298cb90c3216a44f2b8097dc739bf738cfdfb8d3920499af70aa5e8795
sample-5868.eml,11860,2026-08-06,4423b4dc03b126d515db751671372b7994daa55df1333bd5d94b100e65bbc172
sample-7430.eml,21633,2026-08-06,3adc4f59b76242d78a68d36db5e1d313756e6ff3ff966f918c6ab794b64fa0bc
sample-1802.eml,50259,2026-08-06,c2d4d5a9108c9a6dbff7bbc42ae2966173239cfd3d75241baabd160994727813
sample-2202.eml,147626,2026-08-06,65ea1939ecd6c8f0e58474981399f3c7762588bf0e1007182ccc809b6438c740
sample-6542.eml,34204,2026-08-06,93d7c40eea5a2ee317c0f54ed0195e0d257702c3f858ed38c0835abd643ae773
sample-480.eml,12740,2026-08-06,187e5b162c528658a502361642d7d56ee4a75ee7c46422e3d2bcf423f2446ece
sample-7556.eml,30505,2026-08-06,55269f5eebb063425d084017b10b7fd8885b4cc93c9d31f5ee847d9a7e6efc8f
sample-3628.eml,45909,2026-08-06,81e8bddcc4deed25bd43ec812ecf94a5240ae9eeef572e3686e04bd12ed470d6
sample-7510.eml,17615,2026-08-06,2dcece5b72950f95f20cd1435c3974f99cba607d0b12bc7a4c9e9f53d67c0da4
sample-35.eml,92357,2026-08-06,28ce4b6d80f79fcaa9ba152a22b3bb63f4637ed5473a8f174339e453e70e7b7e
sample-4605.eml,15810,2026-08-06,0bf298498addcef0f92e1b18dbe53a7c3c0878c47e7d8063c04be634bdc19330
sample-6709.eml,18364,2026-08-06,eafe6af82f91f2cc268c3797eccdc3e7960b9bec124e2cb0d925e53c66f77f3b
sample-4352.eml,20179,2026-08-06,7f94147eee6c6d98d9202769dcb7302d1c7e4b15126ed7bde73fc61d3d9f2c0d
sample-3883.eml,27393,2026-08-06,a633d7a765c8c6c4e723fdbdddad0374f027709a265f2474b078fdb50622e0c4
sample-7885.eml,49588,2026-08-06,6a9aceea50b9bc51bb8f28bde4260872cd685629ab65d92b21566b616caffb07
sample-1691.eml,20061,2026-08-06,8b32ee189160eaf812eefbe4d23345838e8f6cf90fd042a95502b1eeb71ecc76
sample-858.eml,19259,2026-08-06,896cd7bae3784fdfe3986f5358a962a1fe9ee2541c512af5a586fc34b32dceff
sample-8205.eml,485392,2026-08-06,39b3b922b86c2009e209c90d8bba6aa3048639f4e8ec31ed7b3f9d6e00ffaa13
sample-4366.eml,14979,2026-08-06,ade36b75fd04a3850568e11925af664b7792f5ae15cc04dbd79c76dbe7c08a06
sample-5603.eml,17775,2026-08-06,af059baefdd2d0687e5a863087e7597abb25978d6aa604c40315ecc3a6d2f1ab
sample-1960.eml,18841,2026-08-06,e46ecbc7683a60cbe9f211f11231fa04602bd8941f54a91f27f182194f557dc3
sample-3813.eml,12698,2026-08-06,e07c2f64eb5a28b0c53232e3662384ce1ab7e9be4cd27c30f29d47b76bddaa4b
sample-6356.eml,58924,2026-08-06,3f6024065794a8f5c7093c3c5949530566bcec0988d13d69d5efaf5f415de3df
sample-5326.eml,13396,2026-08-06,cbec9b3c51bcd43e736882ba9fd080e23e176fb610f2f956696108a29d769e56
sample-2093.eml,33815,2026-08-06,22733712a00a0943a0a56c70e0e5d96b0454a7de6ccee8a270d446297395ac13
sample-1343.eml,47201,2026-08-06,7b43ef4a16cabbcee5f5b190d04ad5bb020a818a446016b49e5cb4363f790f2e
sample-6905.eml,20662,2026-08-06,945833024e904886f3083d4c65692d013bf06bcf71453b04ccadc359dc1e626f
sample-5595.eml,15964,2026-08-06,354f697698ba22ca6a4cd07ac4481e75108413d45c2fae300b85ac3755dd3494
sample-6541.eml,21536,2026-08-06,12bcd6cb8e725c695b6ed7d318807db7ffd93c192dbd9a816f43382929753027
sample-6448.eml,21617,2026-08-06,ed2c4981dc65a86612be2123f2c0101424d042e01e5898da967d8d55d9ee18d0
sample-5114.eml,28584,2026-08-06,dd533aa38421b6d5d118e3dea69180db81a8bb95310b8c4a531385139a351aef
sample-6634.eml,26681,2026-08-06,fa89b5dd206d1dc8f450346d4af3588c3403a8acf4e2cbfc196a64f85d89eab3
sample-3386.eml,20136,2026-08-06,32f692bc2ee119e59d5334ec4d15e34d9e3b280d1a6e9cdc6f20148b97ce7fbe
sample-2576.eml,105689,2026-08-06,4abc53ed88a5ac1032e816f1fb9140d7620be4bd394480f4851ea483609ce5fe
sample-4440.eml,17763,2026-08-06,bc1364ad41aa21d84f0b839e600310f9957d91a1c2f35f9880e92ee76854399a
sample-7742.eml,41080,2026-08-06,204856bf8c37ad85b5049bd437d6409e0b9a4fcb64cd61b1bddc54f1a092f33b
sample-4702.eml,27544,2026-08-06,0692aa9891c92d6339a714ac2a812243b6161295df9465c30ebebd6bf4711682
sample-5432.eml,11084,2026-08-06,595538ee90f6e25c79e0e5627e00e2409daf5f1e189f61203f910231ef28449f
sample-7055.eml,18745,2026-08-06,902dddc103234cef6647978e9c7673d18f2f49f34e88d0253f2b9af234b76d43
sample-2917.eml,23670,2026-08-06,7c039e33990ec3c2538c0766c0485d1fb08bd6f9f6c820bd162a6d629e342e04
sample-4042.eml,22063,2026-08-06,7679c8eb776735ae081fcadf0f5269ecd7b2ccbdb6fef8c4484e78483c30cda9
sample-5359.eml,23344,2026-08-06,15f226b2232f723ce792f49f39a4a98337e511ef7d975f2d98f90be699a226a6
sample-8532.eml,12117,2026-08-06,026243f4c75a8d16d70fa62c8ae62635433d5edca0e229efb9fe35fca007e4b7
sample-1007.eml,60896,2026-08-06,0aa9ff023a3f168e0ee835075740a09937414001f4c19fc82fb9a418ed6918f3
sample-3442.eml,18748,2026-08-06,95c1688cf981788f3a04ac7685a0980330d9df2edbefac0137f0163ad1624df2
sample-5312.eml,315682,2026-08-06,b3a9ac0c18f9b77026918fb07f9bdd2643817a257c5bd547259d368384e64b1c
sample-2346.eml,15644,2026-08-06,8de73fb73f5b522f9d0752027321225fb165640fde2dfac08193317637906f52
sample-6607.eml,19495,2026-08-06,629566b23d0925f1237670e7a50a98ebc0afa08e2b15e0284ddae4e53aa120ce
sample-8375.eml,19419,2026-08-06,52390e899b3becd8fac4830d60c9b85e92d9ba099cda9d11a3561d0124a8b4e7
sample-3884.eml,27069,2026-08-06,41931019d12cb41e4468c09ceaff463fe1597602fcad1cfd4bfcc915cd0b0244
sample-7126.eml,35236,2026-08-06,9b33e1f3eff8fab0d25e15aefe7d64bc90f87aa8cfee703e16735439e7f577da
sample-891.eml,38581,2026-08-06,d86bb9bb25346d28f5dc4bc8aba2b88ea36400b40369cf843991a84234940f4f
sample-5183.eml,17875,2026-08-06,2f96708f3c9bb40e44a7fc3c501f27fa77bf4b547639f3a3d2163d61993be85d
sample-1382.eml,18489,2026-08-06,99e347ac47e8274a11eead531eede83b40d30c7897f06e90bc0b079e898149ef
sample-1043.eml,15231,2026-08-06,313c36787f7d7d35f01d23c006beaa40ac2265f1c82ecb6bfb6d1f80259482e1
sample-5474.eml,15031,2026-08-06,950e1ba8c35106b908d34f6515ebf9c49d718911b48206107e46285056c127e9
sample-4615.eml,26962,2026-08-06,5625e27438f8d8667ef2c30a4c75e86326219ed63e1f1aa0e29282b6d62c760a
sample-3071.eml,24457,2026-08-06,7d5c5758e036afddc732597e8d75e0855d25c1daa4cfd210c90002283f292d33
sample-7984.eml,32675,2026-08-06,d4b8515e32dedcb4c82855b591a712a2687f12df1aafec6ace8e8102aa2e8d48
sample-2940.eml,21707,2026-08-06,a02f6d67b1618478497d3f382b216b286bc7aff26b5128fb5cdc450d1ffe399f
sample-5845.eml,108134,2026-08-06,610ee5e4c553747bd6e4f46ae48f8e071d844dcf4a3e932a46743922002c3bbb
sample-7414.eml,14806,2026-08-06,683462dc68c775f186bbaaea1f06507aec4a722cfc74f085ee572eead8aa0914
sample-7167.eml,17898,2026-08-06,c1710d487d2358b88c72dec42d8d3148ded06ca88f46e64b347383e84a83654e
sample-7634.eml,39750,2026-08-06,acc7f5b612b1490c8edaa6da5ad8adb45ba9daee40fdbaaeed233768e2e8e178
sample-1525.eml,21559,2026-08-06,0461bb7443be6b6d99391911783026f12cd74d01a4435f5a49d0eff19c18086c
sample-71.eml,10913,2026-08-06,ee7f1ecd662d83bdfa06487ffe8d825de1f65deb0c028c65eb5e6c5c29cdec1c
sample-3294.eml,28152,2026-08-06,c0e0a532e43e23bf5abaff4d4c211fd25e80634de4e501bdd6a1f5bec83c675f
sample-2899.eml,13817,2026-08-06,f36ac5ce2285ce2b87b9f10d5fea5323338e24c3998f64f043456b24c06df358
sample-7321.eml,16183,2026-08-06,7c9b14108cec1c60f81ae9dcd241a8ba43f9c2b0afbd6d886f60deec6df29f00
sample-4701.eml,15414,2026-08-06,38156212942ba50a4325aefbffe3f93e3e9ecc21b7f02ce42cc73eaffa2cda0d
sample-1613.eml,17994,2026-08-06,03ac6f82051a87ffce33dce5473c516aa1a6ea9207874d722107e28b94f2f81f
sample-6662.eml,21876,2026-08-06,1c4d639f2bd5732a980dd1de0ff57922492d31d06876d79393f2695171524ee9
sample-6024.eml,822278,2026-08-06,7f87b5a98477a6a66030b19f9b65b8326c188e121b378580247b635c1c53aa3f
sample-6147.eml,27879,2026-08-06,717232b3d19cfb3f74897b32b8177c3b0099b9f7b360464ba4c209445d04eb52
sample-3882.eml,40891,2026-08-06,4d653c2894f12f98d6b7a08d390fee744323b6cd2b661e3bb59d4880ac6117d6
sample-6078.eml,23511,2026-08-06,14a562016806eba4be3784f295b45b05f6e2e112150ea71216475be12f8d25c7
sample-5852.eml,65807,2026-08-06,a4607a6adf1a32ff0ad319cb7ab90309028eae0cb713227c293986c1b90e0477
sample-736.eml,19995,2026-08-06,59ac1d0b51ba6fc3f869015bd1c013a9bf3905266e544400e5202b6557351a78
sample-910.eml,25702,2026-08-06,ab7b78f016f3bab3075fdaab51989ca3af3d7e2317a87face45ed1b189e2baf2
sample-6957.eml,23320,2026-08-06,0a1cbb5d2c117291fa82c679c21cdd58bf0adb2c5e1ef5362aa5fb1bf23b73a0
sample-2366.eml,68596,2026-08-06,83c3d2f45f11a51611a5b11296b833f104539d3089f3342df5b789bc5eb84f95
sample-7518.eml,27218,2026-08-06,8c4a3fccacb53e6a95b780f17b00734e4a782fcb86eff71a2ff765ef76092c4c
sample-5122.eml,28260,2026-08-06,8ae5f2669e1c0af9eddc554cc78232a53fa1532ff41021b20cbf9d7fec9a806c
sample-4758.eml,15370,2026-08-06,47737f4c722e47b5df95a051378bcfdeb41ad1ec0492330f8d6918a3d42a8874
sample-7214.eml,18174,2026-08-06,ceaafe91dff1a004ace826094c699d4ce430bc0081ccb1e67d3d9ddea91f1d96
sample-7153.eml,20567,2026-08-06,3349590934bb388190b0392cf4631b7b785bb3139f99ecd8b9a1cc955733753c
sample-282.eml,18422,2026-08-06,beeb731768460de7600498ed4f5f100b76bf44230de3d43434947d2516b1cc64
sample-3175.eml,8578,2026-08-06,48af69e740c875728f287420c80235a79058311cdd18bc88a5e4784807da8ac6
sample-766.eml,326148,2026-08-06,e28b63155b43ec1ecfdbaba2543f2522e70068fffe4482fecff2f14bfc28a28c
sample-777.eml,11983,2026-08-06,680522e1aef4fc7014a68726f0c877bdcd8563ddc57486eaa6334a02849b927f
sample-1683.eml,20193,2026-08-06,0cefb8ee30220a1155b104fff419b6918ed17ff56ad66cf7a3f7b7e735e78c5c
sample-5393.eml,14653,2026-08-06,bf11e4078fcf26aaa9a6ac1c3e9226899d83a6af2fcf6c32b9cc49abd4d5d6c0
sample-286.eml,9577,2026-08-06,0588e6514b8db0d55d5da9a3d2c8b5ab151922ebd15693881f778497fc5022e9
sample-3779.eml,27628,2026-08-06,c6f6cfad6c28220e98a1afb43a234087049160c91560a7f102693e09694491ba
sample-2237.eml,12257,2026-08-06,89660663a7ead06673f487082d0cf10907359a44a987548a271b0018d4f5fdfe
sample-7797.eml,16469,2026-08-06,53b25cda076572741f45c5492b59233e5be6c69c44dc2a7efccba0612986656e
sample-5319.eml,18875,2026-08-06,d2d8e4bc7afbb9ab94745edf8d5cc8a4b89228271089ced69d29b8b964e5decb
sample-2065.eml,11896,2026-08-06,615a46b6f8f05d79a44ebc137ae2e112a89b5aea53c7d63b29f31228a52893ac
sample-6087.eml,12139,2026-08-06,5342b6dcef0c507f8784491b47015252697cc54fbd8172461df3b040f160a370
sample-4060.eml,11573,2026-08-06,7482129a5e695f12f4adcd199efc45672d4ce9d9aeac12146dba767f236e5f74
sample-3967.eml,28991,2026-08-06,1caa3fbd326cf81e0234935aed08a2eb0d266b88e9b224d2322781e9abf7610c
sample-569.eml,42523,2026-08-06,233434ec154c2592d3fe63c7d0be571d16a4ce62b081b11775bda36181a14aef
sample-2802.eml,105289,2026-08-06,b1c43ba394d62be0edbc3ed1693cf25fb9248cfe3d54f86d356f997953bdccb0
sample-2382.eml,17780,2026-08-06,5abb9fc1997baac7856d67ebec0c2736e4f857169aa92b60302d39662cc60485
sample-2214.eml,21454,2026-08-06,e8963168d2006bce2a63fa6d6cb23ed0c8c2706e02b29afdcbc611bba66ec457
sample-918.eml,322070,2026-08-06,967a26d5a735fe3adceee92fc5adfea97a1dc4938d76e8c6253bdbcf683e6f8e
sample-1331.eml,18533,2026-08-06,e2609c9ab2ab622bc23b552f3676c8d90ea492db687c35987657beb609198208
sample-6901.eml,25171,2026-08-06,3f87cce5bfdf83324b9caabaa619961866ed9f84a74fc9ac7ebb1c8676f5e6d5
sample-3836.eml,18427,2026-08-06,0145e5a0ea7ea9f03b913890254bf749df19e584212057d470d50b9ba39e4bd0
sample-8348.eml,32528,2026-08-06,3222ea1ca2fe1b5842d7b6a9aa208d45245ebf4e3f799d0e26fa2cde1afa479a
sample-1281.eml,13090,2026-08-06,49e21a18c457fff9d04dc291ca8400f20055df5ef5ed60a180e5a4e7e074eedf
sample-820.eml,115566,2026-08-06,e294a23a82caedea247d5ac48261cb3dadff35fdfcc2ef6cc0372771822301c5
sample-7257.eml,40720,2026-08-06,9e4a9d5b3bd5575193d744ced7062f1ceb36b4f2dce5c74dba3558ea1e8e9464
sample-5640.eml,20780,2026-08-06,440f05af9878c08594a3cf6ee0d8d1daaf22e8c0d44076f26b1f28ee58e8ebf0
sample-1847.eml,20730,2026-08-06,d9769612cfd5b2de9a50f1d86a7715c6b6a879c9ca730b88138870f62dab7e86
sample-6715.eml,30968,2026-08-06,fc54a1538d4fe785a68cea132931358ea04e51c5989d16bfc36d9810c304a21a
sample-8221.eml,467328,2026-08-06,4cf394bfd2729696c24b124763b8c1e509cf7c6e6ff3d69862680fb6230a367a
sample-1956.eml,7851,2026-08-06,6c08d296fd718872aca2f847525ce4594d97ee8a94cd62d8f0377cb8d571d722
sample-5224.eml,59858,2026-08-06,5eb4c977276af8567b4f77a1478f9f1b23eda9f83a5721e509be6f1cf6e29e45
sample-8437.eml,15586,2026-08-06,53305fecb9672b048bd70830dfeb768a5c583a58d8385fecb5dbf3d7ba435cdd
sample-6055.eml,19049,2026-08-06,ff809ffd2ab58a0255d2c6e723b7c112ec5d484afb6821894e9ed99c19a1a25e
sample-431.eml,15393,2026-08-06,9a4ce67e9e08deed7e80f82d858d3d41b2f97751fb36221b4e2481e67d9900d0
sample-1247.eml,3603,2026-08-06,b4e2d8c3e06df1cd722518a34914047006754d9d7dd80f1cbb70c8415809ad13
sample-7224.eml,17786,2026-08-06,d45e640984c1defa01e5f22f3bb5fc50034425092cb32175e9b40d9faf3089e4
sample-7021.eml,31641,2026-08-06,6a47521497c6f0661dfad4d366eb264c57211fa155c8437b3e13235f872651a8
sample-8427.eml,18170,2026-08-06,a8b55a8de043160ee5d44b193d9a7342eee4accfeecc51b4c00c186f1c81dc01
sample-5132.eml,13064,2026-08-06,10d7b94ced1379f5a8e4680eede5c06e248efc6c8974914e73f31a59cb5a48c4
sample-7056.eml,51802,2026-08-06,2bcc8e1e209978f457d74c9736f4661e5f1b391105292ac275a5ef3f89d72101
sample-972.eml,145186,2026-08-06,5da057d623a0c48eb0008210d17c697c7d45aba1d3b58e6f565d7cc932ef98d2
sample-3413.eml,19178,2026-08-06,8d12759612675a02a96ed25c2abfeb5976b7ecbfd223603e5daf7a9d68fca67d
sample-3935.eml,16506,2026-08-06,261a63b83d14a123352e45afdc4871038c1a1a3c7d408ca9fb79511efef80c4c
sample-3428.eml,19123,2026-08-06,f5842b3cc1315cd63f3fc39da9b162b070773358f123d9c7165fa85e0084c6cb
sample-5411.eml,36297,2026-08-06,9d5fae31f53886ce56332cfda1bcb19908f2c58c10fbacb32d50ea6811ad5cc8
sample-1504.eml,22534,2026-08-06,53ac089575620a20972b723266bc07524705075b48897ca02a965dca5b8e9e28
sample-8503.eml,77679,2026-08-06,2a64d399221ba379aaadd56bd40811c4a0be6e12c2266830bd6d1725cb0446c0
sample-3048.eml,22497,2026-08-06,9a06286dbe1101c24322be974f731b07a6f106cf3eb9742cd9099cc13d0ed661
sample-2073.eml,105462,2026-08-06,92a0c245afc151d0944346ede781a67ca34168d682cb0db5f5c0e0a52b4c1bb5
sample-5625.eml,17499,2026-08-06,0a6ad670b7348810fa29723b6bcd6c07e01bbc2ec865f7724e71d29a6e687c0e
sample-2626.eml,8495,2026-08-06,16840d11b031fc3095f843b61cb204a36470e88482b4d0fafb3ff4c7d7eac370
sample-3519.eml,26850,2026-08-06,3ec5c2aa673f28365e4657d3bf7448439207148fe96f6ce54ca30fb1fdf6bc5a
sample-5455.eml,16200,2026-08-06,93bce37c6cf727e974a9e7fb4da17caf23dd6cf4a2aa1f4858d9eb22e3877351
sample-3179.eml,18577,2026-08-06,0b1118df740e7d2065c5f305a946fc83b9d1edd5e894525a3c97894dc7d5005f
sample-1029.eml,24927,2026-08-06,c0f87e5b407c8f42ec67a40c7e1100305bd6d116b4e4eef4f6053d23794480dc
sample-2591.eml,51861,2026-08-06,2f44d93d480c997e53606da3dc4b9a9ce1a4b7d05ccdf6f3920b133435846f0f
sample-500.eml,15881,2026-08-06,e00ba583319247bedfef7a79957f6d1b273149f288a96ac8d07bdd3c5f0dd8a1
sample-3444.eml,83333,2026-08-06,41240bbc920f2d2a9604b7e118081d4f217f09fa26180ecae63ea1a5ef63153f
sample-5737.eml,14565,2026-08-06,b6c2c956a693b4facfaa3d131ba1e251ce3badffeb61abd196c7af866376e166
sample-1547.eml,25250,2026-08-06,e026a1d584dd7fd1a7299d63f85efe5c161f0bcdeda9bb8000abd4ab91ea6a3d
sample-1768.eml,45986,2026-08-06,644d2886b13861c6b2abe29a5b0f14da2ec9bb66bbb9a5fbded473def1aba077
sample-1556.eml,25176,2026-08-06,7696dd0ec1a081797759eb0e0cf8766a97fc58df8c16237482d9c45bd9a438d0
sample-8066.eml,18355,2026-08-06,d6a9ec04b504de90425a36abd28b5057cab5bc81b9cfe0011911e7194772fb08
sample-4115.eml,21015,2026-08-06,ddb83ae057986bb796b37a750521fbdd4315ac5d54c6ef03f7f794bae3bef26b
sample-1861.eml,81733,2026-08-06,62dc81a48f4a39242ac689074df304185e652cc54de0d70248d943132cd9961a
sample-3211.eml,20374,2026-08-06,e45998d1dac1447dd516bbca546dd5426e11a7c5d8ded503fb598ca631a30e9b
sample-1325.eml,40996,2026-08-06,0441ff32857ca1954bcaf5f863b84055389264d05b48616ae63fa2a27ed6e6f7
sample-7759.eml,32219,2026-08-06,e9c17b994c2a596d85b1f1476e8f6086b464cf74b0ee3869bd3bffde94f1ecaf
sample-5563.eml,13621,2026-08-06,b44133ec8d1a60c16cb8ac02f1d2ccccb5c83f8976ea221118fc0d0b2a449f96
sample-756.eml,31215,2026-08-06,8a272c645102062a5c87b8bc61ecab16653c78357ec3cd2489bd3634c6b62fd0
sample-8198.eml,467872,2026-08-06,1c5ad40b27fa75b6b25840710ed501c18732bf83c9803c10c86dc70f6d9a003d
sample-5940.eml,22682,2026-08-06,26359d7fb6f032730e8298220ee805670819f2c8a24e78a7fc884ecbdc626120
sample-1175.eml,13231,2026-08-06,bcbbcd8876e3af44b5e1d39987f617b01e5e842776120c381f471ffae80478df
sample-5519.eml,15325,2026-08-06,bcf6e60f1e930f0906b36b78e2866d5059df8dcdb0617651392464300afd59d2
sample-4544.eml,14647,2026-08-06,05f71fe9d4441a7ed203153efc87e370c7a79d5d7d6dbd0c2f3be6fb6648de5b
sample-54.eml,21007,2026-08-06,af9db4feb90a190702b50d1e78d449ae3d43ae637a6b4ea86c0e925ec56a3b2b
sample-4833.eml,11932,2026-08-06,659aaf1a258166aab64aa23cdaf2c5bac1fe2d04b9b4bdf5c194712df8c5bcb8
sample-5.eml,33027,2026-08-06,963ea457801adfc6b2e329dd6796df65e17ddf92b5d8a4dc56395ca3c4de26fc
sample-3464.eml,13011,2026-08-06,cc34f580e2c9155377f7430ca7b3d36ba791cdc9e7da8d8d784448ef33db3dc3
sample-4860.eml,14147,2026-08-06,37dc9402073d3ad94d07ae8cf365b78dd0339a60aecb147547fc7493c90f8410
sample-1229.eml,20097,2026-08-06,4c37b69303f4609b8e76b6e09988e6bcd4be40753995388dd5c6fbf03a38b77c
sample-1241.eml,25729,2026-08-06,beea90e028b345543e832dc0aeeab238d8105c2427e5c27b30bf98c6e4a5a74c
sample-4214.eml,14882,2026-08-06,ae3fdcd26d16e5e9ccbb073b1e5b8e9daf5717faedae86a2b17c58e4822b1ee4
sample-7238.eml,20757,2026-08-06,5dd6714619619c857cb11d15c2c45dc75265b316e5bc8ea9c60acde8aba5f1c8
sample-6571.eml,24952,2026-08-06,e174e9e9955e61f6d3f8d43f09083291a02b55d6bd5736fce118f87dc71044e2
sample-5883.eml,10173,2026-08-06,4567460659d3e0be87947b5a5b3ee41703cf07d8dedf80b3e565d66d6b6f8b21
sample-8263.eml,16208,2026-08-06,a417ccbd8c76173cbb22d7c5e5dff5ea3a7b3cc92601742aa85b7a506b3f97d8
sample-5956.eml,24177,2026-08-06,1688b7b6f5531fe17d12367d4557322fd17c77744d678d6e3ba5af1124cbef04
sample-2898.eml,30947,2026-08-06,b049ca10a98ce2ce78170a1cd781fa3a994965ead89924d02c1f320fcd954a28
sample-2188.eml,24423,2026-08-06,0caf54929a089cade1f78fd5289a87123565102d81c9219226ec1e7d045c662a
sample-6599.eml,34362,2026-08-06,afd86b4ca6e8733fd90614c5e6380882ae3b58074eb8f1113253d7f509bcc9db
sample-4288.eml,23676,2026-08-06,153864d8e762f5e6bbd8e14eac90e7ffba925d3af216081b7cc605443d6b4da6
sample-8.eml,24471,2026-08-06,2f2d3f4f2431ee04bdf5da47693399972736ffc2f52591e4acba95119e12b2a0
sample-1158.eml,9101,2026-08-06,62c4f2c26401a5007a91f64bc77612a4c0e0949f10dd60d215ce070c4de8b2c6
sample-1434.eml,9813,2026-08-06,128014aa02d4adf0634be24774257a38fa1c2b1777b9250aac6097e050420b4e
sample-7567.eml,17985,2026-08-06,8c5d5fcaaf841a40f4b2e512b615dbd73f7804699af4fae31c15ad84fff33b88
sample-5670.eml,22520,2026-08-06,7c4c0041d8d3f60340001d5ecd6ae3960dfa5f5dbfc439c40fa95607a6f1fc9f
sample-5619.eml,16816,2026-08-06,94faffaeb50a6f8276bc9ef50a10ec6d6e1b91540c1a876d554ae53b5535063c
sample-2719.eml,25232,2026-08-06,96c5624e2c74361ce6e67c5a5ea90712d575f3a4a4f642320b972c4db4691464
sample-2377.eml,50689,2026-08-06,46449d386f8501467d659711fb16263e571e1276bec1ae12457469b75917d713
sample-5846.eml,54210,2026-08-06,1c426f0a263b2528745ffff348b2b7a5e1a25d482e788024980563ba9d26547e
sample-7461.eml,21261,2026-08-06,21e3bc9327c6a1d9e2afedced27779e9cda5ea8b6f3f00adfa99e662508ce97e
sample-1972.eml,55586,2026-08-06,e614533887760bcd4ea08a2aca40c373836d727de559243db1d71d56f43f7585
sample-1951.eml,53047,2026-08-06,70e93493a5648f4d3f758026359d267d74f4a49da9ba0d91abc8c65456fe23b7
sample-1261.eml,188022,2026-08-06,55d896198e46a9e3abaf25efc0ae1dba37fe9c8b3dee10020387abe8cc3b419e
sample-7032.eml,34277,2026-08-06,c7d677604ff09913e57690e46355f2828c6e4716321e8ec2c615628089fc5836
sample-8533.eml,16195,2026-08-06,fc3e3348239a5354b852a0f2b3332124ed25f63f4cfcb571b56cecd8bbdc6d78
sample-2903.eml,20214,2026-08-06,63c800271137e354c4a1489b05c122e39f7bf8e68c4df72eb5ff4df880c5251f
sample-3117.eml,25047,2026-08-06,4cdc6de7241ca700e5ec1c89a158d8a601c2bd85d6470bd6929ccdfc8de79d86
sample-3595.eml,19184,2026-08-06,676109fffc8bd760fe94088f71ea853385a80c5ba413e82f2f451f224750ebdf
sample-1810.eml,36830,2026-08-06,ea27fa2bbadb88a8bb022d7e24f65ac1f37ef88edf667ecc4c533a3e2daeace3
sample-3128.eml,23587,2026-08-06,f75f9003f09f921e25d42ebe09226689ce267e375e1ca83e51097d11f68c3323
sample-8170.eml,20822,2026-08-06,d609db36e209ce114e312219e80de0d0d54f7b0d14996d7ac2d2384c09052aa3
sample-6939.eml,18410,2026-08-06,fa78e0c01b1046c9267b12e5a5640c2825d76da287afc68eec068c88bf537393
sample-4485.eml,36532,2026-08-06,36aa06399e46ad804e6166284acd267645ed9b1518518acc02e9560a9c090db2
sample-4592.eml,67970,2026-08-06,2666643b92dc3e07114805079f0bbfc70731050734f8d9e10a431870e532d98c
sample-7259.eml,22277,2026-08-06,6e1d234619327bb6ab5b6d667a947c8b92feee2d0b63c35d9a5968878a35eb8f
sample-3112.eml,55820,2026-08-06,0d10ed39051d1eb81f2c1653bd44efe545b57804a47595054aeb33f56201bc1e
sample-5912.eml,13636,2026-08-06,cf38c4923aad5b5445c62a1548f7c08c061fd8991d8931b36c8e076f910e887c
sample-3539.eml,24701,2026-08-06,c5c2b0675ed100ddab59379021e6e9aa0663f9e2d587ebfd751433c3bdd111c1
sample-3777.eml,28389,2026-08-06,6515b8ce608e43523cc2821da24b89ee19d28ae71c29f758bce2660e3a36507b
sample-7000.eml,23128,2026-08-06,c1867ba4f877fbfd245b612bb8733efecfe568320b880419d5a4c7e753ad5b99
sample-8055.eml,20072,2026-08-06,552f7d11d12c870b7b14438e7b4f6cd82237fe9857b89c78630150cc22706d21
sample-1769.eml,46726,2026-08-06,4fd3c80cc7b7dcd7db44eca45c5161f51803c97b0584f642ee5db75ec2505b5e
sample-4616.eml,15256,2026-08-06,ff3b3b786753e0d489a7939a409150198876b19969e7b160383555afb2a98974
sample-3990.eml,28438,2026-08-06,ec253512317e8641ceaafcce411a1590bce1fbc337c49d24c0c705bbfac03aac
sample-5875.eml,17176,2026-08-06,257d5e46ae774223f6e1dcbb68d06d004eb793e371d812acf0d8c7117b1a9c2a
sample-5289.eml,10701,2026-08-06,9099ecafe4ab061a9a7333f4440a21b81020253ddccea0d6b7df8986ebb34096
sample-419.eml,12017,2026-08-06,bc2ea7d8c12aee75f814c0c48c24e26de823c321e36d6822f910f8958c61664e
sample-6791.eml,19231,2026-08-06,b0a6c8ccce717ba20a5a4927969789bb56fbe397aaad850d871fb1acaae1486e
sample-4907.eml,16212,2026-08-06,66ce539c5a700a0bc60d05fb09baf0cb696cd8f977ad930282955c54347bb6d4
sample-3374.eml,15228,2026-08-06,c5e717e86506a83b985d005c47a9145b1869f9357a13d7a4320b9d4b49a2631a
sample-8391.eml,18897,2026-08-06,b048828fd1ea7516f52dbdba5c3e0d8757762295ff1a2078a3bcf4cefbd18d3a
sample-8202.eml,17128,2026-08-06,37729b4f75dc64f0bc0f7084268efb709057c9b04bb84a6e2cf9f50893fb988d
sample-5073.eml,14085,2026-08-06,c5070c2c4ef068b39a59e42b5fc516ce962feced705f0c5f3f2891dd3e2f0ac9
sample-1072.eml,20011,2026-08-06,6d1d2b51d6918a66c72298511e5fd94fdd0c135c7769652373bd528959a6240f
sample-3654.eml,28356,2026-08-06,c29e40c54de98195a885629153e9a2b97e31571faef1e94519f73010f4293c1d
sample-1375.eml,21574,2026-08-06,02780c5f1d7c956ed86bff901ca0d51bdac2d3d1388c86ef10f1b5ccfdf0bb6a
sample-5189.eml,12043,2026-08-06,0b1bb604ce70704725f4c340a834dd085949dea8c9ae36fe4b48c06bf5b105ed
sample-1187.eml,20253,2026-08-06,7fb8510d0b9a901e0e3326ab457ecd94414ab5cd90124f61312d89adfed8ab80
sample-2474.eml,14456,2026-08-06,66e339bf53aba9b18a98358b04486c9aa017416c6e50c35141c8940a7c870a26
sample-789.eml,46334,2026-08-06,29105a6403a778f658d84ad3f21a7f39258006cbcd4b5e05b227050777554464
sample-2752.eml,19524,2026-08-06,848d84ce7f75ac72eefb5bfcd5f870052a41686db9f6b9b43433f4481147b2d9
sample-378.eml,17195,2026-08-06,ba2a2995577bc26aa1f03e4b2e8a94c4ff0d83cd120b0eb11fa0bcf1055ca87f
sample-6538.eml,21353,2026-08-06,8a162455abe4b89443d24714479e541f0f46f07fc464c128773bc9196c74b8cd
sample-5636.eml,18477,2026-08-06,950ffe4b2ff47fca60d921e661443e5fed9fb01c13c36487bd6b4892cd359db7
sample-8486.eml,21627,2026-08-06,8c84cd1b57f347beae2806294f4d6033d7b1390565a5a7c160b17b25b44ca41f
sample-4074.eml,26035,2026-08-06,6cea723697b61651f567f542c6162e1b64912f1db1b85321ffae53b9e7a6fb4e
sample-5384.eml,22069,2026-08-06,911a97b789a4b062851707f5f90716102525af6642df29a0bf2816a283e6cda2
sample-2210.eml,20009,2026-08-06,97a63e38326b4208617fd57b3b31e15aae8fa6f7ac7d5cd181147bc8b3f63d81
sample-6368.eml,17869,2026-08-06,07cf09337a98f242de94beb9924b41b7831993d8f5f83bd56b8ee3d2004d8b43
sample-4424.eml,14000,2026-08-06,f0e14607f568c21c396bbb7a8bebd9cc1f7a9b450e37661f71ac90f34f99130f
sample-6242.eml,20815,2026-08-06,44dba74dd546446301c7ddb6cdab7b7c44bd32117f4dc450b65107aa57b6d078
sample-136.eml,11190,2026-08-06,b7ebf07b511088c7f843720580495f244e53793bc3165c6a6edbf75b1c1fd692
sample-193.eml,123435,2026-08-06,65cb07e2b960246d9f0d4235ed8f50a2a6ae18cb466c843613fffc49475c6162
sample-2930.eml,14217,2026-08-06,86bf4408bd0200c242fa2d0c6403226ddb0065d66d6c8209b2c4dbf06846f2d3
sample-4144.eml,21882,2026-08-06,ed17289e9c42a39ddbcd25574c755c1b0c3c96a272fd319953da966e701f7f60
sample-3772.eml,28034,2026-08-06,7ae7be84e4324a3ec41f297650d3622af68b31fbecb0c3d7174abad3e6f0300c
sample-6016.eml,138926,2026-08-06,f81b1c91a0fc3834a26d805de297016c98f41ecc510644ae4eac9fd22c7e3af5
sample-878.eml,114614,2026-08-06,ea83ae39c2531146371128b71fe82dfa90e3a274ecf9fa140f30f54ac051b210
sample-3316.eml,12845,2026-08-06,e755d21f57062b7aef7d022425656b5d0748f7286e62d5d4d742af9f4b2f0b7b
sample-5139.eml,18972,2026-08-06,e824f429c33bccf49da6acb3da3d389f0e6f9b18a7ebadb7be15f63b8a55ef57
sample-2838.eml,25585,2026-08-06,5fd8c421aeeeb4a1b68a1e7ea4b63a0059797e437abade471be0cd60984f123f
sample-6963.eml,17961,2026-08-06,85b39471332f27d5584e79503e889be1421efcb7ea5de839b726c5169671846d
sample-6770.eml,30409,2026-08-06,9b2e629a1c52e8ebdb2c76d66bec2a0662bee0e74d25fbc6724e9412c20cd53a
sample-7734.eml,26922,2026-08-06,a588a6f06db0737f227c76472e982a596f751ba9ab10331b7560bd68c053884b
sample-4270.eml,32333,2026-08-06,247a455ff9732939e9d1d47bab8cdc8a51428a544cd16d4405f4ec2a693c28b8
sample-1067.eml,13628,2026-08-06,51e70916ed035685de2dde3513d8ac831a5bd2098f83e5d3c0fe665d086911da
sample-3203.eml,11638,2026-08-06,0f7f9f15dfdff39148ac211ee6d50b1755e031c0e45dcf7f13ce094856fd3be4
sample-4399.eml,11861,2026-08-06,4b6cebe27b5c59a7799ab1668ed5e7efebb575d0ed50cbbe30aa482dcecdb257
sample-1145.eml,24843,2026-08-06,29ee09b08ade484188c5315d1618124248208e8833a1e33397f9f95413e735cb
sample-8099.eml,565998,2026-08-06,6fd48840229bf1421b6fa0f4f768620f925e69fdf88325a943006a3239fa9941
sample-2215.eml,19896,2026-08-06,eb1bde3de68b32565dd96ed3dc745f4b4a916de48eff12275e6e49a55105e871
sample-2245.eml,50347,2026-08-06,e0a2a03b967b5c6bd0fb4c653c90a698706bd5b72b9345b57921a385fc8a273a
sample-1046.eml,11031,2026-08-06,b5c8e17166b73f87bc100be3dc7194072b676ba26b65a6eeee6b752c11542490
sample-3723.eml,27753,2026-08-06,fae898acb672098ceeb9f68198755669733a2619f2848a665e9046bae2cfccc5
sample-8382.eml,473449,2026-08-06,17e945709e04becb3501a8762bb766ae078e859ec06ad76a5343c36ad5dba282
sample-198.eml,21318,2026-08-06,fba09a990fd0510de79e49227b763153fde0ca230f489f3b2f3859a1794a932a
sample-5144.eml,16222,2026-08-06,a3e6d84895668335863ccca465a25b9307108521232adda4b75e15218f4ddfea
sample-2735.eml,104836,2026-08-06,d143ce52fa35dd4907c6cae7cf59fd6d2eb56ab00b8b30f29734dacad4a2bf71
sample-4077.eml,28522,2026-08-06,b61b9419a7f7ed04387326f6675c7fcccf98564e25ad598c112ac47618f8437f
sample-7594.eml,21994,2026-08-06,b508a2cf5075eb5236a8ffb2f9dd9ca10a5df96501b525679012456cd713a2ac
sample-4230.eml,14499,2026-08-06,cb4d79b0a9abde24e348b23a4dec2c6217703dcf3284db51a3a06ada0a9d6ceb
sample-7507.eml,21249,2026-08-06,96279d6760935a1db5e850863923dc1ce90f2ae45fa94178ca58049b5961ce1a
sample-1902.eml,105468,2026-08-06,43a0562f0d46ed57ad5b5ab192335d36dec2d096d94e205a1cda73e38452e9ee
sample-3913.eml,12859,2026-08-06,c0485d3939ee07c82c424aa04cf39129de41ddfb13eb9a6c5a9123279a5f56eb
sample-125.eml,23201,2026-08-06,9b276e29a331ae246cd03ce68c659aebc2bb8646205eb22f64a8c71905f6a89d
sample-1542.eml,15221,2026-08-06,c3206e9bb34cc3eb5b350c5121c8265f1989a7de5903b1469dbafad2f1e014fb
sample-8242.eml,15882,2026-08-06,14d543c47aa4c3bcf6e46af9eb4419dbbe2ef4ebbaf7f1bbc320d59bc9041c27
sample-1903.eml,8933,2026-08-06,68a7d5c9c6cf28a81b8032c2813ea9c3ccfc7f553000aeac441748cf6c283987
sample-7887.eml,10705,2026-08-06,ec7d5c9e8bc5d80cc9429cedc3104d0b13ff12e0639cd04426b9a538791e1949
sample-8611.eml,14319,2026-08-06,7eeeca3abbee79dc1b2571ddf2dcac9e26445e1670a8a45023eec984b4faf490
sample-3232.eml,12087,2026-08-06,3ab24485147c7388f05200207283658f59b123eac48bde0e442c259396649ff1
sample-7357.eml,36738,2026-08-06,64fe6a0356b52aae8110e7ebb15a00d980dddb246e7211b79dea93a030c0a3dd
sample-20.eml,29241,2026-08-06,28d746565a3003951e4864c7c623d6a2b556fa2541f31da9a3dc80e768c8a5a0
sample-159.eml,11383,2026-08-06,6fa5cc6a0141a282ab4575cd6b1c0a9180b648d170e45f6bf5b157a05e8b4adf
sample-7830.eml,20969,2026-08-06,0864c2903446e21194a597186747babeebe3a83aac005676e2e7013240134881
sample-288.eml,20581,2026-08-06,3dd0f9658dbb5dfc78daf8feb55a2c84d9d79d84215b00c8988f07d17f297f6c
sample-656.eml,25229,2026-08-06,ba90799948b634347c9dfb553feb4c8446c9fb3e2de656b4215eca3f25696ba6
sample-24.eml,15537,2026-08-06,02a1cbe283b56aeaea401dc72feff73fa2eaadb7762d463de814fcbd68c2a5a3
sample-4690.eml,24096,2026-08-06,af5cd186a027f79df788311a98be81fbfa05527ec37a875c92b4a4e353eb2e48
sample-5222.eml,11047,2026-08-06,76b1584a86b2921e83180574fd98ff0d46acae37df039606c44d8f59cedcac0f
sample-8520.eml,341209,2026-08-06,bd49455e2b9efc061c0d97176396c6974abebe95f7e2112f9235f8bb1ce1bfbb
sample-4875.eml,36442,2026-08-06,9684d31327549cca0c775e0a1e9e504584cbe60721edbba47cf5a736112ac8b0
sample-2568.eml,15867,2026-08-06,a9cef9cf0c907c50f4cc14449739adcea4daa2f3297a51fa2e58a13609de68e0
sample-5451.eml,16177,2026-08-06,c4656a2b51fee0ff4a7503221cac31ff30e654991a6abb3232bce0c9293dca3f
sample-2384.eml,104571,2026-08-06,e34474ce8453e79323f1b987827a393dbc4c2a57896c90de89cd52298086d396
sample-2185.eml,14225,2026-08-06,f39d49bca2bd82082ca1c2598a91d482cee722d1fd51d716024db09d090c8422
sample-8402.eml,474114,2026-08-06,4c803a4bf53cedb97917a730cdd75c3333f26f1f74cec1d3d1cb44a1483de54d
sample-1779.eml,17136,2026-08-06,14ac976309bbe7aa79e80d23e8a901affde04bd290e981931ff5461d11f8140f
sample-3820.eml,13670,2026-08-06,263be7bb6498158409cc950a03427e4eb657b8a11502e56204f4ddc9fc080d06
sample-5609.eml,32848,2026-08-06,708283b260d3877f2d780c0ef4333b1f0a2d77aaff8ab44d667f2c301af5988d
sample-5219.eml,13428,2026-08-06,3811a0ea22c3c11501721bb25f209dfdce7eb0f83415f67cb659226fb15fd43e
sample-6192.eml,27799,2026-08-06,7a548d2b4b83382ae582948fa1264a3a8a1a88bdf044a5446131fa6927c29653
sample-2987.eml,19227,2026-08-06,7bf012876ff3c9e7f0871b6625f4bc69d475dbc75e439a61ca51e8e7676579f7
sample-6943.eml,14793,2026-08-06,3aeb2644c1f5771e334e4a44e69bfd95e8f371782bacda6e263ba2f284d738bf
sample-6533.eml,18823,2026-08-06,fcfd30fe05e4669a790bde30a60262e9c5f95c341ddd9871b4332ac7516c5384
sample-7439.eml,21452,2026-08-06,9ccc64ce7249def08010d9dcd46115db8e6f96dfe375b3434a593a6473723cab
sample-3279.eml,19304,2026-08-06,1600ec910934ddacaa510899c12cd43b315d8e6d2d63111d730e4a687392d0f9
sample-843.eml,18420,2026-08-06,fd8ebcc3d405087477cce5bc313b8a1f45cda9184fd4e7b263a127e7844bd941
sample-4695.eml,18033,2026-08-06,001d3f4962e1c896f0d383669b3089c42a7aca73b47dbcdc697192002c40b253
sample-8453.eml,21436,2026-08-06,61b3b057552aab8b62260914830de0dd01c622e43ecb02257a45dfe245f24e22
sample-6107.eml,13443,2026-08-06,cff6f8ae3205a597b55e58b25315870a0fe7fed5654ab4cf10f5138e2bf0738e
sample-3847.eml,114846,2026-08-06,a6ef586fb372c2b9a214b7bb5fb4b4f9e86d6c087eca10680db7421a11d64173
sample-5251.eml,65940,2026-08-06,59cd7872f51d01af10187e7392954d7e1fc16b16af451c5b2ee661217b544acc
sample-5408.eml,17583,2026-08-06,fdc703050da754fe5d360328642d3b6e2278c759c40d2801d2e988613524f1a9
sample-6991.eml,14715,2026-08-06,252d1c77de72495254cf4c26c66cca045529ee1a9276063ea97f63d7a7c19092
sample-2223.eml,43792,2026-08-06,c26bb9fbe34794dd46a85f15730d16e5bcc9a6f435211f66a6425e57e0a5d25c
sample-7275.eml,40143,2026-08-06,066a4a3d89c33be01fd40aa815a6db10d33f97fd6f14d58c8f728c507eb24e08
sample-6334.eml,16429,2026-08-06,b670b9c861d6603371e90ee4fe02c4cb0a206dd3ee735ff3955acc1c50b95c15
sample-7963.eml,41102,2026-08-06,6513f2ccf933ebb1ce99db0234353a68955a7a530ff9faf1b9de5f670803b7cc
sample-7391.eml,19102,2026-08-06,07a65f284ff1f72866ced9fdd06c1b224e0331e706f4158aca11bc4d6bda78c4
sample-2996.eml,17430,2026-08-06,3ac92b34f1778a5d1141f304ade6861b0f2f22937c625b0586317a34f4bb86c4
sample-8053.eml,12513,2026-08-06,65b2e95fc53c323f711f424da534a8441ca054626be978a2ccf24156d2825ae9
sample-2558.eml,22061,2026-08-06,d0897daa9e48f13788f5492f696be930728b0401b1d530dff31f13f651d77443
sample-6854.eml,14584,2026-08-06,17e0b555f11fa3059976bb4b338eb9ae3bcc0059cd4eb33017ee9eee8f414680
sample-6689.eml,24821,2026-08-06,c6ac837b5787e03f22f25c57309f1014c1e42397d3f6764d796febcb463ea095
sample-7272.eml,12934,2026-08-06,a26dcb65f6e5bb81c91ddea7787528605e6e34f8dba76df8452e8ee70e7d703f
sample-6903.eml,19039,2026-08-06,545012247072b0cb17e339a4d9361317423cf7780dc87bd45c3e6a1c8473639b
sample-1226.eml,39475,2026-08-06,50eabc22baedf34f34926a1a6fdc7a56a4dda28faa0f73ddd56a7783fca61efc
sample-1497.eml,21252,2026-08-06,e1bb51dc8c0c2ba0fcbf0de3687b76ea513b792706c71ae5396497021d657d1b
sample-1993.eml,46849,2026-08-06,fb80fc408a28a1381913df993585f68c93f583f8dbdecac972901ecc76604eec
sample-6076.eml,36321,2026-08-06,33d00bb8e3ee3f60a854d2a80a31a500cdc485feddad6289b06a1b5eb5328055
sample-7271.eml,20490,2026-08-06,9a8019b63c3e5a1b8ede683362efd0cb67780abd0a31da3f780ba9cf308e9a34
sample-5175.eml,20499,2026-08-06,56b4b4cacb28e06d6ef5d93685d2c45b078db45bce14578ea87228f9caffbdce
sample-5825.eml,20663,2026-08-06,b96dd01ae24c3aa486bd9dfa863efc5fc2845fdf9339d96e6f0102ab8af7b199
sample-1250.eml,244448,2026-08-06,3dabef36f31efd768ddfde90e74a1302805fab40904d83a3ac13b9721a79a3b3
sample-7990.eml,20237,2026-08-06,9fc6bc3f02cad764d238095c01ca4c2ae24ce485da771b7d30d869967b441bb8
sample-4778.eml,49968,2026-08-06,ac966f96e341662b2ed35046a5970b36f9693fb56f15c3de6ea373e577ec3a83
sample-4507.eml,18292,2026-08-06,48225c70736a6b3e3e451ebf497a8e767d77c9bdae22a0324e27ad6f1d258f87
sample-1436.eml,39583,2026-08-06,a7a839871c98384aa85b385ef9536521efaa6f648cc2a7476d34cabc036320cd
sample-5366.eml,25526,2026-08-06,f4779e4ef639a6b3a200bbdbc361782b30ada557dc4033bc0fd4a3793f20f30a
sample-1894.eml,10539,2026-08-06,53cc902d73c6c6175e7753f6dd1f79154e737c0650627bf7ef3c93948229aa4b
sample-6722.eml,25670,2026-08-06,c1a04d9bcb5740257d1718bb3df870d086df3fb8a277e6b67e49fe40ee5882b2
sample-4351.eml,20092,2026-08-06,65cea33ee034507286ccbe7da8fd30bb1d5c07823112991aef7b826eb26dce0a
sample-8421.eml,475902,2026-08-06,63a26731bf350d23b04438535fa7ae7352559223dec21386c4e6ca7950bc0105
sample-908.eml,25717,2026-08-06,ff046427e2b3e99a4ca4d3c64af3147c8b8bb8d40f92c1924414779ef4c8fe69
sample-768.eml,221127,2026-08-06,728f02befea01616aeba280c242920abfffb453b7955ca72fefdb43ecdefbd4c
sample-5341.eml,26529,2026-08-06,385eaedee41d300a4813780213fd015b81223c9641b6c55d9d886b0d2650a7f4
sample-850.eml,18668,2026-08-06,260a99cd3284b819e4199840e7a8ade4cddc6867aa5c772a0db369d38777286d
sample-3225.eml,11469,2026-08-06,77e0c5015a296c0f064cb318a78a93e1e58761560a1311fcff19467e9e514894
sample-6516.eml,73360,2026-08-06,bf343de5e274202d1181f5d9b95f172aa02f6ef283d6ff3a431cc46ed60a02ab
sample-915.eml,25665,2026-08-06,3ee875af7519a32107928c1575e694f86b502d1aad60aa99bd63e1f7367b714d
sample-6460.eml,20535,2026-08-06,ca0e4637d22c3ee9f2e1ef928c2b0639f3d42636edd2e6cf1460f2cb68227bf6
sample-3933.eml,28735,2026-08-06,3c5d00d60045e5b62e4b3c443d313f6ff2166749cc1297d4ef073ef1148166d1
sample-2031.eml,21811,2026-08-06,16a28b6dc9a3a3d6bfb58802578b829dbc00479971d8f62fd7ed34a115a99c7d
sample-5766.eml,12146,2026-08-06,bba187356cdbb158ece210e0485b0b2f47afeb83f16dc306ec05429eec9a7791
sample-7202.eml,32044,2026-08-06,9d00fdb2ef9e8dbcb626482a656691c5c2597a910b61f1c9dc631904a13a00d0
sample-2186.eml,34466,2026-08-06,ea8ca2ca27ae8f0743a792cbe1f6a72d95915e6ce67918533db316165b6335b9
sample-4955.eml,28265,2026-08-06,8a27cc15861a1e1d800ffcd191724edc6434e97e89cb700ad640f3e41e45ac30
sample-8589.eml,472411,2026-08-06,b3b14e708f01c17c341d50cc727f2853d10e5671157b81aaa98c6aaa257ce4f7
sample-2939.eml,109443,2026-08-06,f6347060aeea327fb32c4ecc51ac5185524e6f76a2a13264511b96a1477e73ce
sample-2831.eml,20516,2026-08-06,ccb24d38220a0819f3b3859ab9b774f4d006f19b73694eeffae28566ceacfd45
sample-3414.eml,25475,2026-08-06,889753008b7537e8b5521472d553a0908010316f3f8ffc7b4219759ea808c102
sample-7825.eml,19649,2026-08-06,08e43b9cc2376c1021a88cf7340090e8d5b84bbf9abe287afceca7c5ad851ed2
sample-6098.eml,26473,2026-08-06,248afef96612efe77dd88ff11dd1a63a3e7873b4f1d3cde79549e97c4e2f8945
sample-313.eml,27994,2026-08-06,7c392f91ae45ce118c90c90b8f7e7465984c8b3f778fd6cc39daa3e5cd7c4110
sample-6256.eml,32374,2026-08-06,99ec74a41a852fbf177ac0810eb498e82e57a47e9566795ce52863e7c19667e6
sample-2007.eml,20863,2026-08-06,8f1061ef5b6749289f6f7aba7471290b88d2fc4bce209c58c1057efefa83af13
sample-599.eml,138621,2026-08-06,739bcda93fdb9afed9a0a543de71e82cb9d3243f6d25aa3d1be78ab38ba4204d
sample-5889.eml,13881,2026-08-06,510f6eec925294fc2323a973f03d6d0771d777bd8f891ca28cb827f23ba6f04d
sample-2328.eml,52316,2026-08-06,a5ad2fc3655dea3440184422f8079ec7bee325f38aa84c2b1a93e162b8027bf9
sample-1332.eml,18094,2026-08-06,d35547e1b260d90621b7556ab841d7a0e95cbf30a840683996f3607be8da5ed5
sample-3121.eml,22289,2026-08-06,327f374bafe2cfa810ef8bb2cec96bcb188e31151dcc2d693bd0eeec51ad5d22
sample-2028.eml,105488,2026-08-06,d93dbdd127a1311d10770a798d94b6eb338fa771b4f2adde150202f80980208f
sample-742.eml,20192,2026-08-06,38000aab9e575b13a2fd0822c259070faeea5237f1ca929849e73cf899bfc183
sample-8500.eml,19134,2026-08-06,af7f6f6738a8c622eeb507548ee0676a51eee85b90689af3f3ddf160ce7466e2
sample-3372.eml,18355,2026-08-06,a67eb6b8a5404862ec409dfe99df8931f4c7468db22eaa1851183dd0588213eb
sample-5776.eml,14623,2026-08-06,6625244558f447efcd6b1a1fbaaf9e3b92dceb2cab4939656064d91e335d777d
sample-5965.eml,13462,2026-08-06,7c5d92aca94941d5aaffeab97074036fb43437454dfe74453a2e36aeb6b255de
sample-4581.eml,17891,2026-08-06,932d3e71aa805ab53cf2f54f47be6481e4a87dc9e1eee9223e88d573c408d640
sample-6014.eml,13594,2026-08-06,812de6a2cea8092e453a72829f2ab30c156b4be77bac5208c0633762b4aa826c
sample-1959.eml,19187,2026-08-06,5538f44ca6dde5c7a92931f389e9d181df963a4ad40a06740d62eb2e327b779f
sample-1775.eml,29270,2026-08-06,62913a67e25d5579799482e531a841eeef725395d402762966dfa1af300183f3
sample-6942.eml,33071,2026-08-06,886d982a27fb1cd0ecb6d7da2ddb6881c8d9f53e3301851c6b2d12448d1ba494
sample-7117.eml,21857,2026-08-06,7bc5a04d31589f5e96dc2f47041869d096981b9098e69a3e8832de2a956fd509
sample-1762.eml,112813,2026-08-06,b3c7726284af1a80a843c3e372f89aed3135153956f1646146b3ba6718e293f0
sample-5456.eml,16196,2026-08-06,85b6917efa34eec9313bfc89968e775c23ccfb5c861b3cdae55d237d2381da59
sample-7515.eml,15693,2026-08-06,44b752d3a7a98c900703b445576e709d98cca171cf2892e7ceb1e6d567a057a2
sample-7344.eml,15748,2026-08-06,fd13e281397894e172b2d85ae46a3c3bafdfd3dd15a8f184a0b8775761c8763d
sample-5547.eml,15308,2026-08-06,268d81bc7c4bd0fb37814b722409ec1d667c22f74a51522f8c9eb4f953bf937b
sample-7900.eml,23886,2026-08-06,cf6702cf04bea2ad6d869095620bd9a58d5fe32b5275f3c65d60b0ee57eabe0c
sample-6583.eml,17748,2026-08-06,0918d9aa62bc46607482453748d142b21b84d9878e7f54d4647f8337eaf8ee4e
sample-2528.eml,18621,2026-08-06,3cdb90e327cfb35d38ee4a2cc7fd19e54e6fe27d53484e9149352d4a7decc696
sample-825.eml,25811,2026-08-06,9b4bfd6aa0b2a644ffaaddfee6d616f23d7c1a884a00befed78eb5af23d3aa26
sample-1900.eml,9346,2026-08-06,ed3daa866ab5f0057907a9fb695ddcd68c46712158838d1c1efb0dc82eeef577
sample-4273.eml,25174,2026-08-06,92d87ae71b9b68cc773f5ec86a2827444b4a2bb02dff39c6542214d1028a0273
sample-7776.eml,21072,2026-08-06,7e5a7dac34bdb54a84ebe8707598dfbb6b816a2461ff4ecc7b45621dd79a9e72
sample-8009.eml,22859,2026-08-06,a3bd5053c17ed4e7aeaaf2a3bf425fc72acbe748ec5e7792e3c187f9ac7ec11d
sample-334.eml,44235,2026-08-06,19acf74fa03877bf94e4a3c5129b4c0b17894f6bafdd49eeb9442ed5ebd6fef5
sample-1753.eml,46629,2026-08-06,e5523712b47616fe79636801fa896c7b3e0eb45ec4f9646e275e29f5886da64e
sample-5193.eml,18128,2026-08-06,0208b142d39bad968686a3c10f5efc317d18446616ac385f0af1ce9f8b342dc2
sample-8192.eml,466755,2026-08-06,8b5e7814ca83a66cc64057f0ad2b4b5f2785276dc9836c708e3f154244975dba
sample-835.eml,19319,2026-08-06,92edc2bc1822187472782e23ec8373f3b60987b34d98df4907b2ce877f136d97
sample-7701.eml,27678,2026-08-06,d61fbfbd8bcda5264e4b5a66a40c6a59116a5d95c45340225474c62e09c6df44
sample-4344.eml,13560,2026-08-06,821e0154cb54d09ae06dec8b4e534a0b55a59aa658645d6c1c901c278555761c
sample-3216.eml,18121,2026-08-06,1bbf8474762b3a676e587a30272fc2906e4d9a21b65e2643126a11768a27c359
sample-31.eml,33576,2026-08-06,32641ef61b7d58c7722904b3984af8d128fdb538fbf916b28ab24d6cc0d34e7d
sample-2630.eml,105212,2026-08-06,94f61e8c02516e47406890b1d2a0882d38c36bab211d43772b522a086fc0fcd9
sample-8563.eml,14061,2026-08-06,9c371d05e48625adad3e972a02f5abbb2003797c2464dbd26e4b5f27c2b0f537
sample-7382.eml,21207,2026-08-06,c46b464403ad672be8335133a449a789559cf8e88b3532def6821f7663f961f4
sample-808.eml,46712,2026-08-06,8bb27d162452d15d5488cd7695a6cf9bcf58b8276da38a75b256a78fc6438bd9
sample-3811.eml,28019,2026-08-06,ee7a07e906a697d80f61de21af8597e028c5d54e5b77129abfe743d51bfe155e
sample-88.eml,24644,2026-08-06,6eae86271cc7cbad1ceb64c4d09e3faac171780cd28ee839acb69049cf4e8ad2
sample-763.eml,12695,2026-08-06,c3cb31c15f8ef6beda03490bfe22d75c9f93c86feb298f5230775384bba40667
sample-8539.eml,16974,2026-08-06,5578cdd6dcce57d0954807f692070365046891785f734e93eafb3355dfa16d71
sample-5907.eml,19150,2026-08-06,960baa84a52237add807926c7e1819aec252529bd64cd4e3716c4c01727c55cf
sample-6670.eml,31538,2026-08-06,af9c956489a0e7f30ce3e97f4305be3c5de8d6f3c8cce39d1766a6476f15a076
sample-5360.eml,28662,2026-08-06,92e0a2faaf0fb249295681a72563d5689060ad8c2700707d6f916947b5ce60b1
sample-7665.eml,17533,2026-08-06,7037666fda453ff559d5ade50354fa1fa94cd0988bc1afdcdcb109831140138b
sample-6958.eml,18737,2026-08-06,ba931ce4176d2205875811f6534b3311c23dc9d7d613cda6ee663e59e15222a6
sample-3325.eml,22611,2026-08-06,a337c289cf6655b432e5291af4f576985b20cf239aa63c32e28783f0851f388f
sample-5884.eml,16345,2026-08-06,4a92cd50fdc1c3fdc5cf2c0f64c63e786cb738a989f3c36433b706bd642741ba
sample-4595.eml,77825,2026-08-06,2a4968ac9eac0bc4e64fdc177d599986e3a90d6dfc8c5929d216c21ba1f93407
sample-580.eml,19730,2026-08-06,6599a074738f0c337bb86429d151ac3fd10cc6c681e6f31cae07a67c12758e22
sample-623.eml,19759,2026-08-06,1a1723dc01ca180fcda94a2a14ed8f94be30620ff7314d5c0c63f8b4e21326f9
sample-3576.eml,86580,2026-08-06,5adf56809bb8f670cadfbfc2fbfea23f989f274347dc2de7ad96312588c255b3
sample-4917.eml,14117,2026-08-06,b2cbc1197b9fdb5a637b1cb4c314af1e2ac409ded78892801fc1c283ee70e94d
sample-3932.eml,27961,2026-08-06,eadb2f9572550411dfd6607a3e155dd7665f4174e6e7af84a4a236092f4047bd
sample-6972.eml,32505,2026-08-06,3423972382976517a4e4190421c2ef4e57691142c22d8669aba80fb380547d47
sample-144.eml,10603,2026-08-06,111ad6427a487b685b39728e76b6e1ce40fb4346a271b5765fb8d08b808930af
sample-8295.eml,19545,2026-08-06,89ae46b74188e6d68e0f87b34bbe69114e23ef0256764706d1c0a24a75d166d1
sample-7068.eml,20729,2026-08-06,681bc9d212d29ada37ed2bd60aadf03f2794941dc456789484d8875c6dc9d546
sample-8284.eml,473868,2026-08-06,7f5b6beec6d3863cb0c471bcc69602b9c40474c1839cc2fc798a3bb2e201bc45
sample-3486.eml,28513,2026-08-06,17249b0e2c6b7269007dbe31dffcb0ca8f3da955ef5dd5965f1efb25da44d923
sample-3230.eml,19001,2026-08-06,0b441062e7f852251fdb4389e3d82003640dba2ed5a2be933e90e69d4e8c9647
sample-2327.eml,15945,2026-08-06,313cb81b7011743a2f77ddcc5c9c2904f78c3440fb3e378779ad8ce559a4b6a2
sample-7824.eml,19828,2026-08-06,ad6061baaedb4320d74f0c5dc70bcb5aac7a2b12c09cb13d1bff20b6485aacd0
sample-4438.eml,15647,2026-08-06,5f3ec33cbe7a509c95ab79fc5388051f5230b8eb94a26bdc597b9a7ec11edbd4
sample-1191.eml,190022,2026-08-06,37cbbc2fa30b7b45ab181aec41ba859f0214aa3e782cbbe7c7bfd66cb804696e
sample-183.eml,120995,2026-08-06,bd0b3d2e9731e74421a91d5003e04c5e086b9fdee4f9bd63b35f7b6755130a25
sample-190.eml,117342,2026-08-06,56a20fbc1a66480b157c42a7156d3c0fca263a6266637d50e42360cb512fbbef
sample-7578.eml,11112,2026-08-06,de6fe2109b9c53bed464bc9ac7d668005ac5a0a2c567c4359a7daf5f74e54342
sample-7155.eml,19516,2026-08-06,2ee74c1cc09be14933a840c6287795f15be2be06e493f4916dec13eb27ede899
sample-2927.eml,41672,2026-08-06,bf6a84643f0def2808dc756d0ff9406e3970fabb58ae85120c00cd57998b10ac
sample-4277.eml,35754,2026-08-06,b98f90d02998e82c2199d7049efc0e869dd936d84d5b7253a46e496204e07255
sample-5442.eml,35486,2026-08-06,4f0419b7e3b5ca4bf75a0cd224dd40d9e317bfc4a060c0ccbfd8b470e529c355
sample-8229.eml,473329,2026-08-06,bbabfd826747e944206502465526bab74c993d600b102b65c42d704e219b8966
sample-1590.eml,25021,2026-08-06,aa7eea00fa72ced2af5655766ce9a6aca17844a57ead3a9a6721415e587bc7dc
sample-6546.eml,19831,2026-08-06,323adc668d706312d617b2c6a519eaff946aeeff7e69dd5a62512a7980badab4
sample-4545.eml,16364,2026-08-06,82415bb75a1c4fd4ca5b1acb0aae1422f6a0a0a82603867556b9916a89d9f564
sample-638.eml,19837,2026-08-06,b5e32416ca561686b7a582aeedcdf78cddff9f130acb8aabfc67e3aa321e3238
sample-1904.eml,49936,2026-08-06,d25fef5628a39f1b6169d1dd8677275a4c175ae8e96e4a6fc736cb6981fd20ad
sample-3419.eml,30399,2026-08-06,427981e04dd07dfcb285ce05688f98c3bfacef6129c897c6fbdb399c682e6d55
sample-2238.eml,12236,2026-08-06,da4b3a1a3e142b8daf85b2b9cf49446e280ca34d888b576b401709fc00d7c754
sample-1302.eml,12270,2026-08-06,953d8bd075e1e43d218d937db22a2d2dcedadcdb5c2214533c9a776cc95cae1e
sample-1560.eml,43729,2026-08-06,f2acb9948bb3676a3716c319a51570bcb101b3efe563457417b52c18eabad214
sample-517.eml,24907,2026-08-06,d66db7c4455ce9d64795870f4341b4303f23cfb6cf4d29e0661ea15ae88b34f2
sample-4114.eml,18688,2026-08-06,74308dd39f081fe197014597e12448a78a20839ffa4f637ca39db33e477ad786
sample-2684.eml,26539,2026-08-06,282bf43b9bf56f6cfeb7ad0c21385205976bce158a4d455230605160ee2893d6
sample-7810.eml,22052,2026-08-06,76579b1d00adef6fe03b3b8cacf513cb3e0dc3f2110bee9625423a1026d813b8
sample-6882.eml,31321,2026-08-06,80f608276f194cd9a173b8dc524af2fd2df957773e52d654739fcb69285a1852
sample-8338.eml,465065,2026-08-06,4c4dc2bd767a8affa94c2e8a1bb8caa09a9a04e9c3f943bc5e3b9a0a7c5f86ff
sample-5919.eml,31112,2026-08-06,200e76949ec907ceaabac02a58c1103de5e222d8989983d1b77d2c3db917577f
sample-3581.eml,29786,2026-08-06,7310206b929c2c764f7f78dd65e3437b835028cc70cfb9e4b988d0c1ed23d45c
sample-6948.eml,26854,2026-08-06,56e85b4ce7892339a435b8d0e45f97441e545ba1c14888e1254312844e4050ab
sample-3892.eml,27814,2026-08-06,d17e80946952a5ee6eac304108a3dac09fcb0beb308c6e6e4edb3c701ad2ff07
sample-325.eml,9258,2026-08-06,fa514397d98f03e8cd35795c9980708683cd734d9b1609cb58f025a4dfaab7a3
sample-6512.eml,16577,2026-08-06,b3e9a904850a05705737757f0e1b4ac8edd510a1737527c4a6639cff52eefa37
sample-2454.eml,34098,2026-08-06,7c997f02b6c9b40e872b23a384fc60960480a9846981f31282e036163439bec0
sample-5113.eml,36463,2026-08-06,54f3c2fd02976cb049c867c09d334a287d3f9719c47faa9e3125c40d53bf21f4
sample-618.eml,20233,2026-08-06,c29d4c1a95dd730b84b5d3e01665127003e1b7457c9bc14eb29ee49cf1b27cf3
sample-1322.eml,25266,2026-08-06,e700a4f61edf124a81d14ac6feb284ee100a773ad64aa9d36722e42728dac86a
sample-462.eml,31491,2026-08-06,ee41771e03d539e562078e21556f9d99dc161968de98cde202a4eaf65e58eb1a
sample-4721.eml,19756,2026-08-06,c14bc906a134652cfcd8a4fe8255dddd88fcf153eec751193baa80d7cdff3388
sample-1840.eml,15605,2026-08-06,d54cdb5fb33d6f857bd57554421e21552510308e72c11da2aac55909b0495ce0
sample-5921.eml,24868,2026-08-06,6df38a2be6f168df764c1d3e7b10f4a5d4d6bda8811cad35f07c5780f62bbb1a
sample-5690.eml,14948,2026-08-06,76f61b91dca6f908a7e92dd6fc5473687d82a28e3a5b3b7bfd435c2283810c1d
sample-7066.eml,16104,2026-08-06,2aa75023efe9c7a3e774e55e2ccb371e4658c5a79e61e568f6f0295e419f2889
sample-8185.eml,17144,2026-08-06,a1087d66cd1759009e51b7a7c413c7092205c849a1f849f04726e9f7d01db04c
sample-3720.eml,27543,2026-08-06,347bd39a8da4fa0928fa3b77d3fa44c3676aa5cd6c462f8e3c50fbb8fb043a8e
sample-181.eml,113349,2026-08-06,87978844574bc1ad3a25bbd0df5e512caa94408d555563dd0682cc03ef7819aa
sample-5559.eml,13296,2026-08-06,a11d26e4dc6dfe95897063e1751651a532e3263a487e8d621ca5c310b348212c
sample-6215.eml,28026,2026-08-06,063516562e36a8d52a1a977fa56bd37f0187a8376ab9bf2f48209419462606b9
sample-3940.eml,23280,2026-08-06,27d6327e1052c304c3317dd4efe1eeb99bc90d26c7e66d6b445650ffffa1b15e
sample-880.eml,25165,2026-08-06,678d71c7a89a6b88b1f410b1f5b4b0cdc6008ec5134d70a3e1e2ceb4d955685b
sample-8024.eml,20509,2026-08-06,af2cb87ced2fc159259c7178aa5de2f78d993b14b41a894572d84ae19c699f60
sample-2281.eml,107454,2026-08-06,70a374b0b4a491d1b31e68e8a7dfa594d2baa8dc39a352ba287890c6268be2c6
sample-3507.eml,23676,2026-08-06,b80e26284973670a7776ac1935d9e62b72926cb77adbac08aed08de6397d7d61
sample-5999.eml,18587,2026-08-06,fd81c54f7675ace24bc627d52f1e931b8d715d0131b1860361b46f0b09bd835b
sample-3254.eml,39822,2026-08-06,e925034f0c08873f8215a8b9d2f4e04f2ddfeb28447b54189b0f0442e224d92e
sample-5569.eml,30407,2026-08-06,0e2f3ad766b6d052c1183a97504d9374cc6e35d9653e7c6ac62d8a324c72ef0f
sample-1827.eml,21740,2026-08-06,f909363966a60b8ac9af2911cdfaae68a6b64481e361405b63fb4f2916be1a0f
sample-6514.eml,75199,2026-08-06,b3b25c4c6917339d6c2d34e31f9dee7e7ab3ed58c92c021183a56f8d6ebc3cd7
sample-4330.eml,95639,2026-08-06,d6af68c404566f531d42d33fc77c8d6d9b76e0fe786216af00cdba5aac2b66f3
sample-4259.eml,14527,2026-08-06,d9520991bac52354296aea3782f273cc32a352afedacacb2d3e3effbb44afa3d
sample-3395.eml,18556,2026-08-06,0f4cbcf4ac25bfe0f52f9edf9cebb7ebf464e5c5a7045751529ad93eddc817a5
sample-2024.eml,47,2026-08-06,75b3b02b738aa41769624159531f856ebf5f972417b8d868ae26e4af8a25603f
sample-7505.eml,21311,2026-08-06,eeb1bfdf031f818b0faf003639a6a3e979e842972724e9ec2e72f512d0c04293
sample-7441.eml,23971,2026-08-06,674890b47a4e3e6fc60b923d967a1dc62ce72b587b9839ad498bbf29b249a94e
sample-7227.eml,22934,2026-08-06,123cbad88bfea7b38d29f7e7f0869fe24eb8b33ab9290f023c5b1085b91ae34a
sample-2954.eml,15192,2026-08-06,0006ce68735aa9e82561400484cf030f33f26768941eb577f205d5f31a338200
sample-1035.eml,19894,2026-08-06,237d617e8eabcb2f0bb092dd8fbcad8f25b3be4e40f04e7223105112b207c5be
sample-5620.eml,17571,2026-08-06,1456b77480dfa2645cef6fa679bf05b365d660fe30013b431fea12c2ed5632d4
sample-2102.eml,17312,2026-08-06,42ac83121b34aff9f5f070f3473b65fe97e45913be4b377c252c18c18d2c7c85
sample-1626.eml,19066,2026-08-06,f3f9f07620757f1d68ae5ba1402165c31465244331708ffbec73db807c7c3d80
sample-1186.eml,5086,2026-08-06,a064e9b983419c39bb8bbcc63f31170d3d3b89c7bfa5d6b6e6bfaf94f2f80df0
sample-2276.eml,20418,2026-08-06,e04356a8e5f29621e64b8255e4d47735c2afea8833154f0bdaf3915b88f5091d
sample-3670.eml,12654,2026-08-06,2031c151ecb3d8605241d6b21290a674bba098ff2365581144be8b6acf1a9ad1
sample-4421.eml,67677,2026-08-06,35313e55ac587f2ad502bcbae49635ab04af3ddd059e811652d79dd7120805b4
sample-2931.eml,19785,2026-08-06,4ea67102b63ebc89a59a031db9911b02cb08ec61d639f39dfd4bd194817af557
sample-7690.eml,20775,2026-08-06,a1d4538d51198ecba69288451e0510cfb41d27808957da73c366ca3810e063f5
sample-3797.eml,26725,2026-08-06,def5dc21bd7deacc56fbe82ae47f9266b48c06feb7c74ccfcf414b4008b63363
sample-6697.eml,27304,2026-08-06,2a8779e7105d6c5c96a36785c01c3885273db218075a5b73163f9761ca081e73
sample-7878.eml,13925,2026-08-06,b610e16db505e339ab03a7f0c0a9ccd8e617762395821e6e9f06df1e8ef29d21
sample-3393.eml,26099,2026-08-06,ac596e7b1cdf9a5dfd89a6b4be5e2daa0bdc418120bdee29ab85ceaa885ed69c
sample-8367.eml,474271,2026-08-06,2a6323720ef17437971353942435062bf1eb1100d83e6707745270c5e264d106
sample-3013.eml,20145,2026-08-06,dd24f7f9ed958265a3c15e5c1e54eac0aa954c998bf28d1eeb4b634eac538cc8
sample-8337.eml,474326,2026-08-06,4b361175ea4199fec64adf951480346112481b34dfed4f34df3b1e4f7ad4c1e4
sample-4896.eml,35612,2026-08-06,4c679df8cf1f4eaa330193f1458dd7ade8618cb5b7577772cf05de6f7f048edb
sample-2513.eml,11000,2026-08-06,f0b34d1e3668cccdce1e0faaca39047970153013c4649b4397c83442c14b49a5
sample-885.eml,18720,2026-08-06,1ac234fc653e5657fbc4e5f5dfeb1e9b4c8f420edef564c64628e7227ced9c1a
sample-605.eml,46320,2026-08-06,e3ef00a9f7e60e529b472c212a3c3a6f6de3ba930d64e8ea7f8747499bba615c
sample-1380.eml,41142,2026-08-06,b35384f37576dd080db445b34aa77949eccc120b5e553297c97630825c75661b
sample-1534.eml,15189,2026-08-06,d5600168936dd667ffb2701691a63a6aeedd2f8458e2a47ecf51f0b8581eb6aa
sample-2625.eml,26017,2026-08-06,a373ad8d1cf618f6862f401a0a57ab4d3f9127e82b8cc20926616333b754ae4f
sample-4977.eml,13135,2026-08-06,d9cff408813eb48e828a2b0d9e3bd5cb5c553f9f76719cd74c04284466f94268
sample-3313.eml,22505,2026-08-06,968fd9a496ea5670d56226130abcb3ba88b4af721d949b5a18d725ccbccbaffb
sample-1622.eml,17084,2026-08-06,8655615e1e0225771325d29a0d3e3771371e102257fbe43f4d722e15610c010d
sample-7103.eml,20585,2026-08-06,caddcf666335f0d448a6ffbde0634dab705a19977494fe2ee47e5def6aac23a6
sample-650.eml,86791,2026-08-06,9c1f12c2c62f4ab955afae078d799469c9dc00a2c8d616a62a0b6d65755ae6e8
sample-392.eml,14197,2026-08-06,b58ea6ffb4f34c7451b44da78fb1d2f72d56fbfb688dadf530e80e1aab7602f8
sample-5381.eml,20413,2026-08-06,4857bc5561cf377ddcc53537e52c9e77e05ed45aaa10d4344cbc554c1d92dc2e
sample-5926.eml,34726,2026-08-06,fe288b82130db3bfa217073195e2ad4f874421d829a4a83e8e1f6b0d1ad1e461
sample-3327.eml,28806,2026-08-06,e9b4d4e57e2ddfb186628ddf171833c24ce180c5321c0ef496e66550872b64c7
sample-8071.eml,21476,2026-08-06,1212cb9f3d02b498207b5457c029ba7346682e4efdd3504d32af3e085ba769ea
sample-1354.eml,19048,2026-08-06,0b4088a9eae1da18b584624bc98c0b4e7ba7c1b686ec5723f8c7f1535e7fd85b
sample-4045.eml,19441,2026-08-06,229bb4f053e3e05a7a9f4fba04a700c9b58007ea5f8aa9966f1b80b90033449d
sample-4725.eml,12018,2026-08-06,bf8e40a9dd484d9540a9ac5e4b98a2cb8dd1842f6421d0d1fe108fb09524b107
sample-5005.eml,19070,2026-08-06,291ad85f083a06a0fb356a2be083cc658219c362ae726ebd7487c131b29ffa48
sample-564.eml,20089,2026-08-06,ecbf0ec76dc209ee1e8c4c77d0e2fcfff61e0745f42cb1c9a0cc840c09571711
sample-8481.eml,470655,2026-08-06,b4ccac6363cd0dc49acd34ee2caada8b782b9f883ea9f3bf35eb7da9e77f2906
sample-2952.eml,19778,2026-08-06,7bbb81fe6a9beafe912ad90491d80e04b42487d4b12ea092e4686602d660ccb9
sample-6758.eml,18812,2026-08-06,b20b3728dc86f5dd92ea82bf1cb84fe95e29239e64b71af68bc483f2d3a2ef53
sample-5526.eml,18608,2026-08-06,5df93c51c71f0a3b117162d23288c59fefd18116b468cacf051857cb20850bfa
sample-6366.eml,9020,2026-08-06,106392785e8ee331e4ccd493e803df33b53e5a1fc18d36c663dba3a8be0bd334
sample-6793.eml,20474,2026-08-06,00087341af024a2f3f37d23a6e07d3953342dcf790f0016f28352be0dc123835
sample-7865.eml,37160,2026-08-06,e69f2eda64dfd5aa36e154e94377e1980f8275ef9d34fdac58f41631e1b4501b
sample-7293.eml,18695,2026-08-06,16b04cdb293ec10949d4846547c6bc9016a80417f187f154d3f52503a480b081
sample-476.eml,16962,2026-08-06,4f04cf1e78fba8c1e1f2289310ebb9fb3666303fe2769ceb1961d1cb159689af
sample-8349.eml,474043,2026-08-06,57eecd6bdee1943c510b0c7a9acc26f28a25db317630266f7941612fb452c71c
sample-1746.eml,46802,2026-08-06,59a95388a6dc22a1d95a12a2fde26057289e57842b4114316ad69c4fdb871423
sample-7083.eml,12042,2026-08-06,ff278def426fd9b5e7ca87761b8ded4cc9c181a6ff0308443f04f2232986a85e
sample-3683.eml,27572,2026-08-06,dfdb5ccfc5a2532a502a03b02e294df7bf0eb1f517b24c6beca991036dd5dd92
sample-3113.eml,55659,2026-08-06,d961cc3cf906575cbeaa045a943fa52bbe27407a01991df6968ab298de6042d0
sample-5561.eml,16550,2026-08-06,5d8d222ad097fe78a25a1765eee3d30e8fd0f6fad4631575d2792cc3e1ba930c
sample-1472.eml,17676,2026-08-06,0fd63c7d728b9b1b8ca20d88d3d2ba7b79e699c8d8931ea966d969115ebc5cf9
sample-6666.eml,17755,2026-08-06,3c5f83263b7ddafa5199230ba7c7de1f14564eab7ec2c7bf437ce8da604c7de8
sample-998.eml,14292,2026-08-06,24633c095a43a436102b601b37dd552edb37e88355a5c92fa05154306c9b310e
sample-6034.eml,20865,2026-08-06,22fb35e533305fcb0ca9a6736086e71ef5e76bf4db47a3e2d041aaa598499f7d
sample-4198.eml,15319,2026-08-06,18daabf5129bab3ef967efdf187e4db1306b515d33ee64ebe0e75cfe6c0b1651
sample-8292.eml,17150,2026-08-06,c01f9f2b588f1e6bdab204798e15a4b2f951f54766f317b7199517d986374a62
sample-1897.eml,10502,2026-08-06,9b041397d2cd73264b71d67dae5c9503a1c4886809d51f50cdc18d5beecbbe05
sample-2331.eml,22140,2026-08-06,cc69f8399542ddf423d8d26e2bd667c67805cdf687891b60da66070572ef5fc1
sample-1817.eml,14966,2026-08-06,3859381bbc15c1dd01ed5b6dbd8c16f6236ccdc4e6e0c00aa4dd81ace213ce84
sample-7897.eml,26384,2026-08-06,a5384960447d43e9c05f07258bf900e5e2730edc4c80c08881ae4b7b50f899e6
sample-1162.eml,171526,2026-08-06,778a69cb5a8a56e31de62e57cff7866fbfa8f1dc118578f1e1fc203cba824ea5
sample-1564.eml,15589,2026-08-06,87648a4351dddad37edb29d607185930546cfa9beca656adf6c2c57c2aa07d9e
sample-8456.eml,21158,2026-08-06,dd6837f197e94808196137762116bc1ec87ca0149317acd3dc4845f08c0311c5
sample-8454.eml,23648,2026-08-06,9e39c1d4b7d73c7a90c2000afbc6bd9e42e825aa11b5928b79aace0eac895bbb
sample-6185.eml,19212,2026-08-06,157df2f0a6b48023aa94cedd82df5e966641cdea6b563bbc8c70bd5751676f8c
sample-5140.eml,19014,2026-08-06,70cc70fc7ac7f456766485c2dfe612427c26c1d35dff29033ff5effcc4f8bafe
sample-1146.eml,24796,2026-08-06,c659939d338c7b373dac05cbe2dcebcb0ef58e57ff984bebb1512f462a3c8d25
sample-8168.eml,19679,2026-08-06,59c107cf27ecaf0a18e623ae3dd8a9192bcd96baa4d15968e5bc8d096b745010
sample-8049.eml,20270,2026-08-06,65055a2e3fd90ef4c6d8ae8aebd910b46bb533a63605ae5660bc9aef6257d1c8
sample-4393.eml,17671,2026-08-06,dc0651bdf3143c3661a8e206edbd98f9c47f3bb94e6f9b199f5ce6c4f93f841f
sample-2272.eml,21378,2026-08-06,5d44b1fc598cce45d844c8efad81f8358437b1a3902ed4c518608b36dc9defb8
sample-3037.eml,18893,2026-08-06,d334d73dea27a24ddf8150d68151941467d9f18fb9585b6bef2101b0f857cd2d
sample-6527.eml,32175,2026-08-06,21dc2b300c6c355af906372099dc3822a5c144790c5e134f36aa8b5cd120fe45
sample-4707.eml,54479,2026-08-06,e85527275e7521a17e2d1ee06814e1aadb513d8fe282147adc1d2e4c169d71af
sample-5725.eml,18580,2026-08-06,c6c9c1678870e5a21064da3a6c6353d9cd5fcf1b994190ee77eb136a224ebc67
sample-6928.eml,14413,2026-08-06,18421909edbcd4fe03704b8f35d9ad0ea3b04643349d7df3b001854c7f6d3cef
sample-5991.eml,18781,2026-08-06,8092acc826b7e63ad60cf20f50e7b3887f3802e3797d2569e27cdd03c693fe64
sample-101.eml,25036,2026-08-06,fda8ce76245329103b5da3c319d2a20ffa53cf54c17e7e2e1acb678ddc215adc
sample-1006.eml,9079,2026-08-06,758430264f14ab630ec4ca9c233e96a97056650ef5be31cc486f1d6d68e82574
sample-3317.eml,17786,2026-08-06,422e440bd692b9a242fc9ecdb3e57f3151a975f7207945092addc7985f599d9e
sample-3841.eml,16016,2026-08-06,0084726d6bb1b744ea4c0129d0386a23d8ac2594bbc8a87f8a8ed252055f89b5
sample-1139.eml,15467,2026-08-06,1c5ae2e8d65f0a2fe89ae894fdc1a911b77b1a77eb8d99f5881adac8ce8a599d
sample-1760.eml,17938,2026-08-06,7f83737b7c283e685b42169232b179d809592716a0a14ecaac24a819918bfab8
sample-4397.eml,13479,2026-08-06,5eaebad89194f0fe424ee650ecaaa0aca686118e347a2e65f69a327a5a8f6de0
sample-4461.eml,14276,2026-08-06,1a7a3107adab8e98f394231e1ad19bea7f64a236aaacea7c523a7fb445f62b74
sample-5361.eml,15028,2026-08-06,60c9c141d2ed615633c4893e5fd6c8b93849cb7b3af3b844e607ff1a5a678ada
sample-3899.eml,456162,2026-08-06,841bc47c170b0f929774e124e3ad320cf336b1d680ef20a2c022b05e4aeacc60
sample-6063.eml,23537,2026-08-06,5d388423d673634354a6608efc9056738ca688bbe9f875bbb95f1f510e30478f
sample-1435.eml,18762,2026-08-06,c2c5534e4e751bd4598f89af64272ce477a57105ef316234c7ed34becc046e46
sample-2860.eml,19781,2026-08-06,6c49782ece65a7cd275252d309a9408533e5e430a1604d82ff72ebb55cd4b241
sample-7829.eml,26615,2026-08-06,2352170714c59ad597abed35c260c06945009b6dd2fa2d840dd70089b6776b35
sample-1120.eml,15140,2026-08-06,081e9095e44314ea8f1bfcc22e73102100755ca073f839070be84fd668af28e7
sample-6059.eml,19085,2026-08-06,d883f8d34fa0782eb12748b60f84088af7a036e10e68f6087bda7311b1cceef9
sample-8255.eml,469008,2026-08-06,7598ee50a581d024caf2220f5192a448523fb6fb180906faa8b7062242c11b75
sample-1673.eml,20353,2026-08-06,060bbf19cc81d4c0721217dd2a7376f4c0bc0bebb6c530d44b04309b0a4bb9eb
sample-4990.eml,15007,2026-08-06,b7159204e9a2adfeef30f3e8946f3691381d15ad9553365bb2dddd1a7508347b
sample-5136.eml,12971,2026-08-06,59e824306a434037ab5fde1f005165c0241c81d86d990ba3dc35cee30feb5459
sample-5607.eml,38313,2026-08-06,0cd124aa9ae9cff631cb5d935903d8df321d3259bfe9bdcebadd1b94c3d0831b
sample-4914.eml,15223,2026-08-06,60bd2f1f6752da01f596b665427fdab34e275d4eaa4f4c94d643764673bb2d75
sample-4283.eml,22660,2026-08-06,1306509cf52574af0f7b9eaebe7504e3b573f6841d3820c4d75301a4c8ebf874
sample-5487.eml,14463,2026-08-06,4163892c080142d4e1d206d707e3a190149f7611a09e354267a20313ba739793
sample-6520.eml,14867,2026-08-06,c54cb90a6d54cd9d2683bf4eab563b0e329689de58380e19abad75e4e9204204
sample-7216.eml,20482,2026-08-06,6eba70117355d14b22c56f6712ab46c321de29470aa98bc1031ca1e79bf14f67
sample-7368.eml,51070,2026-08-06,4cfb9f9701cdc4b91302fd793eaa109bcb4951cc228df7281c3fd0e674d3779f
sample-7668.eml,24965,2026-08-06,ec0159e933dfd2d3ed3e447119f62daa91d216028b6ee1d84a8f8ccb5b1985ac
sample-7350.eml,12809,2026-08-06,2fca436c78c9c4215fd5841882fdd94d9d053710673237ac9327c04d81d814e3
sample-3652.eml,26719,2026-08-06,1a1acd181e4af721157d917ac92cd0f58a74e28f41f72f0be7f1b6e58f5852ed
sample-3124.eml,20656,2026-08-06,6ace2508307a117a15cff9338cfd9035c24e9f4d2369180d6ce8176935f98a5a
sample-7393.eml,20323,2026-08-06,143e1c5bcc824772c535deb0e810434d853f6272cf000c5c060f059cf7cb1d21
sample-1642.eml,17107,2026-08-06,2696f6f023989372d16bf0086ebf745c7d6e4a88dabcc8b20398631852725bb8
sample-5589.eml,81556,2026-08-06,72fbcc568a1311ce26a66f423d4b6eacebe51e14e33017c96ffcd0bddbe619bc
sample-1078.eml,15488,2026-08-06,9ac88a1db960f056753c3c35511b375a5dea48ee9835c96c6ed209ffab7cc383
sample-5335.eml,62967,2026-08-06,0d487041bacaf64216569f7024595ef4498623472c85d4f429472e1b0a8b9ec9
sample-425.eml,19400,2026-08-06,31366bf7f74e377dbbe8d7ff34e940809dded8764c50c33aec7ad2d8d82c683d
sample-6744.eml,25558,2026-08-06,bb094300b62efa5d13ea0c342a7bede9ce3a22fe7c81cbccc8774af169a41b19
sample-396.eml,793,2026-08-06,be8b3409919f567106ae8b2d0f2c7e50ffb6f5419016f5517054ca3968f772df
sample-5458.eml,38963,2026-08-06,2fd0909e7918af6ed890512186b30b3eec3e33f86681e088e7d54892236eccb9
sample-2549.eml,105039,2026-08-06,e61d44c181b5c47aefa1b4be0ba9df33e9867b467e1a81b3ac6420ae55b5bb43
sample-3280.eml,10606,2026-08-06,437da170b2919e644b1fe2f4710fb7424c8fbe968be1bb5955f237cba7e73a7a
sample-6030.eml,312695,2026-08-06,ae2e7d9dc3f3778fb1cf9251ae445a480ce1adfbdc9ccd9eeff11232780e9c22
sample-4413.eml,27395,2026-08-06,9dc6a1d6512e433e3b0ca5f3bc63640fd29c023aa3ede61f16617c40e5779cf3
sample-4970.eml,29778,2026-08-06,c1cca1d2579ee5ea153381f0cdac1b567d6f37f8a5b5a1cb9b28c78e5bbd7395
sample-6628.eml,20586,2026-08-06,4cd3d3b578c5ba29b86b581a1686c0ebe886882d01942cc89872ffff21e4eb69
sample-1561.eml,45289,2026-08-06,7e6f531557b39feec1e0a39e7922faafa071cf0fbc84ba73cc95b2be34d2596b
sample-5397.eml,22269,2026-08-06,6ed11babb44c0fddab96f7d1197d000fd496c9f1eeea52ca42c05df264ed3853
sample-2552.eml,25228,2026-08-06,3a32ab5a9529570a96cf23872af1acec9ab935ed82aee5a52b01d017366507c0
sample-306.eml,26219,2026-08-06,dc9d354bb01c67db5b3e2214e65ee3e325d66d46bc4b5b911298af7a957f5843
sample-6031.eml,12276,2026-08-06,291019be10c8c54852fc04d7c1edabe07a479a4c606b1cdae6278868b3644154
sample-1924.eml,146100,2026-08-06,d1053bfb1b8ac256f7c6c7c6be06c277623401804e11dddf6d186263e843e7b8
sample-5453.eml,14088,2026-08-06,a5517ae378ff7125718fb6dca6e8254aec05b9034b050cffade7c95f4e591440
sample-942.eml,34728,2026-08-06,bfc12a099c0c1d02d5bd6c1b08a4dc1f766f56663c717afa22fa7f61c1ce9a75
sample-7444.eml,20429,2026-08-06,6545941eed017ac3d9f16d25be97832382a17becbc568b4f911ea49986b9e6fc
sample-3201.eml,51600,2026-08-06,fa47e1e34e43fc0d6fdbdabd45de1377b5e59f99adeb1e7ab98a10ed850f38fd
sample-5295.eml,27481,2026-08-06,bb825ecdf33a163dd11526f08c93ea8e261c814f5b56c16ea3fa58b6f5a61497
sample-1766.eml,46405,2026-08-06,c385cf91deb710e778cb86b6f3b871539325488898a30e0ea4cefb0a8115e389
sample-5472.eml,23698,2026-08-06,87ed230bae5f165f6db15738b586b3278c6dffb93b8efa62905f312799a996b6
sample-2435.eml,57477,2026-08-06,914eb3f50ef24d1794ff2f98f6c7b1a804c18bf4dcfa636ff4c396b4703683f1
sample-2420.eml,11026,2026-08-06,43729bfd509fe5a5a7f75cfec2125f9617ace7398c61c97de8e2c5eba0a6c3a7
sample-253.eml,18616,2026-08-06,1ad93508c2330abc913d29685995695b8c51e9165f77732372c564d62ac1d4d3
sample-1272.eml,9255,2026-08-06,cc5336f4b57b5142701920555ee319d9797923e8060bbe2787d4dfdeabc89afa
sample-4617.eml,26252,2026-08-06,cf134cec616ced28fc01a02865e78dcac0ad14484addc8336325d9782d8ce935
sample-7976.eml,13650,2026-08-06,72b8903e3b557a11a35590baa8f9560b2cb618e2cc2c6ecd28acf70999f4e310
sample-424.eml,17057,2026-08-06,1b1c21c7b08ef356f7b3249de25a140c4c923469dd9114ba0fadcefd568c6030
sample-5713.eml,35622,2026-08-06,16cf56f1a5b50249d25b8f69e9afd2288b733e7533c71c35e980ef00f191bec7
sample-2979.eml,16869,2026-08-06,4af836547fd1a77e02d0e4f32bcafc6324ecd2759f099f5d5c2535a32679c983
sample-3629.eml,40016,2026-08-06,e21b7302a42abc31d8bec448904c7e7fc2f8927783975ad70b6c89617cd75238
sample-5434.eml,18189,2026-08-06,2ad3d8baf0d8d10ae69a40133e477685c030e7d4094b341f4ace5634a25eebdb
sample-7242.eml,17886,2026-08-06,d375a656782ff34ce1368f350cf8a6e53bd521e22634bb59c35a976a055f12e0
sample-3960.eml,40233,2026-08-06,f4da54c5242a1e7f3239748c623c4065d7f44713f503697116d8b0294c82eaa8
sample-1693.eml,18376,2026-08-06,9bce76aa7c44caadc11c845c83c2bdccba189d2ed8491dbf6704dbfb70b840e6
sample-2635.eml,105210,2026-08-06,7c66ec60fa9055e3126e17320f7cfc83301506648e15dae05eee5b933daa65dc
sample-1660.eml,19032,2026-08-06,4e575ea14f8ffee7145a96aef77605c2e3841e59fd992f973c2860cd2ef38fdb
sample-2690.eml,36487,2026-08-06,057f5ef7cdb7504fcf9261e09abfc529624b771bec0b5ea06fae542e87b6ee76
sample-6008.eml,14654,2026-08-06,2e2d8b1559878ba909104d44e010aa265a8e70ec7de12754b05c7a117ba04aa3
sample-496.eml,19213,2026-08-06,394f421e3e1c18d281425b81e451ab50060e64ef5a0686ab50fb520b4f7954dd
sample-4041.eml,15961,2026-08-06,1265880478db1eebadc00e8b9947b9b5b9d3a5e905a8bff96de428470eaa9ebe
sample-3135.eml,21705,2026-08-06,ddfb3afb9ef1c310c7b48d69947a72a5817b823775646c92dabc97201283d0f8
sample-5427.eml,29641,2026-08-06,89c0ab866cc7ce030832c12190da7b21e17505bc26953dcfbb6b0ba29f0b49f2
sample-7858.eml,22208,2026-08-06,6ae296b26b7a146b13c29e271df66d4e8bf205b0d682f67f1f0da13ca66d1987
sample-773.eml,34453,2026-08-06,7109ab0acf2f3d568274bcb10fe7fcb002c3bc6d3d03d4f6db5752cfebe665c0
sample-4105.eml,12641,2026-08-06,ceef7fe1d7a8fe8f3010603e459e21dc25f3f78ed697f466948e69e57b3f3658
sample-4444.eml,40356,2026-08-06,130786472c4f9762600fff815109919a1a579c635c646b54b6802e4dbd049afd
sample-8360.eml,469842,2026-08-06,8e83cf5231e56f3f3a453c19ab1b858b9ee57a8b733126ddc608690860e6d4cb
sample-1249.eml,68661,2026-08-06,a1b04fabbf6a40f2bffc20e446f94a05b4cfc3318cb5b6908d052ab9cd51ac90
sample-7876.eml,23620,2026-08-06,c924a0c72d81f8b2311db22b780476ff919bd036b174dbf8c19ca97546a96806
sample-7575.eml,20012,2026-08-06,e0e49c15f74fba72693005101fd68de00fd583074eebf833b7eee88079f22e82
sample-7187.eml,39832,2026-08-06,66a63735a8feeda7c5c51155cdf69c6c7fc1aa4a4f40ef53ea3ab2e1ce176fbd
sample-196.eml,46458,2026-08-06,65483e585930cb36798f426f5c7096b9f2398018d2ad65e466ecdcef31867501
sample-1239.eml,25957,2026-08-06,ad240f48b2ef1733412cee800334c05eb1650045605479798d88c1d48716bce9
sample-7236.eml,18967,2026-08-06,0341188f46497477ee7e1255d64375efa701bd29c923a18ad4ec0141e1bc80bc
sample-3445.eml,21683,2026-08-06,379dd390d62674b7c6b38dc09ab7bc198ec65525e5c63933a06e4aee84a1c72a
sample-831.eml,7361,2026-08-06,94cd71575e073d9af9e5fbcadd7db10bf11cf2e01e90cfde0844175dfe4d7891
sample-7516.eml,27793,2026-08-06,15a9fb82f22b82faddc759b916563d395049b3868de3c54800a7449e2465f7bc
sample-1430.eml,34944,2026-08-06,9e3518b93cd319ebeb48521d5322af5de982d96993b59709baf6409adab3014a
sample-7322.eml,16654,2026-08-06,376c0ea137230b21083c026977625d8cc2e1f2f388cd761f19331688d8e58008
sample-6848.eml,34968,2026-08-06,53941c61454fe4a72f7481c55e84de3d9c2ceeb1a0116a984dfd0a0b929cb217
sample-2579.eml,105172,2026-08-06,c999dfc6d7b579fcdea33287ebde2325a187638577c644b303ed6e1ecc3c7ad8
sample-7230.eml,18492,2026-08-06,56804585d031e6476457f31c4aabbc16268b4d8ad73772b2ec58a4ff7f782a06
sample-8000.eml,13754,2026-08-06,023c85f240d4e08780af17cdb826230b2176c4abe16b536927447ba13a8c0107
sample-7925.eml,19706,2026-08-06,015d9a3bd28f5673dd4bd8c322d9b844bd183f897fde17e933c0fd3c835bcd2c
sample-7470.eml,23020,2026-08-06,23999f04832e24e1393ee17a819f481b57927358858d92adb4854ef5a5b96693
sample-4383.eml,13686,2026-08-06,5759ad7f127afb754d94497f0cb22188064b624eda9d2f3ca13ea64dab9aeb08
sample-5406.eml,16970,2026-08-06,37564adcbb8c9c9b4a8b2259794ddf4e8341f5f42de30dcbd10c09b6353eae62
sample-2658.eml,34211,2026-08-06,b93a2d5132365ffd27d9d6c0809c9d8706eae355ee6348534c7d9f31986daeec
sample-493.eml,22290,2026-08-06,0462b97b0095e2965827625765c37e7f039ddc8abaf66316f92e6948e9b36230
sample-3771.eml,31881,2026-08-06,db4c29b2654a5025bdee053ce3ae39a87f0c4146f8a87d2a4c82339979500cac
sample-351.eml,145428,2026-08-06,a1a2ce80b05accc344d526a41ec37778d36bbeadfc7403a4dc42a0dba03d36c8
sample-7123.eml,25136,2026-08-06,4da8965f85e19489d3334c2bbf52d6250eb65f6a42a6178c6a80dd864b21df5d
sample-7748.eml,41385,2026-08-06,a7bab65d8256591e1323f745adbe12c1eeec17f0688235a239e6c02aaa51e921
sample-5811.eml,27444,2026-08-06,fce7f8f321f8495b41abadc1871278f8db231dfafbacb7fcdbe85dadf8afb897
sample-4241.eml,14074,2026-08-06,59e642d711a2c49ef15986486567f6f34b0aaafb3f8bfdb618d087a28aab105c
sample-5204.eml,22522,2026-08-06,75810dd3cb59184e00550d66e909918475f397edce6e313b3d073fa627d781a5
sample-2871.eml,12802,2026-08-06,863f614137799e9962c021eee544fe161e36959c8327cdb284aef97cd1af4ca7
sample-7947.eml,30547,2026-08-06,0bc9d7d3e110cef9bed619d5431d7faaf04177a7c93de9cf545d02f81a5b67b0
sample-8359.eml,473302,2026-08-06,e23786c91bdd85b2f44817a5bbb9d9733955c43506437008900e05235eab4002
sample-7702.eml,27000,2026-08-06,9ed762676d9cd240fd5249d9c3e5e30f39cb35f46c54655bc964734c265e032b
sample-5518.eml,15792,2026-08-06,2a00f76d2268fbf9d918df879af0449f8281cf9b88a176ecc80251a5ba18e803
sample-4603.eml,12147,2026-08-06,bd20278807b43e28a814ab7f39d23e40428aa3be84b716c232602f54f36163e3
sample-4137.eml,17924,2026-08-06,873df29617fa05df8db215297e5d5ce88e73dff1251902aa9643dbaf4a294564
sample-3988.eml,27449,2026-08-06,a89264932bbb23691a55d62432052003838bd30033250b03f73e82732a4e2bc1
sample-6631.eml,23888,2026-08-06,fd30ab5d54cb04a57c552125854096015163650fcd7fb406376189e7a266758b
sample-1207.eml,10426,2026-08-06,8ba3d1b43834b0abf666b1123030bad393c411b914a6f6c20c09502e682ad19a
sample-4248.eml,20227,2026-08-06,672c464b78891d4a6c43a9997d90688f848008214d2592dd0fcecb7d0420d38c
sample-7260.eml,20366,2026-08-06,f58acfd972a8d42a264eb09597e45404aed2fe90453db3a33aac24dde0ea4a61
sample-1893.eml,21094,2026-08-06,58ab29dfca731a7c02d9f98e728fcd2de72ff9cfe8b578432506603469feb16e
sample-2803.eml,8587,2026-08-06,df186ca6ff5ed25db5ca40a8af5027f6fc9eb9c6aeacf0899b3e0fe10084448b
sample-7542.eml,12412,2026-08-06,c3282e6593220d86cfb5571c569b9c024c62197f9140ba69e2862b51417f27a2
sample-4855.eml,15078,2026-08-06,0cb8f1dda987575c9f0c4b4d50da6247d26c07df85a1cff58fe8073e774524cd
sample-302.eml,13073,2026-08-06,2cb82a1b86a75c46ee3d269f9cf937b2efe510c019b2b621652d4697a9e6a7d8
sample-2205.eml,16597,2026-08-06,216519f98695bbdcb110beec3755370731d109f58eacc5b7e0a9ad93cfa99146
sample-521.eml,23800,2026-08-06,9abe6563e06cb46bfa0d2d0f908c919afd6e9f3a0e1faffb0a2321dbfd0263af
sample-3761.eml,27677,2026-08-06,148e386f0ac6679b2f4963232c201439034d97a48fa5f9b695579d549ef439c7
sample-5405.eml,16048,2026-08-06,1fb3d3d4e6dd83162b7db6c6d1b9528c9a6fb7206349776a56e55d121d03064b
sample-8297.eml,16959,2026-08-06,6b2d85b8ed7b3713261126d29fe10fbd5211087631707d7856612f09f6a11016
sample-4335.eml,25087,2026-08-06,bbc48dd5cf1ef7e0c425319bc668dd249dbbd857d0f5ed158827b575761ce443
sample-7880.eml,18026,2026-08-06,546515405d65d3293372a051b13d1f00316cdb36ce1dade8ca618884ceadce8c
sample-7961.eml,475013,2026-08-06,f278fd73f96dcf71df5b53a657d0458fa9c802ac18ee13c9c4a29dc5ce5ed470
sample-673.eml,21797,2026-08-06,38214db578126430a4191163ac53d13f44518ee064834810cadba2d52f814e17
sample-7208.eml,28648,2026-08-06,2ea5aa59bf2df8d4f7fe27e6d187e8473a38545fba8edbce420aa4afce776503
sample-6154.eml,22733,2026-08-06,03538a46b3e55d77fe3823f206eeda6810f3aeef52245f33d21fc78fb78b9263
sample-5947.eml,11690,2026-08-06,42a8a11107040846bb58f6bbe8d59027c157701cbff22994f4bd0482773764a9
sample-698.eml,10283,2026-08-06,a0bfccf5ef965d00e5d88d916787a7f0381f672cfca865e38f1d878c678fbd49
sample-7780.eml,41355,2026-08-06,8d06d64e3057eb7d6d15f19c49d3d60b8be63598688784216ccd0d8339d7aecb
sample-162.eml,13043,2026-08-06,ca848696e04476ae2e6ca9ecb7041abf653a7b1973119f9dacb1b72f1d659f20
sample-4312.eml,14343,2026-08-06,495ae92f5ffbe6f7772bd05fb6cb8a91e0b4e9bc96cc4f3611a3dc7bc09cad46
sample-3630.eml,13154,2026-08-06,0496ff11e02ae42368c5f15bf9a93fdf0c574a59f3707a51dec05a58307d2164
sample-6740.eml,21858,2026-08-06,b7c96be02980c05008aeb8c8f63cfe8dbf359c49261a2eabf063aa4c15990b02
sample-2088.eml,20823,2026-08-06,e42908ce554e8302f541c213d319679245285e768ee63a996a0e52891defedef
sample-8509.eml,16575,2026-08-06,9c5e1949f5e5bb6c945bb08c00c6ac5590c0d72edf05225abd556f3902b74135
sample-5658.eml,19280,2026-08-06,5dcfc50d3a25b1d608e6dcc08f69bc8fabb1af198c88aa0265ccb3906469e41f
sample-3535.eml,25066,2026-08-06,1fff87c1af9bfa4621ab525b21ed8c4772ad9978825f9d0b536d3f5e3f898ad3
sample-7652.eml,25510,2026-08-06,ec51082942a2c77c3b311bb5c29c0683999ad43c7ce53dda90a8f39e1686d7ff
sample-6705.eml,35646,2026-08-06,c89dcaebc435538d0f2cd277df5681619f5e539ba147a5835b1df4ef45c41464
sample-7094.eml,17171,2026-08-06,cfecf058937933440a00b75153df01dca394cc48bb1797531fbf2988c423265d
sample-4065.eml,51872,2026-08-06,637db3f6b8434bb465845fe150bea5279cb22d5d6a9644b2734adf485c88a444
sample-6481.eml,20099,2026-08-06,0dee1d7d27e549341fd13e6649232b72b082a7b7d71376ec0d4117d188eb905b
sample-4499.eml,26294,2026-08-06,eee8ef30a836af90bbd9cc849d6086b441ba0b971bd07c61c214bdfd2579012a
sample-7850.eml,33075,2026-08-06,eaf2e4fd49bb73abf28f22b5c32a8e087f7777222f9c7480cdaca1d6bd0b1831
sample-5817.eml,39220,2026-08-06,fbbad0ee5dc93c5d33b35ca61752857c86bd2919d958608c7850e936b2f5e4d9
sample-7070.eml,27416,2026-08-06,ea768f89e2ad428e46979ecb7ce29b8197ca570b5c5b5d1103036b1629cbd8d9
sample-7323.eml,16568,2026-08-06,a0dab9acbcde01f7fafabe72396bdc669d816152d0e9bcc772041ee87b239b35
sample-1429.eml,19011,2026-08-06,c9fa274baeca476cdbaf4ed3c3169cfa9c51cde77b9eedbb533b2848b24a55b8
sample-3708.eml,21306,2026-08-06,1ba42cb5144e3ba114d99cf07ea74cedce29f7bcf46b70efa551484fb20eee76
sample-2830.eml,16528,2026-08-06,82acef494382663ea3f3954b5781238a2aeb0c78fc570b30a24c97b9489353d8
sample-4997.eml,13320,2026-08-06,d5e61180f9493f9baef5c4569d9ac5cc4764274f255f620580a5d601d54b6b3e
sample-6783.eml,52091,2026-08-06,1a371d52c93816d0dd22f7f5a57811f11217298ce8afb67416d218834946e48e
sample-7620.eml,21637,2026-08-06,568712e52bbac75537fcd57401b23eb34c8679e7f7ec59d904e34c58edb83690
sample-7561.eml,24045,2026-08-06,101f2c78e1ef570fe908dc7d9622d32b9950874806e3369241b95de720bc5547
sample-6994.eml,20121,2026-08-06,588d374e1e38efb43f76afce207cf43c27b66233805074afe1f54ba23d5ca1ca
sample-4178.eml,115118,2026-08-06,a70c787fdeae2d4ecd67e46db98f2d9b44284000f947b8d490fced58f60cfef8
sample-6730.eml,18795,2026-08-06,25025bf72381f7df9b16d1fe0efe4379509ba50ea235e03908a472700cbcdeb5
sample-6547.eml,19910,2026-08-06,fd4ff96d802dc925a5b771b94d41517ac14631402c0efa10a02ba2dd79fdc19b
sample-2650.eml,34899,2026-08-06,f2f0ac404f5990355ad969647bd455d60490356c602645684184104cc95bf96a
sample-2715.eml,25804,2026-08-06,2b93f41f0f396b01ebccfd49a8d866f6d6a25c1569ed646b60c855b75ce2b517
sample-592.eml,12001,2026-08-06,bba5e2383adbd392190881a2c03360c9e8e75d57aa5aa69e35fffc266d6862b8
sample-8419.eml,20088,2026-08-06,13c8877a3b0118dae66285fc1913d3c7dc73e1c151edbbca69be73600e05cab0
sample-5158.eml,15694,2026-08-06,77a5f88b811e1d59aa7216ca39caaed4acd9d8c290ec348315ecba3bf5990d24
sample-7921.eml,44898,2026-08-06,e2655067288d6cd38da8ad71d6c41a1a4c8524a12c500af0def74cf55bc05f84
sample-5605.eml,39110,2026-08-06,0cd0ca3c51eac005f27377547942ac573749db1c8bc9a6309618021efd32c248
sample-2355.eml,16407,2026-08-06,d2f1ff18a0c63e3bda2c52ac766fb50dbbbad725c9d32aab91acc7290d899640
sample-178.eml,11911,2026-08-06,6ed17f5578c234ffa8a7ccb2cd43146d7255f56d6075be3b3dedcac00ebe6445
sample-5989.eml,19466,2026-08-06,db8d6cd740879a8b76ce7054575cdcbea41ed346bf6e3075ceb54bee466bda26
sample-1347.eml,42424,2026-08-06,9591a2e813fc96d15d28699d37634d0999ae37a606c804622b335d44c7779396
sample-5310.eml,32229,2026-08-06,d4267250910ade17522398e773e1a19e1830c413e59e76c89437cd0a633e3eb0
sample-8178.eml,15225,2026-08-06,1688c234814143041eec5593bd585a64b21e7bd46e6545c8946c3d48f22a9c3f
sample-7538.eml,21046,2026-08-06,8d38d0bba22b3197fce145e5d24977d7b1eee0ad0cb25df5a8855afcb8293a67
sample-1166.eml,10363,2026-08-06,c7db7c5605c8efb6219c8078f7c6d121713c6fff1451047f2d34d99e765a9b33
sample-3938.eml,13192,2026-08-06,e6687bbd0738b5315830fc840b4c03caca1291e684b788240685e971670ea304
sample-4683.eml,23401,2026-08-06,237c28f787bd688394623648c02299d73757eac77671b3c13585c5b9863514f7
sample-8015.eml,23563,2026-08-06,c09ae182352a6450b1f41fa9390fe7a07a92d9744ff0d924442795305c3a39c6
sample-3241.eml,15357,2026-08-06,24747c68b233698a73ed281444722e9226b02a68cdda6cd74adb0815e6d04eba
sample-1530.eml,273494,2026-08-06,5ca4bc21ebc4dd9d943f500252ffe835b7d421360856787c0505750838b879f7
sample-5479.eml,22057,2026-08-06,397dbd403eccf9a9d1797aa335fe88808312f5e161ac51c919a5046f73a48e51
sample-501.eml,25477,2026-08-06,3459746caccf7bdce38d27cf6134060cb65848b2adf6eb17bbf7fbb5d7322b24
sample-7506.eml,29093,2026-08-06,23b01fa80daddbe022310f0fb092e5ec890319808fa0a633988324cd8e5ed7b0
sample-7429.eml,21721,2026-08-06,96530f1841a75900bcc524101cdd00200dccaed836e76fdcc76cdb267acdb180
sample-986.eml,24921,2026-08-06,178a9ae3ff1e3dfbcfad7f3e3fcfec6b5cb7ff3aa2571ca0f9980e7590065dbc
sample-23.eml,19153,2026-08-06,37df54c67348d7cb60da9b67f750997a3169b460b0f3f07b7a61f731f3b0702d
sample-72.eml,52377,2026-08-06,942a2ebf358180245480a8bd1403110b9ff36de4391ec76c7ecda42fa9395f5f
sample-5185.eml,19040,2026-08-06,d67c24a4c8f39f424aa0372d2eeac223ce25dadd656f96d8be12d02c5e922160
sample-7786.eml,22258,2026-08-06,f0237a430c9808d9959a3e6f154ccc90437ab9c2478b2d637b896074a350892f
sample-278.eml,10489,2026-08-06,bf85fa48e4eb1540013c4ee29d296a31963969fcdff305ea1276eb8cfad4c4f8
sample-4010.eml,341846,2026-08-06,5e0a1cee5287ed57351152ca6ee3b157b3b53fca01eec987a70f9f4d59bdb89d
sample-2895.eml,14589,2026-08-06,4e73689f94d90069c28a6376b8e8deaba46999980cc844e109553dfab0fcbe47
sample-3028.eml,82939,2026-08-06,3f026a47e53bf77a627c03bf00e2b3b6d70670427817bfac3f4c386c94343576
sample-7191.eml,23156,2026-08-06,e4de8c8f5b70ed307b5973d3b328742415b635f3eba85f02292fe014b58d7fde
sample-5693.eml,22980,2026-08-06,8be7c8f9ed017206c0118c1ee065da1281fc892a363c5ac3c428040d96a89e7f
sample-6418.eml,21911,2026-08-06,44576850b44279487f03ea8b895850b00f4f82496018114a058bf8b6999322dc
sample-4189.eml,22777,2026-08-06,5a8644739c32c03c72fb30d1da14322d218bd037597806ee9f1da6cbb067ae9f
sample-4731.eml,20796,2026-08-06,06072b80813ddf377aad7b8de025a7696d3bf444cb57ad9c891136ec4c3af7d3
sample-7458.eml,28262,2026-08-06,d7b699887e51bb2f217b97ee4653c352195da96efb94115ee65a2a7c0a061924
sample-5740.eml,13570,2026-08-06,930d4c66a52a82f92274972471adeb8fd664f8d39bf36b96d7dee0af2e3332e7
sample-6635.eml,22623,2026-08-06,c05c27a60fe8e88189c19509ad50f029c62256cdab5a785efe9237a2828b9421
sample-7493.eml,23600,2026-08-06,1dbd6ccaaeb78d1fa43a68758b5a1ffce69305a507987955517543f6cf1e385d
sample-3163.eml,17834,2026-08-06,8b8e8e22188ba68dc70c5b85e1b9a959298643c11d3b98395c61dd5f951bedd6
sample-2872.eml,19665,2026-08-06,a5dceaf3a2a699ae4dc2990f048bc61b2e692d64b9dc23e9af9b4cec85cdd9b0
sample-7614.eml,20017,2026-08-06,3ba6ad04d426c48cd4a7e294fd48b8d344e915e9f82e7f098d7780e175b18a8e
sample-233.eml,16593,2026-08-06,991d3198289efd198002ca6adba76dd08516b0c36b98214bbf60fa13502d52b2
sample-2928.eml,77795,2026-08-06,2f5e76c1034b6284aed7bc87162fbc8017f637406628b9e87d950df0df01a77f
sample-997.eml,21852,2026-08-06,c03833e944220c125ae80f2b973403040cdb3bdcdd75ec7810b9cb042c5cfd67
sample-1503.eml,19003,2026-08-06,000d8c1777a30a14e6de6e33bd72da704afce9c2f7906dc5bab624f5e188c56c
sample-611.eml,20455,2026-08-06,e703192fe0401f0ae92ae7cc88d247bb23f476bfeb1ffb11cf682b937bdfb243
sample-7045.eml,27968,2026-08-06,dcce6da022504aa8570cff87b1e891c2b62e1921140565dba953af7d96450229
sample-1786.eml,81688,2026-08-06,221ae0503da4a2f124d51fad98d5a7fa7ecf1991f5b50554cf84f69249d23a63
sample-86.eml,19236,2026-08-06,9ff428673ef1973e6761ed5ce0abe578357871da20f844c44a984c70e1e1c617
sample-7455.eml,19970,2026-08-06,7ee104138aa6f702e794084b325235f9d3e63f6f1497a0dda04bd94ae4c21f71
sample-6116.eml,20780,2026-08-06,2af42f2b794b3d606fea112431c7cb97d7f8046617d203622a2e5ede8556a542
sample-1819.eml,15751,2026-08-06,ad7be8bf6fd40c4b2e67813657013dff5c0b3e98f45f40650bb6c10c44b32b73
sample-4684.eml,24572,2026-08-06,ca28c0b711ead858a4b90516bc1f8b085b3263f8885207d9b88b9d21c8213062
sample-4460.eml,20836,2026-08-06,62ea8af1053f888571e4ed26d7c0728fef1056862a3e5a2c4704e53d2751e607
sample-426.eml,3288,2026-08-06,25bcd1a7ba6a75b95ad2071eb845f1806d68a074af658afe9195c62d98269b83
sample-5522.eml,15319,2026-08-06,03eddefab4494fe7862575577cef145f8aa606d808ba924d822df65db8ec1ace
sample-5048.eml,41950,2026-08-06,a0bcf22d532120812f7cdb1121d590ad72a93e01ebaacb2b91c3304ab799bc47
sample-4001.eml,22362,2026-08-06,03d617b49e4d8268fe6aeb1ab5c58c479822a5121ef7e7f862de928c976e46a8
sample-7313.eml,50765,2026-08-06,888629e66b52ddec70f5fec02c2590e33d2b06e216ece186be57fd374f5880f9
sample-1937.eml,46655,2026-08-06,2f890552105ffd95408a085a47eed3902af5558d714408d2d625d579d036e952
sample-2378.eml,50699,2026-08-06,1ac18f2bc546db2b295aa341b130137467754d589786845a219d292d3333c99e
sample-6690.eml,19975,2026-08-06,e351472fa848f1fbcad522b1c44172f1a97233e4fabed0986ab0aadfc40ffcf7
sample-8094.eml,18804,2026-08-06,cab722e7e40f7e1014f14146fdd6840672a96a4687302c5c7769c845bf1ffc7d
sample-1085.eml,9630,2026-08-06,232aa4b27fc274ebcdcb462da69dbc0a589662d4521787bbe7a25be34f853bbf
sample-2110.eml,105524,2026-08-06,aee907ee9c3af0b00f229ea99cc0d26eeb79a3fe466072ca1f2b73e75851fe15
sample-2859.eml,20557,2026-08-06,963eae43b8c5d48c406860b9130fd673e73a0e42dc4f8c603fcff0a7a1adfec5
sample-7102.eml,20108,2026-08-06,8e6148569188802ef819f5a4ef4c0431ec49bce943b44f44d1ea1fecccbe9bab
sample-59.eml,10151,2026-08-06,d5bd74d349ee8d9d8daffd836d13ae44a12e1a7750930e6ace3e4c10373e7dea
sample-2647.eml,105425,2026-08-06,7fd5eccbd0c2db7c783497891f12520328e2eb4e1ccea85016a10d8b6e219d70
sample-5217.eml,13934,2026-08-06,d79778e01f65c7dae1dab023e4c947b9a259e629ac5a942372261b4265d215d0
sample-6097.eml,23403,2026-08-06,cdc14654ed1f90432973ad774cb29a03e34a75648ba657819958830aa4311a86
sample-8341.eml,474177,2026-08-06,5eca2a20fa306dad9cea898b45d59e288b2460f0b0684a1571d87617fe7b41ae
sample-1294.eml,25666,2026-08-06,e1d6c2e72f66bc96d74ddeb2e60e3494d09144ef19c46e0fee2251553b1e2186
sample-4738.eml,37470,2026-08-06,6aa56a5cd092a3dc28c9f0243b464b753c24651405495b279458a56619fea8b5
sample-4217.eml,14079,2026-08-06,e47f6e8593551c36f7ffaeb6f19aad612d2bb0e3f79c456f0fc278d8be810b9c
sample-4123.eml,20871,2026-08-06,5e4c4038e749023550d423166cd7ea0d14e92222f1a19ea90d89e13f2d6e43e5
sample-6741.eml,21935,2026-08-06,49369579903966819ac665345a6a843ee43cf9ee69ff6a7f1c3c87bd919b08fc
sample-2666.eml,104480,2026-08-06,0914ad9df9a609ba518221a0c3bbd0cbb59d16455d38bc08ee3ab96cfdce3b4d
sample-3190.eml,17332,2026-08-06,b3c1c60b50457bcdd6d87e9694faf483d1c4cde7f61ab0defc7935d1f4717e1a
sample-860.eml,25737,2026-08-06,f8d9a25fbbcdc960cfaf3195b42f7ea4da7652ffb5287c2850d6cbad32c07339
sample-3022.eml,37393,2026-08-06,ddeaa18b853570b5d63c0af9e0047ffdb3dd8d816cd3fcd9a1359de2b651c7ab
sample-6738.eml,19300,2026-08-06,aac67341af1e3fd7c67b525b3d01209cef974f78f3c594c85e4813df1226e135
sample-1868.eml,104902,2026-08-06,4fd03e3966a5ccaa833cf3d2267f95c0a399cbd628834bdfaa38116c03a7081a
sample-5000.eml,15105,2026-08-06,03860410dc50149b38f4a9e0cb6754c3c1f6a464770fe94a144763adbe5b9cfc
sample-8613.eml,472932,2026-08-06,ad6b5122985695d109a509505046892aab9b6e32037a03eb69b4d157429a5981
sample-4781.eml,41155,2026-08-06,2295469f4826ce16c5cbe87ab72681c33518c27481e157e5ad6588f539774290
sample-8441.eml,13616,2026-08-06,caac430e94d73093d926ee3c024b362c0168e66d7d691304ec9971976c06d0f3
sample-2262.eml,11845,2026-08-06,7fb7c4137a43f4d9fbc58fb5ddd6d6419066c3a6420ceb789d5797a3098bd170
sample-4128.eml,30704,2026-08-06,8c8ccecbd0b5a35567a130351e7969b4c532ecfa751c7ce332a1672f1f376802
sample-7651.eml,23629,2026-08-06,33d222e095aa6fe7ce05244bc3a9e43ca3d4b167654603108fd79e7ff1bd589c
sample-696.eml,20316,2026-08-06,7eee298917b0cbc12ea1c2f0889a908963d7838b3fbcfb7c0d0f3c73c607cc73
sample-3174.eml,17704,2026-08-06,4954864811eddb0d71d5e1dd2d4e2366212545068c0791bfb9ff463a21fbaf1b
sample-3943.eml,27764,2026-08-06,c29973028f19e5543957cc2a1676a2c0745164cddc30c34e9ea4c36aba92342b
sample-1875.eml,14825,2026-08-06,69f5f8a8e846802c8febfcc02406c8bcd0f945d6de0b429328904a30eb9632d0
sample-2881.eml,20065,2026-08-06,0e0a87871f64963708fe2493ec2bd0caa70b11b9b99a7e5b3abad3929c4a2922
sample-3271.eml,30863,2026-08-06,92973da7406f1efc6197da719c0c1c56502d88c19b37c4d290b53bd1390b0d7c
sample-1550.eml,18806,2026-08-06,0077dac1354c8bd185c25449753b46fcca5e075c4c9d735db4e0658dd5f4cac2
sample-4343.eml,78986,2026-08-06,f764244e56e6f084671e9a6abccd6705a7293dd4aa0ff8622350f966a0c9593b
sample-2161.eml,172559,2026-08-06,d818fc356cb9e85a02c69e7bdc668d113b206d9c0013a5eefc9784dd29e81a0e
sample-6641.eml,20382,2026-08-06,538dd18a68538a4acbbae461d540dea946b1b493b8d5593a75e51613d427a718
sample-1813.eml,14945,2026-08-06,9ab03e98003e0b4540fef2f97bf349c7d8754b92471e11805531a99281c59484
sample-1869.eml,31116,2026-08-06,a109698652811ca976170d1fd6edc0ea4fb68ef848d4ecadd4203a96e47f697b
sample-6572.eml,37215,2026-08-06,a7b35e53b592f43fead5944b9b8c2ffcd6666fc6a1e2c541810c709c27ecfc16
sample-4456.eml,12008,2026-08-06,4e6189a17fb3c547e2201e605450a557a4f0414cb9ba01e4aa9e47aaa9d0af6f
sample-2522.eml,18536,2026-08-06,50b59d622d5b04815adaa703f9da66f98f8480aaf0b0b1a624e2c2b2e7390f84
sample-964.eml,25144,2026-08-06,9ae6689017bac4a223211e1ed4d96381f9b7a10ef275d61f7279ab3697f15a59
sample-5593.eml,32219,2026-08-06,128331d510d26e81059a84a9198833ebe59cfe5af98a95ccff6c17ebf9c57384
sample-8351.eml,15767,2026-08-06,00223657f0fbc4b010bfcc92da7e0e1d9f5b4e2cad1ed1fa0102ae799983e920
sample-4030.eml,12015,2026-08-06,db32707b14660f7294a4e169fc720fcebab4a9835c0af18804ddc50e54f22784
sample-5086.eml,14403,2026-08-06,d6a844448ee35921e773490d645611a9d1a68c4139840863c2383984e5235a57
sample-3350.eml,18989,2026-08-06,2eccf12c4cbe0a577ceb1ad6c414d45ef9ef8a65fe2410a47843a9c52139b099
sample-7953.eml,14367,2026-08-06,15d50f0c0fe9f49292716733b193fa0182ed6da506bd612331c13d9f7cd9104d
sample-3696.eml,28404,2026-08-06,42ff177a64750f792c593bba42d1e714076464e37626cd00581e683bc150e9c0
sample-6981.eml,22741,2026-08-06,c3b86c44081830939a71f097831d5a6cc2aae06b385351361a76fd73b3acfe72
sample-3953.eml,25587,2026-08-06,fa59087369e49bf43c5f6777dc5ae58206d395e95dc963e8ec373273d59a4b63
sample-2589.eml,1301,2026-08-06,cbc00352a9ac52928b05a8f3aaf47c9e4b1fedb720e24d0398dfa0c6c41e56d2
sample-690.eml,20121,2026-08-06,0c4fad8f8d262b531f77a07d122f91ed47d5e0638035d5454114da2b19e64368
sample-5018.eml,13477,2026-08-06,e28f205f3ac6131ba45a72e6ebde275bbef1bfa662a52bbe1f320f61aa19b9c0
sample-591.eml,127160,2026-08-06,c2c96ad411cd7e39a9ce097265f3067775a696e5a38fad90fa88a0f14e3e164c
sample-5027.eml,15134,2026-08-06,54454172cb76491b2c34a36ce5b7e74df94593816a92f7c68a7a167b0df08644
sample-1870.eml,15433,2026-08-06,a6436837182c64120d52cd7a7648ef0775decbcec803377fc0cde0c5d492132b
sample-794.eml,18787,2026-08-06,974dd60d5da3d2048fa4251d012d904fca9f373b2e224c5b90965e5b2bdf37db
sample-7138.eml,16537,2026-08-06,a5a54c7dba527cb9c1ff6b21979628f3341fd5becdddefb55982c441fea7c4ba
sample-3210.eml,10612,2026-08-06,5b3384ff15e71f3d81faf679ff27bbea18d5264a17d8912a840dc6603a004a5d
sample-2292.eml,147739,2026-08-06,1230a6a2c1973719daa864461012f872ab4c3c303db01461076f8735d8380dac
sample-5977.eml,16207,2026-08-06,42a1c8db65b7b2efe1eb89afa8d21c0f5728dda9fd26db72b92e3fe3bd8722fc
sample-897.eml,14917,2026-08-06,e77a8f6024bce6d432426870e9aabd70d47454acdd27a56344d6e05479d74fd1
sample-6586.eml,14390,2026-08-06,34a76a3d23be3e59effd74e801fbd0c82166052141480f184b1f824c13b70843
sample-6500.eml,39731,2026-08-06,c77edb5eea43156cccacbf347b0877427c4aac80ca9fa913913c0aad3d423bf4
sample-2710.eml,105125,2026-08-06,f94ecb37d74eea681697460bdf82456c30256184fa028f749bff9107794baa3a
sample-6577.eml,14674,2026-08-06,d582397ce41c9c4efc99005f777a7d8933170d9438747767d56282090012da95
sample-6862.eml,23892,2026-08-06,b77ce1247de740c7022c5816c3d8247bdd05b4a8f601f7f6e83dc1fa4de4dc64
sample-595.eml,11176,2026-08-06,26755fada2ab6199d68ae02a5a6fed94fa05884ca4db2af528058059dba9fda0
sample-2309.eml,105518,2026-08-06,0cbd595d19a0092962cb486410743c85221551fa45844d83839972504d952e1a
sample-3042.eml,27835,2026-08-06,ce755ef3b77ce317e0cc4ba40df1684489fc775e2fadba537b8f69c8dd0f1a1d
sample-116.eml,47781,2026-08-06,fb43971009492b25e645bd96d56776d94d107c68a675bd501c3e71f094932566
sample-8227.eml,14842,2026-08-06,d0bfd6eb450c810cd6714965dd6d90ac5a66e1c7f20e1198c5e5bd09e1c62e94
sample-4951.eml,14644,2026-08-06,08ee3129837b54c920734e40972b8e547cedc81f2b8748f9b9e335a88db22ec9
sample-4927.eml,21666,2026-08-06,ff796083bea32f1ec94d302e8c423097c653191c8e0abad7ce0dfda448329903
sample-5311.eml,31966,2026-08-06,daba7dcbe36a84dbef2274d7c462ce88e7f7e71abd0797baf85232d5ffaf9dee
sample-121.eml,32546,2026-08-06,55680236ab17215e8bc19051483c8f1bdf8b15e2c9b7adfa8f673a84fcff0e8c
sample-8414.eml,19355,2026-08-06,6cd25a433d953b529c8b839842d30a48e554bb28c8d01b255aed650fcf9c6e89
sample-7766.eml,41162,2026-08-06,a87fb386229510728eb5638915857d136d082cb9db6aa36643e9ea07016e55c9
sample-4558.eml,17726,2026-08-06,b7adab0916f7ec29bae72404d6646b0b0a1901f9deb82fdc3cc51d3c964deda1
sample-2142.eml,11868,2026-08-06,30d4db29eb2174a6c81f9aaba38e4c9d8b31a9ca7c22d2fb675b2ecb7513b30e
sample-2497.eml,25203,2026-08-06,800bb31458c346697cb8f19f26db03969bedd001e84c20afcc59234617546553
sample-5841.eml,20089,2026-08-06,8a2184879771ddbb47695ab55345f24c6977435ffb7e67664752bb7da981f79d
sample-5143.eml,16264,2026-08-06,ef4c8b00c82cf31a983c2f4cd06a7362de51d244c7698092a6773b7632b3cc14
sample-3980.eml,26396,2026-08-06,a818ec244509a212d84ef2f433111f174ae7db837d6769da43c0e82a5f109673
sample-1179.eml,17808,2026-08-06,22cd2c0ff0f3b6b68f0b2cee76df2f9d656c8a603b7948629f415b9f854e25ab
sample-5383.eml,19642,2026-08-06,df4d30c76288e4b1548a1bae6f7f68f29c9c00a476909aaafcdb9784bc9546a8
sample-1540.eml,19004,2026-08-06,9fde9a2d26f2b9eb93c01454a247eb406ca19c38ddffbc70c3f44ecf060cada1
sample-6384.eml,16288,2026-08-06,9214b03be1bbc51cbb51bcc4d9ea51c8fa9fe172cc7ffcbd10242266014b4751
sample-3173.eml,25180,2026-08-06,9efe9d89844fd813be232eb411ae5dfc02044c6f1bbb46dd0b47357e0095661f
sample-2226.eml,24423,2026-08-06,c6e30ce07e82ed6e46def129f99c64f6f4a4578b481cd40f179e4d4252a8a11c
sample-1917.eml,105023,2026-08-06,03b535421631b2d0d112bb2b9c811ee3eb996e0341ee25dd57cfab0e7db439a0
sample-3144.eml,23465,2026-08-06,0899b149ea1cfb6c79b6f89f989b6137d52921928ba58174963d8ebc28aa151e
sample-6790.eml,30083,2026-08-06,1f5cb5489a4c5a6551bb926392fa256809620ca5777a8a907a8aa0e99bb20aae
sample-5262.eml,22180,2026-08-06,2305767cf1335c8944114bdf9666174cdf490e7cac9e066edb474f735e04f59b
sample-7890.eml,20678,2026-08-06,1ae9357274aa94c08daec8cfc2600b094a9530fdbc0ee741a2cdc50879a1920a
sample-5822.eml,18555,2026-08-06,5bfe66ec2fcb68aee749276d7995e45d92cf349e40e67596d8427c2d97d5719d
sample-4827.eml,52520,2026-08-06,93ec26fda0bf748a0912a01ec998acc7b56f5776a962a35035bedccd8b010014
sample-7836.eml,28004,2026-08-06,dbfb76a64c26d58e1f7d15071521291ab13b5d0941d0f35069846db67326a5bd
sample-6285.eml,12123,2026-08-06,54144dd1d98a66dbfc6b8d54a4be89fdb8ed33d53f45a987a3a2a41b325827db
sample-2441.eml,104975,2026-08-06,0feef1090ba78e46bfa9f2cae571da08138300c35024d46d42340c16226fa4fb
sample-7168.eml,24299,2026-08-06,4b206c1a678f1f49960d9ad66c1d4be9dfb62efdcb99d599b19391a15053a409
sample-7064.eml,27043,2026-08-06,4d68a10e2ca11a0be68405fc595170d6971b01e58642ad9c6af7d318d5d1ec20
sample-8214.eml,472454,2026-08-06,433cb21134729ff9b260c0f13bac3bd31a0ac8ef36a24cab3b6b3aaf57c0b9ef
sample-4876.eml,36584,2026-08-06,44996ae7c975b639901594a84206597241d8684d83d2f8dd3c6df28cdbe248c4
sample-5553.eml,32114,2026-08-06,52a139e830c4731f6478079a2121288efff58d71f2856db4145375f4bd995643
sample-8208.eml,18941,2026-08-06,047a729a770be41286e2424802c0fc6b4babadbd5b40ef7a6e6a75b0f57cff8f
sample-1454.eml,21074,2026-08-06,d943fc49e115ab40de9ef390ec09e6c7e311f51b819c2a1cd31a1cc37ccadc70
sample-1378.eml,41112,2026-08-06,a29476219e6e9fc5f41c387f73aa8f843489d44725137bc781c983b288d6911e
sample-2866.eml,13188,2026-08-06,ff3a201a915c2df7d61a7fff7184dfacae06c77065281b32efec08963240c6ba
sample-1929.eml,46739,2026-08-06,81828631c42e70091e8f97c00ae38ba993eedaf9547b98a8b1ad904bd01e8e58
sample-3963.eml,28160,2026-08-06,f822060278de10733dbc42cf21d310b9ee9733575d651588715727b2ef0faafe
sample-7419.eml,39026,2026-08-06,509eea2347fb1bd40afe1d469e6ca0de0155baf741eca36090218c30423a0cf3
sample-3030.eml,20137,2026-08-06,57d93219372a3812f227411ed40ebbd0d10e9b36f79c70ddf0ca94b15c1384a0
sample-1778.eml,8150,2026-08-06,52bce99e3c8acad5805ee87a145bab4cbeec4f2fe88a5c38a38939d63c10baa1
sample-7803.eml,27115,2026-08-06,c7544878f55c8cd1d154de717829ffdf7e215ad78e58ce77124dfb35d777c668
sample-4924.eml,15378,2026-08-06,c8715f8f25054f613c6d0f6bc153bfd9e85c1cdd554757621957a67db8f95ebb
sample-7034.eml,18620,2026-08-06,f38676d64fa21a6db5eb802e5b7f4bb523da62f38346f93215d91cf4aeddad74
sample-2832.eml,15800,2026-08-06,d14e9aa5e0949bdcd9b67bdf8f9fec74ba5d2599be99b805f59f34248b350a7e
sample-6050.eml,22708,2026-08-06,d49f264d1eecf52746742cd6cb08add72fdea177b96cf7a8c6e6f1dce1de086e
sample-5916.eml,13512,2026-08-06,f8a8449b467bc99597aa2e8e2f339298fd6e683f410a1ca824e66f7ced81c041
sample-7489.eml,22216,2026-08-06,30571940915d095159c667cd3643712cf18939c6243ade8ddd382a299e2000a4
sample-1481.eml,23250,2026-08-06,d67c18f4ecf36a17c17627f94865c4da5dea1e5dbcbe05fea111c0c713f18704
sample-2100.eml,20315,2026-08-06,f42ce175724e1a8283789d4d6f14e851b41bd2228d95e64344afeb25f329e388
sample-2580.eml,105776,2026-08-06,5ab801e9f48e4c8f793f878619c3bcef119d69d4079615bd59c5189d30e8ad21
sample-7017.eml,21153,2026-08-06,2753d4a91ce7835566bff393d2176d976c4078fdefcb2a56bc34677f7fed33b7
sample-2396.eml,59210,2026-08-06,3af869bef0d9cf7c9bfa56baa2a63d34cfbb09c22d1288458b26802c29222599
sample-234.eml,17527,2026-08-06,c6750ca59d0cc9c44005ece331ff98b831fb71bef7a30d412b9f1bcb4968d1a0
sample-624.eml,19804,2026-08-06,a9fe436e2b7de58987698cb756b019a0523a96524d3f7e956886a628d053aedf
sample-4555.eml,19624,2026-08-06,95a49340a3e035bb51c933d59949f2e08cb14781c71234154a2091136eff15b7
sample-7087.eml,31863,2026-08-06,af741fcabc9c88dc328a16b3afe5d9b28fd11dc43eb5245a5c920e692496e69f
sample-1855.eml,28658,2026-08-06,ef0595d5c572c8aaa52ddf70356f47d990253510464fb642939abb23e3fe7cfa
sample-3520.eml,13602,2026-08-06,b42c5b6feb51ef7b52e5b819660753278ac2d8d19a05c4f709f7376dc5d92f5a
sample-8167.eml,473473,2026-08-06,5400eaeda0f55a4f833b393c289652afcbb5c6cf172afb5bbe74e92aee955f22
sample-134.eml,18439,2026-08-06,83a658168579ee27cf22f3e48e0483ca5f66ac3157db276b9560356755dec069
sample-173.eml,58692,2026-08-06,6a60100a3bca0fdea38762b0c720989bc40f132991e44ff28737952ca34d560e
sample-1021.eml,14679,2026-08-06,a0cac76563ae49922ee2f0bf6ee8f1865b29115dc8cd7d33fb61baa6346f2197
sample-6894.eml,26119,2026-08-06,b4ed70e02daf7c53961db2a7a9042b3407c231541b566be2536bdcdd8673528d
sample-814.eml,19162,2026-08-06,317cc324b0ce3d6dff3b452429292c40019e47cee9adf7e09e4230d3f94735f4
sample-5489.eml,20113,2026-08-06,587620870ddbb9d82e40dfda0cb804c022e4a7c3b3168fa99df9ebecd7dd22d5
sample-4779.eml,40388,2026-08-06,3cb3547c8a86d1f9dd1805765fe5b8121ad904d138c8bbe80412e02d7ccd4e08
sample-5551.eml,51473,2026-08-06,4f7c3550858d7518d5cc875ba6283a359ff35feb8020fb8621140db31b04ee2f
sample-8445.eml,15769,2026-08-06,eccc6f4044fbd45af6763ace8f78fc4a3f1b03580a4f6abdea1a4620fa29cb49
sample-7141.eml,18287,2026-08-06,5ef0eea32e6da8e748c4345887b26bc601cbb0a3b382962ebcf5bd29d3076ab5
sample-3941.eml,27849,2026-08-06,fb65c86060a79dca7d1beed8c9d58abe2808025d3dd2cb010b59d2f4098e6c19
sample-4941.eml,18344,2026-08-06,28e013cf96c72b0bbc28e43d2380590cabcdf94f2ce7b55e883297b630288259
sample-3416.eml,88632,2026-08-06,862a2930210cb7691ce73c733be3a0f8ff5b68703aa49c48fa1fee71dd584353
sample-4586.eml,71989,2026-08-06,2a14c41e73faf994e3cbca766fd34b19a8cac82c0e2cbababb025e54648f1302
sample-966.eml,16855,2026-08-06,a2ab40e681ff8f14bd856d9ff6d14e5d2cbf1cfdc95448797926cf8ce66634a4
sample-5535.eml,21557,2026-08-06,da86f4f7ae6f259d58a374e91326c65ad5bb1c4810d340007e5b6e3f0724d2b8
sample-1662.eml,20357,2026-08-06,bb9ca95fa46021ddaba8f87977255cb223267be76ede3bdf5853026345531cf9
sample-5552.eml,32200,2026-08-06,3d0fa45439417408e51232c6affd4eac969d8e2f0ffae5f32b85daeb4856fbf0
sample-6966.eml,20770,2026-08-06,badc0baf5f8aaef7d8d9acde5c7c5e6cd370e560f2555a31d41656ec16769f19
sample-4219.eml,11345,2026-08-06,4d1e295e80895fd6e117016c5e5ac84e63c4b5012ad82e05ab3a38d388d29376
sample-1658.eml,18385,2026-08-06,9658c31241e466fa1269fb729d471bca515da6edbe301b02aa9103bd9d378ed5
sample-7834.eml,34925,2026-08-06,3f36e7a92509b35d1b29880fbe8fb1c081867c6a375d5ad138e26fd7da57e835
sample-3269.eml,17294,2026-08-06,52f185793856c78f9322b977dab6442656777f399aa6e816eed022772bda253b
sample-3846.eml,18158,2026-08-06,16a9481bf9a18eaeb81eb445e76e8480b9a530500390eb1bc76a4114ba5329bb
sample-2959.eml,39235,2026-08-06,058402ca5499d0f29791e91546e2a79c1b07695b42f000346f07f4f3b7e1fe26
sample-7432.eml,31322,2026-08-06,776fabb5e8f3bce3b67cfe96031e26c0c2ddda863064350a3243cac8a01b457a
sample-5273.eml,35448,2026-08-06,f1e3a5743d55dbda687c6f5633cb2ceb3d9178e3ff0d56999da3bade3687cbb9
sample-5051.eml,152145,2026-08-06,05fbaa68ecfeb8f527f8ae9f2eaa0907447f0b402dc1a571fe2d1f208da87ced
sample-8562.eml,12661,2026-08-06,e2f9d2048a2afcd7b8144cba8a5e61f91b1a67470e0302965172ac338365d377
sample-6543.eml,25810,2026-08-06,fa4a1b4280574c1167dc7ebcef92cf2a19130fc597286b895a7d58cf553e5b4b
sample-3172.eml,17043,2026-08-06,b84185c69e0f9c5d62aa31c51dbe83fe6749b07bb524d8ecbd4e992ae1a77d19
sample-3610.eml,17314,2026-08-06,23b0c7caa17e7e3546d44a35748f4db74a04db58a1702070aeebaa6276e7de08
sample-8088.eml,16542,2026-08-06,ffc7232967300960fe2c6e7ef936903429afe276aff434cd37e84a6338c36103
sample-1453.eml,10425,2026-08-06,21f5a654f7e2ca9d48938f8476415969679e978034a98aa1342dccb245e1f1b3
sample-4673.eml,20981,2026-08-06,0439e304c87fd0fb88ecc88f58103d8befe6c3579272df422e2bec704e795fb3
sample-8166.eml,473796,2026-08-06,41d943f5bd07b1ee6480f721e781ae9ef5f928e6177b14809663239007cf2a62
sample-4029.eml,15338,2026-08-06,acd73c71dc43187c93b7d1d92aa9cac40cc1294bd40c9af8194ecb6aa1db36fe
sample-7502.eml,19940,2026-08-06,08230fee0461aba63e43f161d1558754c8ccbd027e3e9aaca10d811b7953366a
sample-6757.eml,29023,2026-08-06,0f16e64a545db6d27f9bf0876fde3092a48e019d414926f11f96e429d734a939
sample-46.eml,9777,2026-08-06,5af01b08e6ef4ca7dedef53ad3f42ec245d36a8a751eaa1a9a82dfa53a1b78d5
sample-7234.eml,25692,2026-08-06,1bd6440b964dc566c9601a971bb4f0c65b9598e0f52384a2114777f3ce8a5b93
sample-275.eml,19276,2026-08-06,fe48c869f7a75279e8030e09d45f158b12f775dda828e83c307a878181ff7229
sample-157.eml,8890,2026-08-06,537d1acacd11678835de679b04ade64f1d42ea6bf8870414eb0bf8c69f1ce1df
sample-4820.eml,33733,2026-08-06,4ba36ba563ccb603d99417a8ceae14afef39ec0e5754931e603e565f95ddf3c2
sample-2799.eml,104798,2026-08-06,966aa34981e49206a35e75274c6f51be516409762803c1a062c8d9ddbc5e527c
sample-4194.eml,14558,2026-08-06,52d77740a29928ed0ac4a3b40dec890fc005729ae2409ec4bbecd76d4a018714
sample-6469.eml,10161,2026-08-06,4de064af4b1ce39f1dbdc324c949bd96757cd11252b09502edf0c4a1a4034d44
sample-1953.eml,15440,2026-08-06,23fbec2ee765fab60e95608eeaa01d59af0cdc22ffcf253ce73ce64a2bf5f217
sample-7881.eml,24274,2026-08-06,3a25167e94f6b8edc891465ac7e4eaf3ae05becc4d262546bae6dd2dac388e92
sample-6824.eml,22645,2026-08-06,6bb4918395ef6ce2e9ca89a7c6744fd5aa2755936e7b7fa14fbe4d3aac8d7b52
sample-6160.eml,116225,2026-08-06,934cc946cd84bc219cff1e987a5b29e20c287046600996247597cee58efd3c20
sample-6189.eml,23360,2026-08-06,c30e6fa395adef5e827f3e89e857e917b49c5497b4a807d36198a13312a141d1
sample-1238.eml,24212,2026-08-06,37f2b6a604d4a5ad3ae9cb070732933775c524fd8810ff57e829f9b1cea749e8
sample-1676.eml,19997,2026-08-06,c2e2b8cd5020231e1ebce136004b9bffaa854347c40b73bc1080ffc3ca1a6bc3
sample-5939.eml,22208,2026-08-06,34d42278b1f90f9e455a6ac85f2367691d8f78c6f4b664bd19224d7dfe5d9388
sample-5138.eml,18322,2026-08-06,170144666f4d378cdb5a4485923342aa287e1a9e95e73bb50a2a27031b09d259
sample-5357.eml,15242,2026-08-06,502d90da4a7fb5fe360fe0717082ab7c68eb49fd993ef34478c6c894de49f832
sample-4185.eml,61590,2026-08-06,5f8c150fa8c9eff0104d9c218cc8060b010964218aab475ddfa5708f1dc6b820
sample-1274.eml,98128,2026-08-06,b279b463b905f4dd937c30d7624a40b0b1824805429cff7c12d8d00a5f1f7efb
sample-4239.eml,24173,2026-08-06,7ee51c7336cfcc1dd1fa6e983ba3b6bd50470bf830026dcbdba4e52f4ed7d9ef
sample-2708.eml,105245,2026-08-06,982647aec06da1d8973c075785a38391bd7fc10ea5c55a024bcce3db2641354e
sample-6858.eml,20161,2026-08-06,e2309f6620028e01837efddeec885f722d485c606d37f30ff417d52f80f9fdba
sample-4215.eml,15016,2026-08-06,d524656bf58b529c61c25d78173798e74fc8299ea180d38af18dbeba3a0d7e9b
sample-5388.eml,15019,2026-08-06,aa306f799c41ae049a98108dee0fb0bf724e20c0844fcbe970a86e01968728cc
sample-153.eml,12342,2026-08-06,d710ced63fd5e53d7bc410f257f0092b302c1b705e82544385e56e92ab23cb67
sample-4771.eml,11000,2026-08-06,a2ec0ff50858776b6169c6cd402a2d16e198a25752caf61c93bb9940aa1115a0
sample-2473.eml,115737,2026-08-06,55b0ae899abd7f4c6b6cf2ad0fdf109e837a4af737bc05efcac876d39df46c85
sample-1892.eml,21422,2026-08-06,6d73bf58423f5cd0e5d62132eaeec2cb76ada1f908306437e0c114f9f0454a30
sample-8038.eml,19254,2026-08-06,ada719788a9e9aba48eacc4b1f47a1beb71aeda5b8c0fe6bde06a196faf1f707
sample-6450.eml,17941,2026-08-06,8bae548d30839a09089bdfd4d167478c2bf39d2ce5cf5732206812e7877cc8fc
sample-1974.eml,13416,2026-08-06,ff8cef383b116a3094d4dab41fd1c2c425cd46e6b391b6dc006e10abff9e8260
sample-5672.eml,10432,2026-08-06,4840f372d4ad4110b453e4d39ec72029e1564f901e859414da50d46e0e13ff18
sample-4556.eml,19107,2026-08-06,3d8d49a91e30ff070018486bfd352859e3ee641d2d78278a635e91ed9acc1cc0
sample-7993.eml,54106,2026-08-06,ae9ec0a91123f79cb1f05a380589f1cdbec62a273671631d309eaa8d8029ba16
sample-6721.eml,24062,2026-08-06,12a1fabb82ba5e4b83bae20dfc713502817c1dbff7aadac42269cb7c45689a55
sample-3508.eml,12185,2026-08-06,80748b2c839f148b22fcfa38af6add1aa466b09540e4821dfdf327d7ab93a719
sample-6913.eml,29886,2026-08-06,e2611887646d34d6f71c384b711be3d6bd176732a771d80fb3f88ede7ef77bd1
sample-1269.eml,10066,2026-08-06,470c92753e4fd0a591390e2519ccc6dd03ac71c710ffb3d69ef786b30e9cabb7
sample-8204.eml,472201,2026-08-06,3736f745d5c7daac319bd67d072bd90fbb1a2704b05c0f8d064f85fb23c3d19e
sample-6885.eml,16890,2026-08-06,de78f2b7971d7961078ef3f3b6f7f38acb3c653edbbc020484a66455cdb37367
sample-7520.eml,18234,2026-08-06,faa4fbd7b790da935e6d0e77a5185c08865185bf6f9ba9e6ab51a113142d3613
sample-4455.eml,82069,2026-08-06,4f16a6b811350860b50cb7b347859def7c0fbc42f0df7dea48923ecf7e919503
sample-3641.eml,208270,2026-08-06,35d7942e85d5e03828f152f1554a44d08138a730b476b5f5feacc2390fbe4dcd
sample-8110.eml,16714,2026-08-06,370fc595c328494eec48b6df39c44a97f8320a7dbad7142c7bdf670d7d74c500
sample-2934.eml,6767,2026-08-06,acd722e8e2afc874deec0b8deb24f1d4571df27f233db33c49e3cfb02ba366d1
sample-3524.eml,31687,2026-08-06,5e297220595ead8af1ca8cbe73cbdc85e979494c002c43b1f1ad2ab3d43ae2bb
sample-4784.eml,13589,2026-08-06,88de427fe1a7673e8ca54a59205b0a4ef43f15f5b14f136e9783099009432108
sample-674.eml,27507,2026-08-06,6827a9e584f59ddd4309e3cbba34c536558683682bf327bc59ef4331510cd8bd
sample-3642.eml,22718,2026-08-06,f1b7ccf1cb702ab2d5a19ddb27a4c378a49a7ee98877a1ea8ff4b9283454935b
sample-3400.eml,16788,2026-08-06,23e2c81afb197efc3fe1e36de6a23b7fe53387c051d7854cdb616bdec89a19cc
sample-5922.eml,15098,2026-08-06,4b827f59c0b847b1877b3d194c3fcb8942d6d477f3850c0ee01a5e3616a24766
sample-129.eml,213752,2026-08-06,19c821cf7b0bc67eaeb1fa5f08e9beecaf8b5c89e0d150f644804a426329e3a9
sample-4152.eml,61936,2026-08-06,2d7f6eb64dadd8c4e361be194c876aeb6ecdbc4798e53e723ac2a63ebd1ba7c5
sample-7654.eml,40941,2026-08-06,4491991b8923588e9a980dc287de79d263fdb03bfcb6fc7c7efa389bee91e460
sample-155.eml,10501,2026-08-06,62cb043eda583928af34eec31da32a974086cbfa39b5ad8ac83a13998ba90045
sample-4676.eml,15334,2026-08-06,0e56e8ee07eb042dd231bccb86a15d1dada844b486484da6141fe414a1092fc3
sample-528.eml,8643,2026-08-06,1f540f2b664623abf7510133fae4b8b22145a589de5664e75fd21571feb14e16
sample-3534.eml,13727,2026-08-06,fe49ce2fc83096f23a95650e2c2f9c4696be30d33a5cfedcc170301dbbe89bcf
sample-2541.eml,14753,2026-08-06,13b1b7bd51708ab10cee4acd07d8897427358f9f14f2d611f4d1a31be5f0e10b
sample-3151.eml,11101,2026-08-06,174915db70d8f52e022cf563a6f5f4cd0d548e7b1efd5b49269ebb92f324e908
sample-5894.eml,12988,2026-08-06,b8ebc60013e45dae64c7273dabbac5cf8a40f3d0f0eeba4e35739a3ea67b7921
sample-4138.eml,19598,2026-08-06,f4af447466fcaeb5ad161f1dfd12b81f6faaf432ae91fe4d2bc003f01247c87c
sample-6358.eml,12481,2026-08-06,14b66872deadd3d7e7bc7debb8f636aa4275be2502faddd7b8c8959e904c48ab
sample-7130.eml,19958,2026-08-06,c4582a038c36c1b5bad5c2206217c5b9661068169e72f2c53b6b8bc75e1f003d
sample-3119.eml,19259,2026-08-06,8dc7fa199313711345000140488fa95f47401eab1e4815b42d29d2aa90ffcb87
sample-6236.eml,18481,2026-08-06,b84bb541db2746fbf756c5363ea00d767b951818621bbd0a4d4c6ee87930dc48
sample-7770.eml,41454,2026-08-06,5c83f086dd022a587f82bebb513dabe0fbf9ff413fcb6219c194873abf428005
sample-5232.eml,15327,2026-08-06,8d9db5255dc01afd7d5e4274762709e295fc5e966b7261fb5dda1c05f1636d72
sample-6995.eml,27127,2026-08-06,0b2555147fa94b0a830aed7ceb7b8acbd5f74751d1ce7badbe4b01d747970180
sample-2651.eml,105261,2026-08-06,88f6d85e0fca24373cf4f8288f81ce0b71f815c1e57988a63840fde9416d05f4
sample-2571.eml,61208,2026-08-06,c62b4ade71652fdefed42d26eba016d7c18b8606fd0c174054e776f0921e928d
sample-50.eml,46164,2026-08-06,addf19c06e17bde347034a68624ddd6f42effbbb8bc2132a915311c911a51e3a
sample-3459.eml,19922,2026-08-06,4e1b21fe6087499297ec2a132609eaf40627e30f8cfb924db57eeb854d628704
sample-7659.eml,20708,2026-08-06,938ed6b6d4b7097b39ab4bfca27f27fe30ecfaf06ee092cc49555422df8bffb1
sample-6724.eml,29374,2026-08-06,26554829a2eda795c8bf32b356a13f8be8b6adb2d98e6f4e886e2793a077e81d
sample-4818.eml,20467,2026-08-06,fdf99ec57e1bf79a28d07d729eaf5619951710c4d865a23c03c2051870e5f28e
sample-5514.eml,12277,2026-08-06,359964bb1c3864135e10a0922203721e02df433bd4db4a5d0ae7877f8aec7109
sample-4425.eml,28660,2026-08-06,ed460131695f157ff670220ecc479dfaab5bdf9afb51df33f7afc06952155344
sample-2829.eml,13094,2026-08-06,915a71b42d0c38616be223c20f03b2c4bc287841a1f6e71c340f40fd89e2e570
sample-1121.eml,17448,2026-08-06,98905cae721bf9948e114b64a5a6cbc1f02bd80322e81ac23791867ca4c054c3
sample-2048.eml,47316,2026-08-06,e5f25c8329981dc4a7190ab7a63b61a0e880a1076296b435ed1fcb6007ec8450
sample-2061.eml,21738,2026-08-06,497b6499e9afbfe92986c014793539283de39550b47e993bd644c1b2c856dbf7
sample-4838.eml,26425,2026-08-06,d12b91ee9f8c4b7357351076705157741a2dc9c8787381cdf92f5869de257262
sample-8022.eml,38863,2026-08-06,b644d418a877b074c07515656d43bf9cb0d7904345a2b753898b1aab29a650d3
sample-603.eml,46224,2026-08-06,33030d1363b0ef5ed523e8ad98caa7da8352c4430ee27a32e52b4e013afee935
sample-6979.eml,18295,2026-08-06,158fd36f55bedbf53e1e21a2704d069870dd99e1165bd9de878c21004b8b9cc5
sample-1649.eml,18333,2026-08-06,a9da16e5e3169d94c07c540846fae66c2dfe51804d57de0454c5546fdad68190
sample-560.eml,58989,2026-08-06,0525102f670ccbb1c1d3bf93123e27b7fd4db69d1fd3ed116a62266ec5844dc4
sample-8127.eml,472644,2026-08-06,efc5e1b8f033d8f1136d83e2ebd3e4e40c3536e55ddffce0be785686f22401e5
sample-3791.eml,29593,2026-08-06,e37be3954032356bee354eeeaf4cb44f58828b1158ad8ca5b904b4d39e87b2df
sample-6376.eml,26815,2026-08-06,629684ff7144d938cc436e9532aa8e0596ea0ae7956b7733184ac2c82d2c8766
sample-7315.eml,38483,2026-08-06,0dcc26e1465c257204366ee72b3c0284a21e61f570e75d11d5814bb52f2c7aa2
sample-7436.eml,18167,2026-08-06,6739121644c4a87cf5a0744a18c6960a71c0c1e52a4dd4f09ac03bcd5dfeeec7
sample-1399.eml,45210,2026-08-06,3a343bf13303888fe0234c2d3ecd59fb9d5471c6b9c7690addebc5af39941c65
sample-6872.eml,23444,2026-08-06,a8eac37e9327b5177c09077cca5815c34554a971547ef00dc7964ada8417e72c
sample-3036.eml,18975,2026-08-06,7204547db645fac90c145d00e4abc978e53177c72d2da280ce231d6b000a67e5
sample-7367.eml,18276,2026-08-06,dd19c91c228e90306cf15bba235010862af6f86a8ed5c8b1b2dffc808b18f47b
sample-1001.eml,25276,2026-08-06,a28a794537f537758b69ba34835090f5ee0e76380bff07101811ab85a3fd84cf
sample-4187.eml,79273,2026-08-06,b7bc355c79a53a74d3334b762ce91e45f4a8f1bdb3c89ba9b7e2e0c7a9089498
sample-1714.eml,18365,2026-08-06,8eaa1e396397cf725beb1f4832687954a39c9e83e47f2f209a15b52bc3b2b1f0
sample-1118.eml,15547,2026-08-06,ca0f4cb7b2930e4166b52bba73daef52d2cb2bdee489c11daf63b236b1bf5122
sample-4686.eml,19976,2026-08-06,f1a15e7435c7689186e24eff15198d297db7da991f82170665253f6285a1d777
sample-5004.eml,15197,2026-08-06,1d4a473c35d99f5ad5872e3da08177dfd91c9bbbfec415d7714c1e7da0d4fe1d
sample-6174.eml,17333,2026-08-06,5a4d116850589735ad0012430a3b7dac369e5e4882df6882349aa3aefa490357
sample-2284.eml,107381,2026-08-06,c12882d5015e3a3506c98255e499d28a3c3ab741c07b3ceed1d60acd8b86f934
sample-715.eml,41830,2026-08-06,b2cb9164d09fef3d9d0f1f0dc1a23d1b1affdbdaf13cfa373e8d092d76416a35
sample-7401.eml,16953,2026-08-06,dc49afb6198b041b846241ac8d7d444e98f268c79dc0da13ea7ad6cab1e3a81c
sample-3206.eml,12274,2026-08-06,20dad3ffda229d2fcf452f2ee0dba5f22ca34ff9cc445a90edb53414b91fdcf3
sample-5876.eml,13047,2026-08-06,b09710f30612c6faa9cd320e01fecba7caaf94677eeb1574ed0690f725334ad0
sample-4856.eml,11050,2026-08-06,4f967702fcebcf37460c84bd1252eca565ce22a70456c4429b88eb002596351a
sample-384.eml,14387,2026-08-06,ed63d858fdae816c23b827672f098ee8b63a9fa3e370261f2ce661f59fab484b
sample-1833.eml,50967,2026-08-06,2fe100427fa6eb7e4cd2c1bb9174f0c856d8ceb4a17acb56c24b3c7cbf85daff
sample-5770.eml,18717,2026-08-06,3bc32640877e6d923de167c6bc06d551c57f4cd911abb5bc4615ca448bb0b00a
sample-5804.eml,73506,2026-08-06,a184465a9edc4d7b8992186d70bdf0af8206c24babc5b8f37f980db1b07cdd69
sample-2387.eml,20155,2026-08-06,c4bddd94b709b1e6007ee1b41c34ed9f386fd4a14e92d28ee50aa447051fe9eb
sample-1404.eml,26573,2026-08-06,e68161121395ed3b19da1f142a9d8774d6cd5bdb91f63e0a35e334542917cadd
sample-1271.eml,13689,2026-08-06,f3534bc04180104c4ba5b09a7dc6b2a2b8d4b11a53eb0d0b704c9dab7cab5ed2
sample-4299.eml,17628,2026-08-06,d029fd0e4c20417b6decb8125949673b4765e69ad1aa649da5d788a1bd4418b9
sample-5264.eml,15867,2026-08-06,ae71f961c36cf783fcad7264bd55dbbdb18417ec22e2588fe0467c2d5ff35108
sample-2128.eml,13349,2026-08-06,f76293072deeca3faa8aff6ad527927568d10e53cba2615df13c5194e12799bb
sample-2314.eml,11890,2026-08-06,10496f146263b141152dbff100712f3efffc9f3a1d7e8ad76a44c9c74e5c0343
sample-6291.eml,50198,2026-08-06,7a58e06ab823e8b1dd02c3a09e61ba9a535591ca4f27f05ca0054900cfacb2bd
sample-1397.eml,45459,2026-08-06,8b0df8aecd9521b5f3034b7f031fa7180995b56af1cb87ea25f3aaa1c0ce6508
sample-8463.eml,14432,2026-08-06,2f4e37992c385af6dc8e77b60da8120c11fc8e3aac4190d94956307c508afd16
sample-2597.eml,24120,2026-08-06,a721798c9b1aaf90ebc66f6a503e4ad7ec40d530b5477634ae34845cf4224d2e
sample-6054.eml,22838,2026-08-06,c1a6c5bb8baa09cc7a821c48a1caf9ac6f457110456dce96d6ccf201b078c8de
sample-3370.eml,13044,2026-08-06,3922ec8658b7a94838294f776c0e565e344eabb129094e4d498d813aefe7027b
sample-6834.eml,21961,2026-08-06,59c2ca02a771408ef29c2233bffbce0952fa9107d52b0f10f5d9b6be8cc83869
sample-3664.eml,28254,2026-08-06,a3d6ac2c3fe1cb573c4481887fbab08160958cc0b7c768c8c4571f32e463e045
sample-6733.eml,16469,2026-08-06,93dabc532ba80eadf5b76fb13bc2fdc9358da00dbb8e5b42b3ee5c9e16b862fe
sample-4704.eml,48355,2026-08-06,6bb2a5a036762a5292ba4a8c4bfce51d499309b92143c1bb435a83a3d91dbd24
sample-5656.eml,24459,2026-08-06,7b97674387984ebf001654c38c45c971dec66ec0b5e789b8aa1f615fed92fd0d
sample-6312.eml,32090,2026-08-06,3a3a1972ad20c7faf0063e43e543721542bbca6cf29d52e591ca7041aa6aa292
sample-3934.eml,20356,2026-08-06,29e7aff4656bdee4c80ebbd1538e482018cd34abd6aaa3ee1adf0c272b09a0c9
sample-3061.eml,2766531,2026-08-06,9ba29ee52ca8cbc0898f9eb26bb4a8c6346d370ea05afb56ef8e2520757807ae
sample-2001.eml,16443,2026-08-06,d915a94c3aad1cdc90868cd5be726b25223e0565bed1634af645bcf89132134d
sample-5571.eml,9258,2026-08-06,a8489d614670929a80032e1938b31403e8102a13907917b8e9b38c44a5aa7bef
sample-3227.eml,28466,2026-08-06,eedacd82d7b794919c0b25c4318749f39890dfe0c97dd3d91160b608ebd8b8e4
sample-1670.eml,20352,2026-08-06,452da656b4aecfd1e326407fe39d54eb007837bbf3096f60dd049de596cf3694
sample-1084.eml,20314,2026-08-06,0ed77c007f23cbeadd0ae758c3dc0a64ac3ed6103c2a43d5a3d4c54735a1c0e2
sample-42.eml,75011,2026-08-06,5ed3c2371b4548bb13a92f1815192ec234cacb1a721b596052a66c05d4fb720a
sample-3469.eml,11871,2026-08-06,4bbeb89680f62e8d92925d96211376e48a349324192d279f63fe6256b87794fd
sample-6257.eml,53530,2026-08-06,25f6d6c212228cbc2cf21bd4a73c5d9a67492a6866e57c7fbebea0908f10e449
sample-7374.eml,29929,2026-08-06,bd8ea10dae9f37d2262429ec5f9a1413d499b9c4638fea9cfe55ce13cdaa654e
sample-4813.eml,27441,2026-08-06,61717f747e46bdc18d89fb55068bb43f34b0b734c45409cefce41fcde7ea65d4
sample-8080.eml,463774,2026-08-06,51025cb74e4ff3a8a5ce36d444d8451792459b7430d1de0f7cb8b91a18c6e7f9
sample-1595.eml,17118,2026-08-06,cece753465c53c0db61d9a22a3a7ee6f444e8589d94cdc4b1dd8d891070bb058
sample-834.eml,19173,2026-08-06,40b7a9c43a9b13104c1702a6a9d6a02cc534c26fe45304e2196f336c80f93c84
sample-5807.eml,67050,2026-08-06,ce5b18d4309dbc9eadb1dfa6b8c06a57ff3e000451431a473bbdaecb85eccfb2
sample-1568.eml,159423,2026-08-06,e869e4a0d1e2d34d407828c007ad52fc597671bea420839d41f0e923262acf8c
sample-4904.eml,15162,2026-08-06,b819fbeab596753c8beceb4e706465b586c9f8757e9e43061ac56e73559831a9
sample-4082.eml,40218,2026-08-06,71f859ea9c5eaa9c6afae5f7e117716e6fe37986eb987677ab4b801c8ef23ca8
sample-4960.eml,20109,2026-08-06,88b31f868a1765da0213ce8d2d753abbc589c47aeaec70bb0b0e8c9e3073c268
sample-1374.eml,21655,2026-08-06,ad6a328aaf075f341242fe932a462d0a2344f0f5f2e045d3dfc67b09375726a5
sample-6433.eml,118751,2026-08-06,c76d19c11737a30396c8a0459a9dd05f01639b811115d4b19a4859b14fc3557d
sample-1022.eml,41757,2026-08-06,ca3255fad2cfb3acff62f8ce1733f91ccdec6e3d71f9b82939d9915d43f49fc0
sample-751.eml,23611,2026-08-06,bfd91adb01e3470651129bdf8211394222683b6c65e21f9126e964a2d1a3dbea
sample-6458.eml,16301,2026-08-06,55208f694f685dc6da989d237e49b2e80a51120840a86c01585bd2f46ea47f80
sample-7198.eml,19012,2026-08-06,087f50ef9fcb56681043cbcfa0508d3c7ff069d291e0778e78d5b61bbee2339c
sample-1329.eml,21863,2026-08-06,cd734a6bb176ef704c5e07a0e35e80afc3d60473b01beb9391892751c276f3c9
sample-7760.eml,28532,2026-08-06,fc57fdab3282692df531ab52fccda004384d3922b262b82be952d4c006b48a2e
sample-8383.eml,468986,2026-08-06,a24f66cce8f264e5646855296d9d3c3ed14f3977cc9bdf5995972827577246c0
sample-2973.eml,19588,2026-08-06,7b39034adaf40e61caf2e405cb531c653bab1e190b2850c0d91f89d28f5b56a7
sample-5235.eml,15847,2026-08-06,7c64124b3b78495baf8ef5868b4892205113e70346fba29d8b6ce00d18de54c2
sample-7539.eml,27000,2026-08-06,9ed762676d9cd240fd5249d9c3e5e30f39cb35f46c54655bc964734c265e032b
sample-4516.eml,14263,2026-08-06,24d7a5426d0558f64854accbb5477960511cba2352dc5d9c59854fb425030e4c
sample-5400.eml,19454,2026-08-06,7c0f94c3b48a4ecd2d940ad0d4b8e067cc1b0e229348a5c513ec8471bfaca818
sample-4802.eml,12344,2026-08-06,8eb4504c45aa3b5e7e8bb9855a800ebcfde97d62df9f15194daa44092a08adb0
sample-2725.eml,105354,2026-08-06,d2328295c0313507501e13f0ce72b7c3241b5143aedd64687f306f1aa3ee4fb6
sample-810.eml,33326,2026-08-06,c1677219834620780b43d14987424436a0a326d75d95e1b80580749fcf1d1573
sample-7633.eml,27597,2026-08-06,b7ad347445f3768fc45b0cb6b849de5c83acfcca4b5dd68646565a8f7011a634
sample-5238.eml,25380,2026-08-06,6c99b15c127fbef1375adad7ce8f3af410963209c4e297bf842c2621c8007433
sample-2653.eml,16860,2026-08-06,99bd1518967277d97b9341552b3f44ecdac84300d1f85145e4672edf3c0faa6d
sample-6713.eml,28504,2026-08-06,2e659159dabba2b833df3d584f12c7275a424e18426bd784a1e0ee2e3f7d35d3
sample-8096.eml,17938,2026-08-06,98cbfb27f6d5839ef195520b8cee21e248797e2522d505a7b3eff862fa9f53a1
sample-8129.eml,469729,2026-08-06,d21a5c8ccea40c36517551c7d156d313e7fbd295050b713312b9719a943e8621
sample-730.eml,348303,2026-08-06,903a454bbe0b19cb4d6a1dd24cac4c63989d50efdb4d71fa67a2b2e95de02184
sample-2897.eml,21056,2026-08-06,a806432542dc8a22a2e83c4d07d2fff3bcb406ddb902f00f6a260e142c952570
sample-774.eml,34662,2026-08-06,9afe4bc5fd93105aadb6b28777450ee35dab430ff6424997b3278873c08358da
sample-8223.eml,53397,2026-08-06,4b74e8c4556b570ee96f3465ddde2fb114d2a300225c6dfaf41367ce3108ad06
sample-823.eml,69920,2026-08-06,fb8d3b4cdc2bee6a65235936c248debf598e9e5afafa5c3330dac450561e1cc1
sample-3922.eml,40286,2026-08-06,83bb6a44b4535411cfbb19c7893d1be420bdcc8714ee1d770e3f50054af7607d
sample-3055.eml,18357,2026-08-06,09f78926a3936e759fdedc490030ffd02463a00b369194a0f54baaeb715c0d72
sample-6177.eml,23734,2026-08-06,80f34f0e273c655ac6c0cf28c52e7446560a52c6411551a1e2c440c2ecff8985
sample-7629.eml,26840,2026-08-06,264c85955e986eee9faf98355c8b47ab747de2c759a6969989309e78b1139d4f
sample-1466.eml,28792,2026-08-06,300b134748d69e371fbb59d5205f952c90377ee867e6fbd768272bb9f6717ac4
sample-5300.eml,125979,2026-08-06,eb469221629e80821173cfc5f796c86c10133bc9a8ba483481a9b92eeba08bb4
sample-220.eml,17990,2026-08-06,b4e6cce6749f1fc6f8eee7b5f21b7da0e668e29a853ab6f4bb647f34b75d17fb
sample-1949.eml,20978,2026-08-06,0ba827cbc64a9fe35739fef4dfba6e9cac7f6f0b5534b9bfd9d3b07a6e475c72
sample-8449.eml,15174,2026-08-06,405558c426350e8dedb7ac422a6ebf871a0e713e4434f04542bf8fd27be3d14c
sample-7262.eml,38894,2026-08-06,1fe4baacfdf57e08215de846d806c7008db4f542970d6ac0049f844196c7d7d6
sample-6040.eml,40458,2026-08-06,e04ee2e41cd72618b4cd5f5027c657a2491a5debf5a340680ebdc1ce8019148c
sample-6212.eml,24208,2026-08-06,95894c3b0350550c864a99e5a38306c2f00973bb82e024bfa486f6a6487d1993
sample-596.eml,46177,2026-08-06,58dadb63f1f9b22a53f1f265b1679c0eafeb36e7a26ebec171909f51cfc48a98
sample-7672.eml,19894,2026-08-06,666ad94fe05c2bc12d64509b00667b6161d580b13d25ac60b83a870fb2bd834d
sample-5697.eml,15762,2026-08-06,6f0be72e478ab678c49fa1318a727ad1d3abadcd415d84b220c0066e74350948
sample-3506.eml,23916,2026-08-06,457a79b39eece4eed76d9e58cb9a9a44e4e91d25059346dd7f8c46b16ae377c6
sample-7319.eml,13854,2026-08-06,8a5a4e7775d1733719ccfbac40de3d523c5b3b34461b002fbdfa8ad117948cec
sample-6099.eml,27899,2026-08-06,049dc9358419680102f95a786c81b2f80d051ef70d65a5d8e77052d821c3067c
sample-2329.eml,25319,2026-08-06,07a527a5f1a244dbc1be1182bd4d91a1c6006fcb96a5bb164354a1a46d192518
sample-7411.eml,41353,2026-08-06,229c497d6bdf40c912e4c1b348e91464c3cdbc53d85e639d8ba6406ad8f98778
sample-6122.eml,11905,2026-08-06,774f6514fef3aed154633b79c128dbb7548c3e3a1a824fd9f352727a2ca7cff3
sample-5344.eml,15987,2026-08-06,2956aa94f2f297b038835c66e164434a1e429b50191ebd06e472dbe22e3008ad
sample-4937.eml,15298,2026-08-06,a38851343cf5225b6c8a522a329b65ef6b60527c427f7ba9f1b63e4e3f5f9f8d
sample-8075.eml,467068,2026-08-06,61c6bf65fb1dcbfdceb7763318ef302c97146c165032894e32beb9221b7e61ba
sample-4510.eml,30314,2026-08-06,5bacbf8cdef2ddd6390b94b301d6758b3e6a00787aa8fb2a1cd11dbb5fca7c08
sample-3199.eml,12147,2026-08-06,a79c037295f38e707370d9907cbbf14cbb3e2f078fd35c708c96219aab77326f
sample-5115.eml,37830,2026-08-06,4f0af79c8ce93c8887ebe0c3709c309a25fa36a10c71017a23140f58a1541a90
sample-1690.eml,18581,2026-08-06,fb2f9e31fc4dd130b3017e9767df4fac4fd3b243dcc38c97df58cf626278a6f4
sample-1447.eml,13627,2026-08-06,bdf5675a0b006518cf78b74f4f0d1ec74fddaea7b2d07fa3da22e16289e86156
sample-30.eml,25444,2026-08-06,0f88bf2a0fcf776484136edf50f5e6ad46d661284ae2c24710ddaca7a17344ee
sample-203.eml,19283,2026-08-06,c5edd755bd85eac9eb9487fca9178071fdb42c6f788e0e81594878ac481a8491
sample-4431.eml,15894,2026-08-06,2872d732c0286da64654a5927b4f8d725a758b57194260446e557cdd222bd35b
sample-2279.eml,282103,2026-08-06,cf9a34ebf46e650f6b072fd614a18f286acbb40597633e591c99f3994060b523
sample-5288.eml,4539,2026-08-06,9e7884ec445d23e33b17d0837c2c99712b4d4deab0d1a377b6a6b75d6888793e
sample-3158.eml,51320,2026-08-06,1e072e80e3cf7eb4c8fb136c1f307e89d152c594a7b698fa4500753dcec06141
sample-3304.eml,17729,2026-08-06,006464ff20232995eaea9df02def7a1bef327d623a6512b81d8732ececf31f24
sample-3714.eml,28559,2026-08-06,1e9cc8a36b4baed196cae98764bd88b4e7ec9cc6c00f2739ebd50c58b29a8d2b
sample-5097.eml,18511,2026-08-06,7be9d6eff74914779849e2c440e0ba90e5b6e8df3613ea11156cb942955b5417
sample-1243.eml,21336,2026-08-06,96654ccfa5377c0c46e93d3d5693ebce8f3273a69b3a5eb883f174fa426c537b
sample-7648.eml,26879,2026-08-06,80f1c43448bb4be815c54d06ebb59a79fafc65abf3616c1af3fe691282a435df
sample-7511.eml,29956,2026-08-06,884a47d470b11b15cb2e76767b76eb0b430b6abc1a2e0c0dad21c8acfa139678
sample-2548.eml,106025,2026-08-06,4453ddcde1c8f7140b4d285bf152e728d3dda41ce58e2b0138d91e5e0d9ee25a
sample-4147.eml,16490,2026-08-06,b206f13e0e684f0c05f9b3d2070d07d2b2bc1ed8830e61691a66995f2f18d232
sample-6221.eml,58529,2026-08-06,384afa56b1a2f2f45de78d7deb15625a1dd2036f71f369623a576ffbe8cc6613
sample-3282.eml,10658,2026-08-06,c84f69070062a37208ccc4f6019b8e0a25d733bf60255de5c3b55099ea474ed2
sample-3234.eml,19383,2026-08-06,1853388c50fbaab465349d6b9040a33ce5bdef1882e49ee9bd2ba65e28050328
sample-6171.eml,24476,2026-08-06,5bd338f6b214fb16cc9d05c0688e0b16e3afff7aecebf3f758eae9b4f670b240
sample-2193.eml,16165,2026-08-06,5140efb9035cd21e94177ac23124417a4828248832bbe31d73e478acc3b912a3
sample-3108.eml,12105,2026-08-06,8e8f2767cdad63775ffaeec322c68124a71c8f6afef598ac8f6ad3a42ca5faa2
sample-1583.eml,15527,2026-08-06,7f80b0bfba1455439249b15f2086c964c58c607fb80b0c843c4b6c3868d7c2c2
sample-585.eml,118106,2026-08-06,60f1e75209abf897c15f72b0a9be9d6510fb90d655c4d2a8d07c6f0c2acf5cf0
sample-5046.eml,15265,2026-08-06,1b4bf2a1deccba7857062ea5720e12b24a9275e56b2fd50be743da8fe510fd22
sample-5305.eml,93377,2026-08-06,1d911bdc24a1ba630c7a74a5bc7dea04686c7e91fe08236a01768a4f08c37a5c
sample-1433.eml,18653,2026-08-06,d2724c950e86ec4f9304d6c34a2a4a5e8301130eb270e25a0f637afc7adfadee
sample-3835.eml,17752,2026-08-06,f479e31cdfdd89e407913dcfce3c0f6f02c0f23ecbc3b1e5d16afae6a57749ab
sample-53.eml,32622,2026-08-06,9e1411f8ad32a0990330248ffcfdd09722d65490bdaffa4894076710b9e9cb0f
sample-265.eml,18252,2026-08-06,e664c94591facbb70ed1715ea21b0a094eadfcc8e301604c4ba348f4c1112663
sample-5902.eml,161904,2026-08-06,273c96e1edd6b75a1c9e83ee8d71ea245ffe90e926809b5111af26bf058348c8
sample-4113.eml,14943,2026-08-06,5d47caa6df98704f79f2614128f9484c04dd249368d8cfa45c32517f6ec90707
sample-477.eml,19450,2026-08-06,12c69d5084de12f912f7957101665a77b988341b8907401ef46687846b54c986
sample-6720.eml,32765,2026-08-06,2aae03530221f70d790f26ec373bd9e4d4e5424417031128fe6bc0b723b0bad9
sample-6095.eml,15640,2026-08-06,857f53e29d0ec86051d98fa8fbdb847867e8791524a53b7a3d21b67c80fd1d4a
sample-7451.eml,22805,2026-08-06,15239b8f24300b2dfdce56ba8a2ea308152e0999868575baca329f2a6a0500e3
sample-1264.eml,22665,2026-08-06,f8558c6e6d71b3d483766534589423cf34633cf54d12899040c80a798cc60514
sample-8200.eml,473191,2026-08-06,ebda5cd0ef7ce77f00d5a0d1de15188617475bb7cef10a5eb7ac926095b64a99
sample-3752.eml,29494,2026-08-06,6c9306831851a781ffb57e97fc780c02367ae873c031e2347b8cfe859213714f
sample-3361.eml,18151,2026-08-06,6b8792c5b5e413445814cacf330976eef785750d9efab126f17aea100343a6bc
sample-7397.eml,17040,2026-08-06,1258fcd68104b73a5c43d7fcfa0fcbf7caa584cff24a309be404e2ffb17fe9ab
sample-5248.eml,19224,2026-08-06,0093baed8db7726545dc91d481460a14cc05e50ae51733a6ba948814fe08093e
sample-3737.eml,28038,2026-08-06,6b74946f66161f8d053f9da64b2b216d1af1e325fc6ed5ccc1a259451779cd5f
sample-5446.eml,20514,2026-08-06,7c8c359e786b2bdca1fc6d04c650ed22c2c33406be8b41304fdaf490574b0767
sample-6468.eml,22033,2026-08-06,cfa3419880d16bf4bf61c21c742c5c77f98f00ef899da54d80fb2844d68d4a56
sample-6638.eml,21464,2026-08-06,84c863e7b8d4a7bc595c891ee608a1566771f5dbc6a94a482ed1bd2470f4a71a
sample-4223.eml,18012,2026-08-06,7ea24924b5dbedc8a21bf1a51e9eaffeb7c60ec43953b2edb9318eb74e538dd1
sample-7819.eml,22064,2026-08-06,0a7a6a7b3488986133a0de4536f5750b611aae4263603ebc467dad06ce3dc910
sample-7170.eml,17653,2026-08-06,594aa1ae653b71d14a147abc628fa7f560eaf6a2308d6a3ec67e603bfd779983
sample-5938.eml,10749,2026-08-06,fe8755f8a156a1ef21b7b332141d78bb976098b6cab062bc306624d17cf2c669
sample-3476.eml,45074,2026-08-06,ba16a14a11a1625e5df7c3892762d7ee1c29f11a7e37fe873cce2afe7511faca
sample-2702.eml,12674,2026-08-06,969655a59a6190162bdc588255e500a9467e7c0b116b3b1b7aa74ec0fd906632
sample-3001.eml,16883,2026-08-06,c7f7dac5ca8194e3ff0af3e6af67abe676423d780a8d724b034aa25e0951bdd7
sample-2313.eml,19509,2026-08-06,01f60e7ff22e1c1992e5ece1815a118a9d6aed1d328212595a958972a8435638
sample-1782.eml,35471,2026-08-06,cfdc70412595ae5d15645b1dcdbfb3ebdeed0633a24669b5db354c2a89ef03e1
sample-2037.eml,19113,2026-08-06,af0b22de54b83916caaa42ed96b7f5c4fbbc0fbf8ca90b3497626ad201bc9f90
sample-2406.eml,58844,2026-08-06,56193255ac6ba346dcf32b2e0f6313fc0e2c6e2ca7ea195a353c9968b5c4ada7
sample-7681.eml,27143,2026-08-06,bbcae83a86a9349820486408ba23124484c712f569221bcb2a7174a49e0b04aa
sample-3697.eml,27100,2026-08-06,e83790c9bf5a03d309ea7ce451e5f672f888a3f13aef80f6e38c023706c58265
sample-6217.eml,40958,2026-08-06,d1bf7a57c7d28cbacb6b7a50bd36db5f9fd48d05311e00d95bbf0df0ead31219
sample-2183.eml,16142,2026-08-06,e87808358b0b1c90f002384f2b87f4d63728ddb48218165c95603c22c21da63b
sample-2958.eml,13459,2026-08-06,e026a8ad58d8574e49ae5dc9becb97c8299cb2c53730840759581e06e2543357
sample-4109.eml,15816,2026-08-06,d4a782337ec26eb3f3402738d6feeeb4805d5d50ea9cdd3990b627d6d579215f
sample-163.eml,18851,2026-08-06,c2a8601a62bec8e86d1ec56f0b1d190bc8b5a95f5c0c61812fef14a922122db8
sample-5864.eml,138878,2026-08-06,39a3f5a1ffa08d83a45a50115685022aa827a8364f9c91f3af78a60251280306
sample-6476.eml,116744,2026-08-06,8599123573daa91d61aca3417ce6307347caea2c42dcf38a1850fef4691eb712
sample-5190.eml,14083,2026-08-06,2c1a222830efd75b19bb455cb0c56080a1e23b3223db260afa52272b0520d811
sample-6360.eml,44500,2026-08-06,087de41c0f6b279c7545ec7e1cb8b66a83728317d386cedb4232a3faed0d066e
sample-68.eml,20876,2026-08-06,14a17ab233c154ac270d5a61af5514fbd62602edeeac3cec875ac659a4937c49
sample-8157.eml,468864,2026-08-06,5f2d03ee5dbdc32839b18960f5848822aaa99fc0b8524733b61315f79ffaf558
sample-3510.eml,25694,2026-08-06,7e21bf23cf1620a98859937c5c3cc521096ae323499136242764bd4acc61ff1e
sample-8495.eml,20561,2026-08-06,0e76301374ace39a9719cc43ff2957768e40b387d01ee4021a6c59c216577583
sample-3038.eml,20249,2026-08-06,e84100dd5f6913a03781b9b8b8ee6985e39ad24678d1abd2a5c8a1d52e510d22
sample-1639.eml,18478,2026-08-06,a3d4c388266ebb8d234ed5ce25b941fd992c47515a0e31817582566f35c9b294
sample-7512.eml,25003,2026-08-06,32fed6676374baf1ec3c93f925d525b5f3455f0db2b4094939f0a3fe9d902a43
sample-2132.eml,24727,2026-08-06,49ed82bf841bddd0add54781e27aa75b186cb0824fca2db2f66686f5921930c8
sample-5949.eml,26118,2026-08-06,90851b4854e7465c4d34729bf523fa66d8a63543e43b992802ef59bd9872cccb
sample-8582.eml,14154,2026-08-06,15c635d3864824c431b31137fdeb3478fc61dc73dc486ccd60ad8743581cfa3b
sample-7827.eml,28013,2026-08-06,29fc0585966bfcf3f379016085466b0d252c2fcd0c9767723def0da6d433938b
sample-4646.eml,53450,2026-08-06,77d91168ec183ae55d623220031b6b4f58ddf32a4114e60f501bd04a12773f48
sample-7709.eml,22449,2026-08-06,839d7748ac01efaaaa29db985d1075c930612107511f8228f2e62b6df09c62d5
sample-8188.eml,462551,2026-08-06,7a665f97824fa4c72cfe8f45b05dbfe6e2a66da7e3e79a81a4759f8c383127e3
sample-1082.eml,18151,2026-08-06,ebeb118b828f03f5c7602c22879e74351843f081bf285659ee75f98b0e4f40e5
sample-3900.eml,27377,2026-08-06,a75301f95a1e8714d7d6b48bcdec82a27734bb484eec0fbec7408310867d83d1
sample-4546.eml,16449,2026-08-06,bb0be98ffae45a0f984fa403c0d1aecd7846ded7ae0dd0d05d464934d3d60b45
sample-1696.eml,12421,2026-08-06,6b2d23dcd8d605a86c921730e3825e68048c977ce9c6953862103d89136f1f32
sample-5499.eml,15081,2026-08-06,fdbd33516ddf8abe6de9aecd4d0553192d341ff222808fe6a10a258b47fd5fda
sample-8496.eml,20688,2026-08-06,525700cccb7fe279a6fca7df3944a816acebced3a36b96f193ec00b61e9768e0
sample-3425.eml,36139,2026-08-06,56a1d477c21633093be37f8da64f2e878c7f44d400d5456be72b2ae732ccdfe3
sample-1687.eml,20354,2026-08-06,323238cd63ea3a448152d8539b063bbbe603da96568687272cc00d60b4b91898
sample-4103.eml,13134,2026-08-06,b27bb87a7e7035685184cd96c06f57d1c5f64ec4d3d2e1c08f85b9321899828a
sample-1742.eml,18752,2026-08-06,b1131a23bd71bbea0adb5a9e95322e018952f8a2375582f0985e2aefca1922cd
sample-3545.eml,17718,2026-08-06,f356616997ad29146719b00da4e8a296ea71da3bf34f2a77c80c8f10b286f792
sample-2409.eml,25248,2026-08-06,570006a6ac2b04c24bb7e0921cadc142a6c631ba68914addfe20f96854208465
sample-3921.eml,33125,2026-08-06,290b35ed02e4fc599c26647dc487512c6ccc493b9bfd519a310f83b7929f3c33
sample-616.eml,9433,2026-08-06,19fe1107b58b986515d70352f3dc7f3fbe8e4e03b5342f70edbce9e1254ce161
sample-192.eml,122498,2026-08-06,f9d0c2473848ca2b6d912905ac740bfff287c65fc9e39750d6eb8465875c4da2
sample-3142.eml,16510,2026-08-06,46661147b5a45b965745d0b8cd92d6b4b3fd64b80fb760fabd818dc6654ce1cb
sample-4342.eml,66030,2026-08-06,ca20265e76d478826aa24eb996725cd6caf21dc715278e74c7b6407f0804e70b
sample-3287.eml,27293,2026-08-06,845d96f903238bb6a947615612406d125c00d3645c1c5301b6e43e3009c44a7e
sample-5421.eml,32265,2026-08-06,aeaa0025fcc75fcef26dee272db9e00c6def508193907955140be59886d4e3c5
sample-7911.eml,19899,2026-08-06,ec24b3a6bdcb6e4856b8169a8c0c883b934f359bccab325d6fec624fa181d395
sample-4844.eml,14464,2026-08-06,fe0462e1feffdc3b05bc4fe5fb82ae53dc17af25f91e94c196d7dde2969d50e8
sample-1803.eml,50634,2026-08-06,0d006aac6b3cdaadf6191fa4f51d0c7cc5175b989c966668617f52ea6901dcc2
sample-2345.eml,52848,2026-08-06,86c3ddcd1ce10eb1ffa2d494c08277c6b866aa626d47a3e0832b192b807beeb0
sample-6703.eml,28265,2026-08-06,ca09515ec5e1951d0c19cc78bf0c3fff7e218c507b263fc063ba85f53bf0c5f5
sample-5040.eml,16034,2026-08-06,bfe28331454c823541e3d013e63b7287298c5126c9b24f971932bab0b5d6d6f9
sample-443.eml,9068,2026-08-06,85be2165c0178c8291ccd363a012aae13fc7bc025c3421d05a4f62bc2548737c
sample-4718.eml,65907,2026-08-06,51ca1ae472a58947b91988f47694af88f070be5ee49e326c6a2931eeee8cc35c
sample-6774.eml,19816,2026-08-06,e28a4ab5c493a346797ac1418fa7d7f12727950a9a0071b2352210a876e51dec
sample-3485.eml,23312,2026-08-06,b3404cb2b9666ad9c7919c4dfe8fbc891b7e84a8c19d20dc3618064330e6b761
sample-4436.eml,74555,2026-08-06,3f2e00919e361e9e3b15fcea094d6154f1594a02580a22ceabdfbb5776de7d39
sample-3410.eml,11930,2026-08-06,e9d0f7f9108febd1d9457845c7a0c3fac160d2c7b75b6185d6d0ebefddcadb18
sample-2349.eml,10754,2026-08-06,d26abbce686e5244b19b9a4d9508e1e828efc8b06809c0f47c2abc92ef8002bc
sample-8069.eml,15675,2026-08-06,ecfd165e42e3d299c0432695e480e0c3d80670b5adb50f7f4fbb6ddf8b128bb3
sample-6891.eml,31175,2026-08-06,33b2fd6bf7d43bfc6add4a04f16c3da5a1b242060cefafa14d976e833a2a14a2
sample-326.eml,28274,2026-08-06,83f995f72f0541440fc92c55d419bf8b3e42714cb38cc6fe50399ff3d088ec9c
sample-8440.eml,28152,2026-08-06,a706d3a3adde341ba3c0794d8fb4aa2d81197459ecb4977b42890f8da1a9fac9
sample-4883.eml,42092,2026-08-06,f5a0a86e4e7971a7b44b5d3ce10c465ce98208a26d56ae652ecd76e0135a7240
sample-2361.eml,104672,2026-08-06,cea920d86ea01febb0c30381e5326bd50e4c40acbb31174015f126277727bde1
sample-4969.eml,30749,2026-08-06,864c15783e93488731472fed78fc7b30c2f338d0a388d7a5a2c005ff28d329cb
sample-620.eml,32332,2026-08-06,479136a4a6647ea50bffca6416db724fa8c856c579b61674931fa62b6577a17a
sample-8288.eml,467652,2026-08-06,6f70a64e0265fc1a2e7dc302b7fb9f8dabf4bd34e3945b576d0f78b6f993e3d5
sample-6723.eml,29703,2026-08-06,88afb7600d27eff8e6bc6158a1aa9b6a7c6ef479562c34f931804bf8a1f67ce5
sample-3070.eml,13879,2026-08-06,f7ed2cf7923452695a362eab2deb3d889a0857ab8408b4a5ead6bb9cfe2d8036
sample-6323.eml,21073,2026-08-06,98118a1621d80e47c0a5d4b37400b4ba52b7ba3b9f40e4b4cc06dd9c9c866aa8
sample-41.eml,10825,2026-08-06,49e250f2169cdde1af5657f59b21486add4552721e772a93e2e8cf1e3c3a84f4
sample-2131.eml,24958,2026-08-06,337dc9d27604dd562eff35126804f7d0f5c9b8f2fdcddce57916ad4c0f5e6f4a
sample-615.eml,18994,2026-08-06,aa7ce7c73459d9c5f647b2e1080cf131e4050926da7ebf8b9d637431423e80e7
sample-2216.eml,20038,2026-08-06,47850f427050837607c5ef6c9384cd46b23558b4e02ab7649e9c43a41b38bd34
sample-8230.eml,472630,2026-08-06,79c44bca190029813c623823496f1cafd71afb544f2ef52fe7f2b2e4f74a80b7
sample-5001.eml,15198,2026-08-06,b7bb3e39bf8537c1622815844d5709310844919bd8a987b1fa8060cb68014b88
sample-2261.eml,11879,2026-08-06,673f9a35ce27f2f4b3465ee88ef31234bd8fdd6674e1deef4ca0d4d27d5aa361
sample-8086.eml,473947,2026-08-06,028ff83a58509f1b818d387f4c0cc8f9bbc12aad4b2997c0bead3b4e836cc72c
sample-2942.eml,31626,2026-08-06,1f6783861678706da09098780d4d4f7a691bfbfd1c14009edd1fc7006306b9c2
sample-3016.eml,30248,2026-08-06,f567fd830c523c1d2497b9a1a0de06cabeeaab50d772c4449a33bc036d45eb56
sample-489.eml,18842,2026-08-06,bf36a54cbd16daf77417d59f163ed610b81205c4c49889871fae645cc5302e88
sample-6081.eml,23711,2026-08-06,04d70b40a82249c9a24dda1f686c924cc25ef8183ee6c2fd261cada5e8619ff2
sample-982.eml,18360,2026-08-06,b95cdf2df8a15e62daf66a1d62bc2e44898f2f6a59b2cf1197eef2d8a7cc6755
sample-7033.eml,440889,2026-08-06,7ad141ebb0a93f624dea70256c9c0d297095377a6d30b2055f400dd1725a29db
sample-4361.eml,10809,2026-08-06,972eb4a38cb2ae93ae18aeee2d3c60feefdd9963f0145335c5efe542c47bd666
sample-1142.eml,24800,2026-08-06,222660710b1a815bcbb65df9c69c2ce51defcbc0884f80fe89a9bf45cf5a7bfd
sample-5058.eml,13851,2026-08-06,f02ce17e946add237c6e49627214a2cfb1274f79fb0d361dbfd4ef7dc46731c5
sample-4512.eml,14176,2026-08-06,1d59b028f377c9981d7d79045ff3f71b7238d89dbc694b2b4cfc0bf58a377ecd
sample-1030.eml,28595,2026-08-06,898620ff96bb64114c707397827638f72a7d6ef63b8413546a8ceb5c9b3e0d45
sample-3093.eml,21026,2026-08-06,9ce3daa462af00ba97993751016852916526b5d50d1d474a04fe9585e8bcf9a0
sample-2030.eml,146753,2026-08-06,8570eaf95c81dcd3ff0db032b76201f0127c693369596afa9fb4c31cdea4dbb1
sample-5635.eml,13602,2026-08-06,c3f7288c34494ff3c0f1088d4603f72539f4aa4a151144720d685fed8af0262b
sample-4714.eml,37584,2026-08-06,ef93d10c0de964437995a65a7264b7dcf7a71d32ced942c1f0015d4a5a9ffa21
sample-5886.eml,69865,2026-08-06,b792bfec1900eccc9e9b355ba8fae224c6f27b1b84ea12820eb2f3cb67d9ae7e
sample-1062.eml,24525,2026-08-06,7341bef7e0b788e40b153a87fed3d8d916d0ee94323dacdb4564d23f08009792
sample-4839.eml,27024,2026-08-06,79538f1445c212e6fb73d9c6226dfa977ac92ee1aae89e7b8b802854d656bca4
sample-8422.eml,14681,2026-08-06,164bdbc49dd63fa834a0555a8480eef072d8a6126662c0a8dc3a8553680f9296
sample-950.eml,44255,2026-08-06,529b75a439eda933739e8cf70198e0a8b41704a4bad725aba1d295b8fa572d74
sample-2697.eml,19334,2026-08-06,69e26300b01fa6df6036df76d8be4623c96f28711358e3c119999f6aeccd9e3a
sample-292.eml,28001,2026-08-06,058cbc2a795248fdfbbf071f99e60e7b4383dc5fdd0b461c1280c70c0682d80e
sample-5492.eml,18423,2026-08-06,c25eb121cca366dbd44bc8c1807af65142e2357949da2d66e6628008281e9a9e
sample-6445.eml,102149,2026-08-06,f312064bbf17f8e9177448c327cc11a28e6f260baad92d31ff12795b20d34a85
sample-7988.eml,19923,2026-08-06,5efd3bafce6c2732390590ed695ce8c45709561ad9ea23391d6998e9923bf8d5
sample-8330.eml,475531,2026-08-06,f24342f026f2f733dc6a6829303ad7ef9c829b1ed52c36f944957435f68eced5
sample-4210.eml,14933,2026-08-06,47bf780b6c2889ceed320488d1c79a51a4b4dd2cbec781f3bad9af93219622a9
sample-346.eml,9699,2026-08-06,5284985ebba3c3fafe19deda89293a8df0faa18e27b084d98edef431e78c9bde
sample-2604.eml,105694,2026-08-06,87325e5ce2fee7a3c15536cfa441d05f94daaccebe958e735e9e4483e0e67bba
sample-242.eml,14647,2026-08-06,f4f36fbc4c7223fc533d89ffb4a2e5f82961a3eb95b35a9bd9ab86392faabc64
sample-3972.eml,29170,2026-08-06,bf5f23856885491b43a2f00a612bc31985ea94ff92c340187473f886c57a662f
sample-3497.eml,12940,2026-08-06,21531d20e1a6d3d5d694193e6f252c05f926c69c4e82edc57f4368da17388070
sample-5306.eml,150301,2026-08-06,d5b8c8e3d4d210ccf48f5c605c6fa44bc991258b4bf4db9f9b40bde0b2f8deed
sample-5163.eml,14356,2026-08-06,71113727e31df4b8845d4832f0803fc3f44cb1f847e54f497c70b0f57b3eef75
sample-6105.eml,27594,2026-08-06,9d22db1e72043590ba8d63fed81adbe48ff47359aa11522f7daf48cf65f43b31
sample-2565.eml,15894,2026-08-06,01bb4798649e8e05131045c6edf62dfab397c2546b629b4c7de9e83bc6793c5c
sample-887.eml,150019,2026-08-06,23a4ffea726d2d72a621bbcbeaf079c43bafcaac2d1ec32db94425e842de5a28
sample-3627.eml,78343,2026-08-06,1e2bb7c2dc8baea068160a5aba1dacc757df3718fbcb47db9da60645ebabf2a3
sample-5683.eml,13572,2026-08-06,b4ab50a7d3c194735cf65f62ad12c50e8122a5950d4c261ed82dae4824cc27c8
sample-3844.eml,261322,2026-08-06,9a7448c88426cefda7c4d0437943b5865586fa9bf177455868cf4c2a04acf911
sample-356.eml,10851,2026-08-06,3263203060b7183b212241d6103d9468c2dfd78cfc3040076bcdb3da45d397fc
sample-6777.eml,19649,2026-08-06,b1c39c47e009262ee13a8660bbe56634c11ef0324f531b1a18e0ca9f8d9f317f
sample-5043.eml,27742,2026-08-06,ed27330af7c90af2cb48e0680ba89a15299394102516706edf9f5dd71648539f
sample-5638.eml,24343,2026-08-06,75d9cd5def9566dbb8acd91e1fb25514927eecdfad875dcf8b9d322f0f75d4a1
sample-6338.eml,23009,2026-08-06,679af55835b8a139577f923cc9c1783a62c3961bf015187db567a18726d08df0
sample-7605.eml,16668,2026-08-06,f3894b6ff3e54e7947d19fd847bf6fc2880643f479f196fc15fe06d747793ba0
sample-5642.eml,35267,2026-08-06,fa041b22892654075878c45e00e0ce177b557b87c876c819dc6273fa872f413d
sample-4626.eml,33194,2026-08-06,effdf8687a06fdb9ac7160ca3fb3a53a664e95c53fd0d31d6a68a0dd92686828
sample-105.eml,20329,2026-08-06,8bf660403cfb906732331b818c2a89e7c039576c745bb2070a9af9b8769a1ac8
sample-7497.eml,23486,2026-08-06,ca4a8057f899fc34473c4c3b2df729725acbe96e74dba3febdd4f8c32f306b06
sample-4749.eml,11733,2026-08-06,210920215aee20dd2afb84cf1d9c582a53a2161e11fd9c3e5b66210155bd6648
sample-3326.eml,17930,2026-08-06,0cdcacb179e73a82911f37a817e8634febbbfdf2da33160b5bcb6de87ef0c4cb
sample-6676.eml,28775,2026-08-06,a6ca9e339964dd6bf9c1fe68dd32579c1e042afd134968b3f4e77f8be49b4f98
sample-8144.eml,17112,2026-08-06,f4029880626fc3fc6160f63cd54b7860ebed63f1319ec9d810b9170c2952e555
sample-5985.eml,21782,2026-08-06,c3d394a4f51f9498ba443a163b12ddff0324a2946640a481856bf1fac5706695
sample-5860.eml,8991,2026-08-06,aeca9e5adabda361b4c0a76dc5abd7c585008ac1907dfb43516147d3b6f29665
sample-4162.eml,15014,2026-08-06,1c9533f8d7109d7a75178c5e047da5be285cd87f560c0aff37e0d0d125b8b955
sample-2350.eml,10830,2026-08-06,5de54e0ef759507d8f4534db3578f5a7bd90143d1347a189281335365a47479c
sample-3904.eml,15216,2026-08-06,954cba7ffe385f7a73213c7f56d2b2ac4bb164edd198a6eb5bfca509c2b8d9cf
sample-4140.eml,14975,2026-08-06,a996f3f33ea519e03471b59efcc03d6da807b406c03f3df6191fc421871d296c
sample-5198.eml,4230,2026-08-06,d32a42a2b261f35681e8bb7f0406eba934a86571355a058eeac7d3b93f184c22
sample-3742.eml,52367,2026-08-06,b63f26e1c8b34196b37070e872c20abfe395e804871ee12b0e4b826621b35c78
sample-7025.eml,17276,2026-08-06,4f229729d5da653319d1035ff1d22a1d7b553760dd7766903990e8190ad9aac0
sample-7813.eml,21563,2026-08-06,153eeacec63d6b9826297b1853be1c1d5198bfb73b71ac7604b3b90a88de3be4
sample-128.eml,11918,2026-08-06,7af42000d785690c7b4d647f0adf7107509321a21f78f5f81aad51ead6a3ebbc
sample-2291.eml,147657,2026-08-06,a117385214649246827f21963fe615c836019124eefc2b968ebca45c15956812
sample-3214.eml,20488,2026-08-06,9f331c432ad76a1c43207542c9ebf0d36a0f8641a488ed8c0c96772ecec94866
sample-6483.eml,123105,2026-08-06,81dc6e3af1bc8db32414402bb35783c119a7b09c8baaed20b286bd15860140be
sample-809.eml,13853,2026-08-06,ee0690afca0d29752eacb9c64db7cbab75842106d5a51b81bb04bd592d0bd830
sample-5494.eml,15769,2026-08-06,13acd3687d4d8ffc5f1ba8de620028fa2171091f14cf19696653c66e2c3de5f1
sample-7091.eml,20377,2026-08-06,c27b7e1c3c3e8557d6ae8a56923455019008061e182f5e158a00069910e3beec
sample-1502.eml,35366,2026-08-06,d0a4efe7b2010a61db3557f0989f1457daadf802643379ddef74b72af33b5b2c
sample-612.eml,117993,2026-08-06,11511e6c7dca4da5c4c49bfedae746a1ee9c135ac78923d99830d5ab9abc0fdd
sample-2599.eml,37337,2026-08-06,44089b1fc696924996319db0df6fd0c4210393e793da141318113ade100dd635
sample-4418.eml,36373,2026-08-06,9aa614c144add6944c1367cc17a0095f75326c704b6fc18a1916aeb3b484c935
sample-7974.eml,10706,2026-08-06,be7878d118d6076cd9d012e79be3edc15d96994e249c41edee15b6b302dfcf4b
sample-3512.eml,19097,2026-08-06,ea7289f99f26efa3a7a0cdb7e3d7f20eb8eb718c4368f969c39a1281e7daccbb
sample-3102.eml,37175,2026-08-06,3dc56dd4e23ee2b5c7f9854a85116433cf9b8e0dc97b654081ed3e105637c9cd
sample-226.eml,76068,2026-08-06,cce8d705e8fd15ab50f9797b96b28dd573647d01c734b17e2180d944d75e6c55
sample-5596.eml,18566,2026-08-06,0869ec3f20a8efc7c4439543c58a461fcb68bac48138ed7e0e5aecef23ca8ca1
sample-6230.eml,117621,2026-08-06,726c7952c0135c99d9f54b6d346245209ab2d6fa1eb72f64e6682bca3c2a7d1f
sample-2982.eml,17644,2026-08-06,4f18ca7c0157b48bdcdf8ccd4fa0d502f8538223f57b4441653ed098e92a3981
sample-8215.eml,20344,2026-08-06,83c31b610f1ccb290961c4d13e92222cf0ba96b966147ecbd05223061caff35c
sample-8081.eml,461131,2026-08-06,7b3fd30af79086c294c56f2154c73138abfea9d754b76d437879e7c0025c7c0c
sample-8535.eml,23556,2026-08-06,c41e66bd10bafff7dde4e425c42ccd6647e0ae5a1933f92fb7ab5dc88bd3e090
sample-1480.eml,44223,2026-08-06,bfab5f3548b2dc39f0471ae8a27f663e75b10262f48ccdb17ad3e9a8851a6c07
sample-1891.eml,31977,2026-08-06,01fb76ab09598f9d498bd63940b003903f3a79509ba1e1bcae416b120dc66e64
sample-1524.eml,20049,2026-08-06,cd1108eb983d870bb7d114cea42e68b70e6d75966ba7ae8bc17c9085c6c51b6f
sample-7635.eml,16962,2026-08-06,2e9d5c230fbc687026794ddcf1fe6a36d5f423d63bcde1c8b13d4ba14f48e903
sample-743.eml,33728,2026-08-06,6f3eaf6affd199719d532a0594caa6eea711426b7c2bac92d6eb998abff6fea2
sample-6654.eml,14198,2026-08-06,2f943befdf6bc08ba8efe4f88d0b0fb4b7aa7d29af6329947ec046342a4f9105
sample-7019.eml,36248,2026-08-06,1a8c6041d16bbff4cb25122b953f4ea8ef7249d4b1331bd2ab7a5be321922a72
sample-1675.eml,20312,2026-08-06,58ba50d64518dd6ac8bc5a341ca342661a2d5ef7a7ab0c606926ffe853c22172
sample-4095.eml,15893,2026-08-06,67b33b94b8aee8f74c4ba0ce7b66a40a8df231647f69b5ad4d93239ab05d119c
sample-4269.eml,12150,2026-08-06,76af28ce3ce78c0acfb407715e6a0a8426fbca3669ec59673b700d37d95d986f
sample-2984.eml,31625,2026-08-06,df60508077a1dc45807921c6e40aaae536fad45d0a01d99683f3d4be15ff20ce
sample-1634.eml,14517,2026-08-06,b096c263510de351a03442059650c29ec5693b4fb9685f75803217d186decab8
sample-1366.eml,58691,2026-08-06,6a6b449a35192fab9196cf3da1884d41723fea6b3d0fb67056680d6020794c3b
sample-8512.eml,33464,2026-08-06,0f9d246ef1643426c61f5df3fece1744571c73f0548ecbe1fdacb0da5eac1595
sample-3385.eml,25109,2026-08-06,7d824b1ceb703b204bcb058fc76c393c0cb7774303ac2a426b981d6e03061cf1
sample-2130.eml,24711,2026-08-06,7fc1cc5431ca6bc0f7945c00c3fc95ca8f5f1fc72b74ae3c6748508c61320604
sample-2068.eml,20893,2026-08-06,f89abb6a249510e7836f2fd10e7a2240f5b8f9337b016a8bc1169c49e0024d73
sample-7938.eml,20122,2026-08-06,6873d961caffdcc132358bb52d94ace8834eba68304e7f5809c89383235e6750
sample-8231.eml,33918,2026-08-06,2ef3720f53f29a4ca8695b7391fc7b04971a244bbd1f2239a3fb2638d3983632
sample-2427.eml,15820,2026-08-06,eb84966aa7493c0842cf7b66296ceea4321a52cec07667e85ea8b21e5325a283
sample-2729.eml,105239,2026-08-06,4ad4d237a21b2bf83cd2e9cfac87999f9fc6858cdf95ad6a1a2ff8064a0d6f36
sample-514.eml,19650,2026-08-06,1a55c7d62dd7688928a302bbb2cc4f2d63ef99557e2261f2a2f9f8201dcc22d1
sample-3644.eml,18323,2026-08-06,b3b0962c41f9d4e569e773ce666baf3b536fff51209c9f7c0043ec68a76aebcb
sample-2698.eml,19245,2026-08-06,48fdb1da20b010cc79b58d7852b841d640747cefb4860b652853f6d6ccf355a7
sample-3679.eml,12547,2026-08-06,b8a53a98830f35af974cd94e02f90d8ee2b704bff0512ac73a176f423e235ae1
sample-5515.eml,10947,2026-08-06,0fec9dfecebdd644ec516a1bb51b8c7eca8921859e94ac8552945119650a7108
sample-321.eml,9094,2026-08-06,e0bc95e922fa224f5ead662b221e0dfa035f4c74791b93761cd4a0bc351e098b
sample-5230.eml,14559,2026-08-06,6f59f10b2e048e744bb0ea34acd830a1005c5851db7bb22e2bee5a879ee79c28
sample-2124.eml,17364,2026-08-06,b9849c55387ed3f7beeda10df6fd230a37d18c618f659bba33cba815d4ed9ff7
sample-8417.eml,43464,2026-08-06,9d0f4c2fee23b604310bd85bf4e053d8c94329a0b7f34c321f32c777c1d5564b
sample-4295.eml,35368,2026-08-06,634ffbc13fb5ed7a0e5da1ba05844b8f896cb20f1c6e2449581b59bb09e2c3f9
sample-4274.eml,11347,2026-08-06,141c1be5060998f8a81592ac18c14ba170578532d516f7c406911e944ee4aa0a
sample-3755.eml,29593,2026-08-06,c220fd5dbfe56fe6067a4c676b938f0e3f909b0d47f92975eda3a8be059eb55a
sample-5194.eml,16147,2026-08-06,6b96a6154161762f93dbc91576cfa7ccd4c28d0f68df5433066afb6596fd9943
sample-1367.eml,21988,2026-08-06,d6b5fc8766decb7501eb916e5fca29c5dce0d4f068a8f52c2ad4c4f481b2e7d5
sample-3565.eml,15195,2026-08-06,0479a307a75bde88f1c4a57b08016fc22390f55f161f5d9d88a06374d65d16e0
sample-1394.eml,55361,2026-08-06,86d6857748bae15d39a4cab9cc26477ed7b0a7a703710fa3c7397c36e619f946
sample-7663.eml,16120,2026-08-06,8fac999592070759b12af4f188ef0ec11feef8b8e2749ee743073515085883e8
sample-5768.eml,20146,2026-08-06,96b012ade63b0a591458bcd84e2ab0a14d3720c31ec535f064b1a80bbf001654
sample-671.eml,29103,2026-08-06,57eba10b6ad8f70c151cb52e1e458300fa4360a35ce86f03a706c4fefc47ff35
sample-3063.eml,27657,2026-08-06,11dc1c40e0bb762b13e6cbd7c12965b7946eb009afaefede70ac6871b4fab390
sample-4811.eml,11266,2026-08-06,6fb3bc6763a3b55a2145c1938c477a3718a0a4decb5dfca3a23cd9cc9119eed4
sample-1298.eml,38733,2026-08-06,0a1b3c87d1f28281ef01f98ab2226ee1b7b2ebcad03fab4cb98ab15b1ac4082a
sample-1040.eml,16222,2026-08-06,8b684dbcc25a1b5864298cc5ef72bc428216dfab5991fa7154669555ebd4ccc6
sample-6606.eml,19733,2026-08-06,e020a47e28b0b8c364114d842ebb75f6c824a297975dc9236e0c34f57874f4c2
sample-4606.eml,21623,2026-08-06,0722b02852a7d28cc44b4e022c3534ffba92f19376ebea359f3aefbcb37b25e5
sample-5299.eml,131859,2026-08-06,9568ecad24d12ed60c19ebfc1a114ad2c82dd59d3ddb2c07fd8a715f02b65aa8
sample-5892.eml,20423,2026-08-06,1c3c50d1a6502449a829ac81fc238656946e09649656191eb3b87e254f036851
sample-4451.eml,73732,2026-08-06,eda22e7fcb153f25b396306c5105e8323762502e3f16674c7d7854ba0a1a3604
sample-211.eml,11541,2026-08-06,1c832a607ddd3d872a83aa49a0fdf683f9a44c2b64da7ea7c64bbc862cd67b5e
sample-2434.eml,21027,2026-08-06,db161003a4e90e63e5a381ec9339713f8d8e98c7a51bab40d379b06605734680
sample-6173.eml,20708,2026-08-06,7286e9bae9a498ec40dabe9cd549f772128be0da89531e61cef08fab43b4fd07
sample-8482.eml,23606,2026-08-06,961243f3b59a671ae3b65d0e0b42d79a28ed61f99ceb187f8bcd048a702282de
sample-7626.eml,19208,2026-08-06,b8e3f5c18024eedfd612da53038517c38b5618b14755e8dffd1bf2d9796821a6
sample-5773.eml,15327,2026-08-06,8372ed19bebdca6326a74ade84c21ca33821110639ebfdacf96a191cf59e81c5
sample-6880.eml,22835,2026-08-06,7fd2c6c96eef0804fa9f083a0e0f1886c34d5fed0c0f60236c412982d3eb5bb5
sample-4622.eml,19716,2026-08-06,6f775d7110632cb8bae5f6a68cf5e1d7f30503acb3dd2b329e966f2956917df4
sample-2820.eml,45941,2026-08-06,06bed972c9507d33916b7c65b88149e0da687511a9797c259fe7e6d2533ac502
sample-3076.eml,27850,2026-08-06,7206c240f854265584d666e20ce3ef230c5669b2682bcd66f2a5332e662d5741
sample-1979.eml,18465,2026-08-06,820c490d26ed49b3b365832b36ebcd3eca2469f612a491316ad9e3b23c150f9b
sample-7399.eml,26280,2026-08-06,fe23250a141bf7642ffb5b1bfa201ed5fda929903275cf1fc9d12e06f6460ebd
sample-4730.eml,18885,2026-08-06,bb2173db344750b1dc4b3eca48898cc80cae69cee716aaa5e9fbb56f65f4d4ae
sample-802.eml,24770,2026-08-06,2f10b1879d41ebb07778963ad4032f61b7a519b32e288ce674c5f5ac85ae9e0f
sample-4806.eml,16859,2026-08-06,beba4511ade095068b262a1a12eab59ac0029c48da6f7eb0beb4a7ba3a035f94
sample-1528.eml,19575,2026-08-06,e2080aadac7a1303970d3a89d23127a054a66ebf8656810837e1cfc1b40eeb9d
sample-2607.eml,105747,2026-08-06,813f1fa7831ef6c52c68ec8d49406497f19e8cf7add3c8386cfefdd29ebc3c47
sample-6316.eml,14593,2026-08-06,9757f871146a5f3eb487ecf99881a26f09b1bc6159e7c7e3a6de6dc965388f2e
sample-506.eml,31068,2026-08-06,88520d0d65012eb498f8d97136194df2d0c7f94c54fa0e4e7715846f417ebcc6
sample-5771.eml,12176,2026-08-06,36a7cd086a46bc7eeba2a674a844b279acff8a0d36e3614b1d226ed5ea967b6a
sample-4598.eml,24626,2026-08-06,147df932e49129586ef4daa4a10f87e56df1e89b24c4155b2746aad1e05ca412
sample-1978.eml,20309,2026-08-06,edb32e465eeeb5cd1dcf627344ce466b0bacc8ccf6572e9741fcfd5913b771a2
sample-475.eml,61661,2026-08-06,995600e841905eabb6fda638efa1b5bc65a326b4413fc820bfa41605cb1264f5
sample-7480.eml,16952,2026-08-06,411928b74a1b14b42a97f0c9343cec79b93923cf78aa5c41b33806e900cbf76a
sample-2196.eml,23060,2026-08-06,899f2a43f37d328a9a978407810574d7e563fa73ef3470ddbb3ea4f27860be4c
sample-1836.eml,183240,2026-08-06,99eec9e6e6568ec4ab163c01b2eb2d33a90131d7ab29a69142fe50c29e87f007
sample-717.eml,112324,2026-08-06,f7165a155264c276416bc3aae1fbce296dee5457ba56c4fb02efb20402dca42d
sample-3660.eml,28603,2026-08-06,9b5f92fad4f31bebc31aedeb68042f04ad278a51bd2202a633d1707bc010ae83
sample-8465.eml,32346,2026-08-06,bddb315cbc0a7d7316f44905df6418c596a750ca14eac24b42f73ecd89d0000f
sample-5748.eml,17861,2026-08-06,a450481359cabb1d0429478a5f8b3b16f19e9a2eb53b2527b3f6a651735846a4
sample-5983.eml,19481,2026-08-06,d2863002f25944f680bcd45a359d4dad6cd9f72f5b2562619f44af6c79f82300
sample-3964.eml,22494,2026-08-06,caf8195ba17ef3b5e92387527a3dfcb67528142ec2da8d6ce208da58106452af
sample-3441.eml,16755,2026-08-06,bcf2b3c10bb64bcb5d1484fb4e906073661259b1c9c014642024c4d61692df9b
sample-6990.eml,13823,2026-08-06,e173a3868302457735777187e221b6e1b82e6f925f4b968b71249887ae11616b
sample-8387.eml,473600,2026-08-06,48ff0b0c31fba4ece1388008a8789a65674240231c3035cc277155968422f28d
sample-7574.eml,26711,2026-08-06,50ee463dffcfd143af1e4203e166d8ce3df626b85cbacf4952581fa5447d5b73
sample-5992.eml,17016,2026-08-06,536989fd6303e1a7ddd28fb58bd3ff066ef300a53008acc65f93f460d631174e
sample-704.eml,20103,2026-08-06,dc813d3b11de950e48fe8dc015e78655610c1f5258e261f855b7d09cb91cb74a
sample-554.eml,9590,2026-08-06,15921c7580ed1d42a83da418c509c4952db442a4bf5ec822e2487e5c7dd7fa22
sample-6639.eml,25511,2026-08-06,d628649b7fc3975bfb635c219f5b62e503a98dbac5058366a07e11918acf2575
sample-4954.eml,27321,2026-08-06,2bd8bbda7fa0f1d1566e161f23dd94e1b4a5008da416ef2fd150f77c1432dba3
sample-2722.eml,105315,2026-08-06,3354df807f5d9d319f761e6827e4ed1409dabf57db1caeb7d621f4a455881f16
sample-5529.eml,19827,2026-08-06,134761a0256359a7d723ddd1fd8c0860bab1ab0464faaea1aba65757a00a2524
sample-2476.eml,18292,2026-08-06,a4603b3160bca6fe3115119bd675af15b0f1d0610d20e3c9c37f0080735bd8de
sample-76.eml,11359,2026-08-06,bdd3ec5897703cb88e4d728ed8f595d370da5a3059a5ba9751126f88f55e82a0
sample-4011.eml,29019,2026-08-06,9fb5769efda77205b873af0e8deb6c08fbee39e6ce4e623bac39eaac87a24c30
sample-7982.eml,71741,2026-08-06,6ff9f7e86bde0be121e22b89550955194de5f23c3b4a5af3a357e118169b09d6
sample-7037.eml,23831,2026-08-06,932e47366c79dd56c78f221e85fb6dd5308710e54e709535b2242929f897f670
sample-7758.eml,21743,2026-08-06,aaeab913dc235174bc09b71496102b6b07a045b8fc9a4b905bb90bddaea1b81e
sample-4920.eml,13846,2026-08-06,d990cf26d5ca4d7df8a75ba6f773fa1903caf2fe0142c78b29d3765c3b95368f
sample-1092.eml,17827,2026-08-06,a03b0e0146853c10d86488e5bf5775a3844b5006a8948251aabc5f9c55ee5cfc
sample-80.eml,40935,2026-08-06,9f0f514ba03598f98086d068315729bf3f8f1194e95aaa2dade68013a40ed543
sample-1707.eml,18198,2026-08-06,0b7213da66fc5472ad597cca08c9e721e0a137b5e617580e9e9d47de63a12a8c
sample-223.eml,17071,2026-08-06,09e403a0a056821a08ec970b30ce8bc11059a555456ad7912c02fdbcaa462f34
sample-2498.eml,24876,2026-08-06,abcb59526a78e3da6d0c396807e12f7220fb8de2894790a81255780ccc677535
sample-5923.eml,14875,2026-08-06,0a85be6fe35308d97a81dca9c3f6d228c62cb84cf49a0f45dc207afb03d2b8a0
sample-7182.eml,19537,2026-08-06,a0f13bc26b0b83c35af2a9b93ac6ea19e6b35f61ea6daf753f0eb3b7bb07f829
sample-168.eml,13061,2026-08-06,0344744995721c66beb485dccb602aa91beed410559ce0121cf375afdc563947
sample-3740.eml,42715,2026-08-06,d57ee8d836f024d18a793d37a123264b176ec460df38d025b6d963c31d58ffb7
sample-8333.eml,472788,2026-08-06,fd9e5399ce95d3383ccfa8944ab1da6a67181f9c6193ae07e1c24b5c16fa085e
sample-3027.eml,63390,2026-08-06,e8203241fc4a306996d8ddce2ba76df430cbdcfad77e013b7e1a42f72da411fc
sample-4500.eml,12022,2026-08-06,1f98cf561ef3e5915d32364c153e429d69090d5e0d40eccf9fbb7ac5fa122d6f
sample-4837.eml,42316,2026-08-06,a96fa9350a2fcc6f6012e9e34e593d2d73dda1d0f0c1ccc9e431086a505ae959
sample-3025.eml,18966,2026-08-06,3b6c3f80983d1983244510cb594e2788d9c3174851d117a90e96eddf4750667a
sample-6875.eml,18847,2026-08-06,c0c5234f41c284558e62e86332d6f5471bdbfad74a4f456f394bc9e953da554c
sample-6814.eml,22373,2026-08-06,b345ae485862678b6d5ca9b4ca6400b4856ecf53d5df03ce3b21d9d65aefc7a4
sample-5917.eml,20836,2026-08-06,2f3a1084b0eb44e0de97e32033f98493e0bc41a8d4b0eec0ba2f85117671ce6d
sample-499.eml,20691,2026-08-06,b00e8759338a11d473716b2e36763eb695e2965df9752219f4f21414071f4d5d
sample-8410.eml,473551,2026-08-06,9a4322390966c16903764f41a88d3986a8dfa37884ab11df576a1a4b1c6dc1e8
sample-3825.eml,27999,2026-08-06,c635660dd71d7b3705245bec062b94a5b9e62a62aa067c87de37825139ec8210
sample-7396.eml,25645,2026-08-06,696bf2a57064c06477d16ce083d336b4f3ee899d9457e18b139067d8d722090e
sample-6.eml,14976,2026-08-06,6ff8ee20b9aaa6ed1471cc2e14863bc2b354e421ad6ad2d95b853f7c8ad83ab4
sample-1896.eml,10532,2026-08-06,6d558826742c3abf908d8b6203564a664e4650fd645cc299883e777063525c60
sample-3.eml,12516,2026-08-06,6fd8e6fe726a67236792221d307a7eb84b805c38293901e2971a6c8240451004
sample-8568.eml,21197,2026-08-06,5a19cb2486d4412c3ca1036491154be809d547698224f6b6086c56fa289df524
sample-1222.eml,28655,2026-08-06,9211ad613f9520decc3c08dc986e24505c60bedb7d2c2111de6b8932f72d0211
sample-4752.eml,25179,2026-08-06,0343d542f56e6315905018f7ddd84ac067154125b297bdea45cf78b979d9bb7f
sample-4829.eml,14315,2026-08-06,3995214984f47c586b2ecc616db6a5d9fd34e992d2121f8d9a4a568f493c9ef9
sample-3289.eml,27296,2026-08-06,8e45a029e058f366cc68066ee115a97df6f15e2c15191211e23fff85575a113d
sample-5581.eml,15496,2026-08-06,b73023e6d74f8cd74c2520c8f459a811a8d3fd3b526af7d4ec7292d8c908b603
sample-7746.eml,23274,2026-08-06,102fa1cc201940a884e9f55c4d4a5e096d851c6323d00f800a0f155e6cef1a46
sample-4338.eml,17269,2026-08-06,83ab1928b474835ad24733cbc1ba40e543e53a4f455c10a074d0b16ced19852c
sample-8386.eml,28460,2026-08-06,8f574e0f69013e45850f4cd2bbdbba6c1e707ec9f5e534fcd6eacf301400b598
sample-7680.eml,19785,2026-08-06,2bea1a4280d189382e3ce698259e677b0ddb14706f9fcc8749ee45ae22291f86
sample-8600.eml,14386,2026-08-06,81e9c2abee41963b35359e281ae6373559c6944fbae5cd5bad691f8ec2ee26e3
sample-2347.eml,12204,2026-08-06,6ba7a1efdab06ddc93c3f95265f3ba86b210c6c030b5c822f1aa864c52ad9840
sample-5457.eml,13782,2026-08-06,7e8827218001eb49ef2da87d4c0754fba47fe5b355ac93df234fbafd77b3b155
sample-6082.eml,18999,2026-08-06,27dbc2ff09013f02cf31f6cd4c23f2a26e6829d98f964f06bad4b4f5387f71c0
sample-1845.eml,179880,2026-08-06,3c1ccf78828d467f5dcf6eea92ca348ac586d3dda3b1b65adeb1376b253a39d4
sample-5290.eml,13898,2026-08-06,8d784cc865b0783fe969fed4508213fcbc6d5d4c101b848e879b0e6e0460e290
sample-6145.eml,21905,2026-08-06,1ecdcd33d3d9fe0fdaff099475c965f1d8c1c2b538acdf4c18afdc5c75c75182
sample-5032.eml,15150,2026-08-06,40b7d7f8a71a546490488a5c6a86f238a61374f605f4bc033a3a00941c4cd5b8
sample-3668.eml,27970,2026-08-06,9acf245e1714cfb02214680f3defdb0e4e7d2d653144281e6797d8ea3c8b4785
sample-8302.eml,473858,2026-08-06,cf7fd90b5b9f26b50dc83f1bb2581c381e467bf6eee48f5a28efad2a24290505
sample-7412.eml,16335,2026-08-06,4d103580a56fb8d4f0fcf70465331fdcc0029d458d0a4ef52445ca077ea15471
sample-2392.eml,15336,2026-08-06,93afdbb3ceedd06cc0c1b48abd95a1b81b8e82fc71d4986d1b1af78380437340
sample-661.eml,91801,2026-08-06,12c4d93e68435ff988dbb136557bc6fd6bf303980d7264c2997e362bf72ec24a
sample-5626.eml,23774,2026-08-06,0a49761d0c47809a7fcdeff1b43615e74ec96d111385446888d61c4042e675d0
sample-6274.eml,11271,2026-08-06,58fd25e3603821dfe6ecdd8ec980d17c9c967a98737c43d4fe7b3f41eb908835
sample-7384.eml,16500,2026-08-06,bc2726a9602a15bc1d90488ab10a80c55e93671f32f9409fb1fef947ad3b81d4
sample-6347.eml,60609,2026-08-06,7f813cb802a6fed038aa9d5e6a048633c619804e3cb60ef1c0fdfb5ee56cc6fc
sample-7005.eml,16343,2026-08-06,750f56cbbc5cd542b1ea5d1ec52f2d40ab6695e93802d3ec377f1429d55b83c3
sample-6883.eml,22423,2026-08-06,13c6e8d74063c923040513a2b64cb62eda67da924b3cc87392c77928e9d88960
sample-7221.eml,18744,2026-08-06,a38030c917d273e9c97be5d1b11368df4fcf9da23b5d47f65e460749c9d2672a
sample-6002.eml,9258,2026-08-06,f633d087f458b4f9d348b2d16eaa4eeecdc975e710da6486b79c0237a9727a3e
sample-8425.eml,15181,2026-08-06,e3b7a1602a27a0c00c9537553f19a8566708a436aaf6fae28cf96b239eeabfd3
sample-6295.eml,15772,2026-08-06,dfae96c37c52c6a0952627da7303915aee8b4976c8798a0c1b1242c8831dbc97
sample-1732.eml,16661,2026-08-06,84d43537a7a2e85488ac181843150c5004d0421647e1ebe18cc0c033274a8e9a
sample-1153.eml,464212,2026-08-06,1031efd2cebc9403601237c5627052680cf37540dacc2c18faa9e48b58935ed5
sample-2711.eml,25671,2026-08-06,25df3b05fd7bc3032f62ebe5af2c44528903999a0d91837439b7bf03ea334cc4
sample-1270.eml,25590,2026-08-06,18c6e16dd6590acab0e4a3db57d2020b073dc044c9978ccc0b9c60ceaf50fb45
sample-7010.eml,23842,2026-08-06,e1af24da370ec859152bd49beae8ef4ba3e7c3324710187c9f29bcac08d270dd
sample-239.eml,14702,2026-08-06,edc719952fb891970573c7bffed5e6f7bcc14158ca59e27d1130cee120fee951
sample-110.eml,19644,2026-08-06,435dfe724a6450027250a8769bf5e11a6aa5fa81a92fe906697e9fca93b607a1
sample-3008.eml,21057,2026-08-06,b5f3eed87236db52b031432f8d7e4af08e64ff50a9859105ab7514eb69eedbc8
sample-1977.eml,358955,2026-08-06,b4e8cee5aeff8882d9c1fa9c6f42bb2129b561a8b20a9cba96f02f2cfa3ffa45
sample-3433.eml,13852,2026-08-06,f533f9429b90b244bd6d62c7f15d2859ffc27e3d1d0939eb73fc7be2e0e54374
sample-1905.eml,16921,2026-08-06,686e8389a5ea288cea086af74a99da9da079860e3d081ce0de002e09e7952083
sample-2980.eml,16116,2026-08-06,14846877a4417a45ce8a8d70bb86a699b7a23170319dd40eaeabf9c8c38d512e
sample-811.eml,23399,2026-08-06,b1abed761e7709d2f6a671a3456c3a1041208090adbeaeaf099ecedfd66c3b29
sample-7474.eml,18098,2026-08-06,1c9e80da9e5bec3553511e3c224542c76f365e4770a10bb826ce5a914b854c16
sample-8245.eml,17162,2026-08-06,8d77714e3db9981f30102c4062fe3eba6013e9345388228b0da10091b69e6828
sample-4297.eml,12550,2026-08-06,e473ce5b89e4bfb4eb8614f7d8dcddd83b3fa5032c6e7a686fd4ea1818b0b419
sample-339.eml,37671,2026-08-06,a7c1676426a968b174bf11e2f78aa65e4b5b1f912a474ad6c0317aa79f6f4e90
sample-2615.eml,27037,2026-08-06,bd061249824ea71d5307680180755635c354f13b1290b5fa37381131c32f6dcf
sample-7845.eml,23368,2026-08-06,d0127d718abfa883fa32838495f4c9c32997759bda58e341fa46e9be0e11a534
sample-3207.eml,12202,2026-08-06,92eaa70f20ccd042794d8e0c04c673b8aceebe2b130af98c04dfe4e4ab0cee9f
sample-6704.eml,45164,2026-08-06,c66754ec8399f0eada3b27335547a013752e8f8d997613a6a0079bbac2e4675c
sample-7631.eml,17601,2026-08-06,5223f9f2a107ff2f74a5a49b3abfd7959199a17e15d5caccb2b2de08fd0264c9
sample-2988.eml,19180,2026-08-06,45b3d120acebf99f44eb08b26aab171489afc67e2c1b778a08ca5137d0b42926
sample-2020.eml,22331,2026-08-06,ae3fba4aace88156e05192963c6b7a593f4dea181513aa47bacf571c752c7d87
sample-4528.eml,13311,2026-08-06,c2841d446e2bf6078959fcfeae85dd6cc97b1aac287c0282548f9346adc28635
sample-1103.eml,24528,2026-08-06,9b35e104c57ce19f1fd3b44ae44df48d6c62beea1508edb8e0547ea661fc6553
sample-5823.eml,22035,2026-08-06,2fe916eb5cef0dff81109f4099e59274b88d4ceb7cd02a4c2a6139e3bee3a635
sample-3768.eml,26739,2026-08-06,7e2e97ede2bb21d2b409b69614866f864f3e490b3c04755d3d3e1e232a231dcc
sample-3873.eml,18749,2026-08-06,7881fc3ea3b8328c695a064990fa0c943525b30beebc66bbbb6eedf307905a5e
sample-413.eml,16751,2026-08-06,a12c09869a4f445acb9f27281a6b8999b6c3f9569e25063c39604a3b49f396b1
sample-6241.eml,13096,2026-08-06,6e06c76d3dee90a564f448fcc3201a72cedbfac2fb8c07d9243e3fcb47a5ccff
sample-15.eml,17024,2026-08-06,0f2c9e1d0c40922111dae8382968ab22c75f1b678f1948f0044237d29eac86f8
sample-3874.eml,18957,2026-08-06,b2ee1486e140278f4a4e2b7293d2e40e4577d0c798bd42c7c6dc3314cd73a5b9
sample-2134.eml,8667,2026-08-06,3d0df15531943f8fe523a2e5b9743d1e9319ce6b0cce6f2fa888c92bf5b9ccd4
sample-2674.eml,105284,2026-08-06,93c8ac24df5ab6e0323d7f7833aa2b6845c0cfaeb77c3ea82a87106c2849bcb4
sample-1804.eml,20808,2026-08-06,7a053920f8eeca1fefcd8d574273d2bcebc57c38a396c8917a95dfb1ee5857e7
sample-7254.eml,20425,2026-08-06,e4795bce6c76b2b1602c06d49ac67e80410e4fe0365c461af8756c851617c92e
sample-8037.eml,21524,2026-08-06,571b3d20f87dc00ca2d64205976b1bb5ec12c1f49b7cd576513cf2ee0afc0494
sample-112.eml,16641,2026-08-06,4b40befed594268414e8e67120766764e0ab9cb39a806100b5b002ab44b8c748
sample-1882.eml,18314,2026-08-06,5d922adb31971878e70b5a3e9fc320185b9f1359a438131de176b5e3dbff5ab4
sample-1301.eml,9791,2026-08-06,8e8a965dd00c2737e56e18d75a9e8c614b6e01749631dc6bfd86070b659ee64d
sample-6085.eml,22875,2026-08-06,ee2e43a4367a2efca32c5a50249dea7665c9578564acf522e9ef08618528b398
sample-2265.eml,19348,2026-08-06,8d40536741e48f68d5cb72cc02a1fc0c3442be5287d1553879097f0001eef16f
sample-4263.eml,19093,2026-08-06,61f1514651d1480a0ea62b1cf3fba50401819593f985859518eb81295192749f
sample-2575.eml,105868,2026-08-06,7b62264932eb1f07a94cf672d44cf88a5a2eb2c6ec74064a02848f5547b3289e
sample-1685.eml,17906,2026-08-06,9de46733d2f13a12df085c493a13b835db5d77097011ef87f63e93974a1a96e2
sample-5699.eml,25079,2026-08-06,03dc3c485ce61e93dcfbafacf4cc6ce527b1b88c9c646c050c8084937b8c631b
sample-7762.eml,27541,2026-08-06,e8c64d27353551da4f323795cd7e734e82925a095c634e5fb469a104698fd896
sample-1182.eml,7270,2026-08-06,f8c1980afe9d65ad7ced56be89b14095f40cfef928410f38ac8029c98f370076
sample-464.eml,10424,2026-08-06,dd20f990045e76ce56a977c6dbd14606fb5930ec321835d887906cec77c00405
sample-1910.eml,105351,2026-08-06,a1ab981d566b1b4a4bfe18e55d04958072c17429d7efbe0fa39e3637b85e8822
sample-2892.eml,22440,2026-08-06,7738a00d71ab5e22288749c56caebd5ea5f0f97add9921e6e991d7cab11bb4fe
sample-7640.eml,17274,2026-08-06,22e878b21a1d965e5f364d0fa83841dd2c6169167a31431f386c6b3a356cce4b
sample-5269.eml,14127,2026-08-06,58d3305b0c6aeceb98f5da8977f00184cc2a55fada86f8ae86d45693d420a55d
sample-5716.eml,19175,2026-08-06,ffdf09a5d7ec53729f54a5cf4d54efb84d21df0a13c588473efba0f3347458d2
sample-8003.eml,23896,2026-08-06,123fb96f0b1deb2fc0567115469ec6f062bbf93b6bea1c3115bde534f52bd88e
sample-2586.eml,25364,2026-08-06,d644e04c59f09c39170edd8ff5bd6d6a0fc17dfb0b7db53b15bbbf9b793242bf
sample-407.eml,237859,2026-08-06,c5a94661e2a3062a82aa3615ec9240faeb74c696ecd30338ae6eb3962c8dfdb6
sample-1594.eml,42231,2026-08-06,a542f835763b7e99eef2ba51611e31b3b4a5ef3d963c448e67df3df5858b65b4
sample-232.eml,19854,2026-08-06,5ea7d4d107daf7082de6d3be1c910ea3cb64dfcb8d5f14b6d4c71f96797360fe
sample-4713.eml,104887,2026-08-06,d16e5d8294ac4010edae34907c67d0296a04f8db4c6b8a61b4ad68c4f6b0d22b
sample-6406.eml,19249,2026-08-06,cb03dba20357fd1fc22f6d8e9980598168ac4bfe68af1db570b464cfcb46bf11
sample-2516.eml,17190,2026-08-06,65be9f5e3b83b33a129b7a4ba7fa6e788208e327af55c43dbca00015b70c72fb
sample-1655.eml,19616,2026-08-06,dc7a8466c563c3d7a9c8d9f67c1685acdacafb960f115869cb8b25335b7b31ce
sample-6114.eml,17390,2026-08-06,ed7c796dd5f0b551acdefdbc17f2076f3a753cb590b04a6326ce14af3df010b9
sample-415.eml,10334,2026-08-06,e263d299ba9b24a52ad663c7f29e78493c11d0e29d9f8cf9fef60f125262d528
sample-1181.eml,13464,2026-08-06,56736c1e913e5bf8279e286732793c9bf3351d60f44083343b0220a33e4e43ed
sample-7525.eml,54425,2026-08-06,ab6d6884c906a6b1585560978d97295970021c712fff18beaef984efc207da4e
sample-1393.eml,22990,2026-08-06,004de52ef8a737615773af3d2e6810f2a1e4ca72e7e290fa4b98d9e09d7842d8
sample-8390.eml,15236,2026-08-06,05aa4276308d80a03ca5a49845d2edfda90a01d29f2419bc00e5581072e19efa
sample-7410.eml,17413,2026-08-06,e503463ab81dbf930476de920f3eef42a79afad86c5019e8a79014cc780dd4c2
sample-2158.eml,24454,2026-08-06,96a4c1169b344423adcf6e78e4c41480180acbeff2f56e347f457633e6a483bb
sample-3889.eml,27408,2026-08-06,dc0fd04b810187085d7a3b03983a5f00982effea7369b515330bb46386c005ad
sample-7545.eml,23235,2026-08-06,964c5ea4cc8ddaa7d1dbbd101cf332faddd3d2acbf788d7bc8cfc9b72bf69aa3
sample-7184.eml,32738,2026-08-06,66c6d5d6435e0e4c004da9a94ba711f413f2910637d5fb941ad796f2bfb62856
sample-1856.eml,21406,2026-08-06,2211abb550c6337aaeb6043222125a5ded3dbcc8ccc27d2d3d7c4d35d979ca64
sample-6819.eml,25871,2026-08-06,a4398c73f9120aa13f1d0dfb8c7039b364d1e1bf2c2e34438578f30292753e1e
sample-5870.eml,28536,2026-08-06,efb1a106dfb5694e854577ba939b83e27cae773120970879e89b9f0a412ee582
sample-6683.eml,27284,2026-08-06,8fc8401b25d39bc0821411a358d70c66998e9445ed9972221b929eb5c265bb99
sample-5709.eml,254400,2026-08-06,b8262dbac12f280ffb5c8d23503df1d4d437ca581bcbea94f4e91be7d2f621a8
sample-5968.eml,42197,2026-08-06,16c3326763de9d17292007ba41bac803af42bae8790135e1b7baefb10c3ba088
sample-5121.eml,15627,2026-08-06,1e8b9ef35f26f2ffd75274b627e6ef367ea695dc41ed0c8822d6c6559c8d7484
sample-2072.eml,23096,2026-08-06,343af905dfbfae967f87346e3d57a21374aa5c6974b17744b560d6a386bcd928
sample-6781.eml,18731,2026-08-06,a80db89a0e9250b73b6a5b58355b3f059c5e3e8e5bd4892704d126109ee18f92
sample-6351.eml,20212,2026-08-06,aec88c1373ee922e6f82a3578cc80c172b6d69a1e39259f5aba0851871ad01b4
sample-5069.eml,34216,2026-08-06,427015e3e991d7a2162f973c306facf728673e1de24cc8ec3a27aa24556ed2c6
sample-7278.eml,18773,2026-08-06,987a4c7563dbaf16c5eddd8289e1a6f1536fa3f6d5f1a0afc5f1671fbeb31d79
sample-7763.eml,26768,2026-08-06,ef18cd0bdbe78f26b2546ac14b100261bd36eca166577c57a0a8ed79c6dfc21b
sample-4193.eml,15332,2026-08-06,174265a897d4fac63f18e2527fa8f73c166d2b05d6de20aed58a65feeae737c6
sample-2943.eml,20132,2026-08-06,34e722d95402d2f5e406cba42df6e22ea4d46a9e74f3bf2d9feabf16c27412f8
sample-7263.eml,15906,2026-08-06,23f673761f2335d146222ed5047d5d7d45ba76147977c8e8da2a1df3f8e246de
sample-7584.eml,22473,2026-08-06,6c3f6fb45884f105fa45384f5e09663369775702e3a6cec89f5e88cf7795303d
sample-2363.eml,9307,2026-08-06,4e92e1e9ff7def488d03a195a21b9618a435d7b7eee3d997e7dfeaa5a751dfb6
sample-1767.eml,46175,2026-08-06,d1abef5237698cd2eecc2f88b167cba43da4a52b774b67ec1e6fbf3259f816c2
sample-3888.eml,28479,2026-08-06,0150e602011204ecd6fd9b166e149ac3361eaf66049c2a494002ad6de14a2c9d
sample-7698.eml,25651,2026-08-06,99759ce5e5749518735e8f581f1f6f169b02e0479661f0e67291f15179617810
sample-6853.eml,41558,2026-08-06,9f6c27901a1de376ec18dcf1a3ede67c043bbf5b957e3d88cb7f0babdb70ca58
sample-8510.eml,26144,2026-08-06,818a7e3820e4c7ab5b508d2667b4f8527102f65ce7278b2835893950e048c7a8
sample-5585.eml,15166,2026-08-06,2dbae8cb6be111c1edd8918ee7618981fb2d03ddfb8f71447eea2a344a81ac60
sample-6386.eml,16248,2026-08-06,00a5965532a53a890eca13d0434cb2c5309c92b8c906fe7a8ba0226a55886f83
sample-1308.eml,25380,2026-08-06,1f74e2eba41279256ea509be617efa107a85a6c9a0eecc7a80f0a9a7f4bc3d84
sample-5898.eml,35963,2026-08-06,c3b7a92d664924abe312d81f25c41fc874379820b6bc29a1d53adaeed52a419d
sample-6309.eml,35605,2026-08-06,50bac061109390ca0e99d5f0ae74dd233cd3672fc7634f979c7d38be297915a6
sample-3487.eml,18854,2026-08-06,badd9f3aa040c5c16f909fbe8d31693e528357cc61570f4223d3968877ce1af9
sample-7279.eml,12625,2026-08-06,fa09720bb51616a89a939f57d0c78cca3f989182f7c10c4f2ae3e1b93357e227
sample-1852.eml,45785,2026-08-06,76e1f51fe1f2675e0b8345f5769ceffa0533b3c21269ae1716be65579ecb69c0
sample-4319.eml,14775,2026-08-06,f2dcc0a3fb3417e8d6e9cb3eb49472c5c002946b4425cd957f02f80758348267
sample-7586.eml,19727,2026-08-06,249394fd90875f240615720a94712a4e670fd0228cd56bdaef3e86d4fff88c8b
sample-1567.eml,17749,2026-08-06,2551b768347573bfcd93233b0b5c5951ca3d3764fe438e530f1855c82a735ab7
sample-1765.eml,46129,2026-08-06,937976fafbfeda515ddbc12cfdcd1e58e2cef7e752a4dac5282d9963d9254c3d
sample-628.eml,20376,2026-08-06,1ac523ce3975006786d1bace939586711bad531a22f65b6a250c38dc4f27798d
sample-4916.eml,37044,2026-08-06,f07b141e1b1532ea35694c2dd664c65a12147c97db0aaeb52176a631bbe2535c
sample-2481.eml,34091,2026-08-06,3851d6e98d353a849e7e4a5c856c3db3f978c3ac40bc73d1f6fc4ffe30920c98
sample-5586.eml,19147,2026-08-06,e76a9fc22f334a9e985ff361574260570927482fd1155f1b6abae4070bd5ff30
sample-5727.eml,18632,2026-08-06,58344648ca71cd35e951bf050d4838841279c6cf27c6c880aafff3e572a1afc5
sample-7639.eml,22441,2026-08-06,a3a122789a3a91e5dba447efa1016ed7c4eb91370e491b6865df1675a7f4fd36
sample-3561.eml,27398,2026-08-06,ea02457a9da28679a18faab13bad52605928ec515230229087aef44ec7d353dd
sample-7364.eml,613981,2026-08-06,a6e7836424f830d472b47b37b639575a96b0513ad0ad1ef6c0153f6da7e66ad8
sample-1737.eml,240435,2026-08-06,69e48eed3f462dccb636846381fac77558539ef39a948f50955672a569d505a9
sample-1005.eml,127216,2026-08-06,e6214cbeb4ffcd95d8757e180f61529b99d64909006052b54568c7c015b07ead
sample-6273.eml,26530,2026-08-06,df5aa1dc1c768c9e0ae7cc68e14454077774d58c497b0356f0f1e34eeafa2c52
sample-8612.eml,17956,2026-08-06,8c8c2bb2b07a1c3d80988190fb160d89589111c5bd20184ecc4ad800f27dd81c
sample-1025.eml,24523,2026-08-06,e207876ea07eec7e6125aa568393c8d6b0127acdc4be7ce643cc41fae814d130
sample-3621.eml,12283,2026-08-06,fef0a9a84c8a35d112b3790c0f089a1f5c5865851a269349478b59b6e61c0aac
sample-2512.eml,41294,2026-08-06,f3bae5bfc2de51bfe02cd9858fc71c6d6d755e9c7362278fee2fde910dcda3b2
sample-1463.eml,16415,2026-08-06,eb208a24092786e70a87f437dbb076a16acb0243fb8e515b10ef47106b9eb467
sample-1236.eml,52774,2026-08-06,003a056f6f0862d096a2443f1dea1ba755ef42bcf32518021db729b399b77f36
sample-5706.eml,101161,2026-08-06,3c95dd00b7aa24e5ee1ce275a162ae7d9fb2ab299e1224f2534cfb8f6dc5913d
sample-5544.eml,116263,2026-08-06,5b406c5c53f42be59627f2600ae2ffbee73ef8a84a8a8d801da4c29f3ea667ae
sample-4769.eml,38806,2026-08-06,d4eea8b078be22c256ad5fd83c4500d5694f8e2576570eb8786cc3b9f90a5013
sample-7617.eml,22299,2026-08-06,69e0506c27fb2858b14de4147f9f6ea3788cf95bd6f99de26241b22153edeeb9
sample-7896.eml,20528,2026-08-06,7c83d694704e02b9787713f4cc8b9604a5dc35c1df4367aaaae29bcfc63dd4c4
sample-5751.eml,15266,2026-08-06,07143836c56aaee979669f22b4e08e8a5ddaf12c367fc2f077cc153e8a8988df
sample-2461.eml,52073,2026-08-06,4f84fa5d5ebf1ccd8ba597d6e363572331725182f1c588ad9645e1c19f2a23cf
sample-6490.eml,18206,2026-08-06,0bcbf7a47532b09525e4b5ccd4bf1866941fa5dba51cb1aebb85dca3f7fe598d
sample-1860.eml,81841,2026-08-06,34e006dc32fade04e2caf8cf261aa4eca32522a014824c079eafc9e715c8409f
sample-7387.eml,20993,2026-08-06,0cd7ccd54ce629ecf69313923c88833f41b40041b398b090c382c1fc8a286b75
sample-3315.eml,22422,2026-08-06,acde5c561a517fa70951a77cad82688cc5a150984e824b52a48432504503331d
sample-1539.eml,18914,2026-08-06,dc9bc3d1c6a7361d8f85bcf1824e80a230ea3ba0244ce7e83549fc8354e89943
sample-7481.eml,17003,2026-08-06,fc4439a9ce57186f177bb284ab24b83d5a49f70b685ff78e721c842fee668a97
sample-4154.eml,16369,2026-08-06,d32f4e0a47cd92745a5ca11e4351f6bb1c771d69b460f539cdb49f3302c827ea
sample-7095.eml,15494,2026-08-06,b642f20fec4685811ac8f0318e2289f4912c32dde5ba37452dedb5bb82ebdb13
sample-703.eml,196052,2026-08-06,8cac5945ad390722ffa20987987830bcb560c694056566c376cc95074a07dde4
sample-1098.eml,24771,2026-08-06,0aa58d3ba055a43adab5c839f65e7c5352866483275ace33ab606d4de0b6e7c4
sample-8118.eml,17150,2026-08-06,571ed1058ef79acf9132d7d392b2791ae7c38288470222c65acfa471ff6a1889
sample-557.eml,27323,2026-08-06,2d8383375a926f16a9fdbf1928254ae2485cbb93e5e5c101d7fc802860fb7891
sample-4127.eml,21819,2026-08-06,fbebfe25f5d6257f4cc1de0c48509e772aa39d591654909b082854ffcb19eb13
sample-2780.eml,51558,2026-08-06,ad13a5b748da5db24cb9cd17d69c0f5998710f965639738f2afd420600993239
sample-2456.eml,33946,2026-08-06,46f06c476429975dc529cdf16d20318de6fdb6d3b797db2ba9488edbddc7c0dd
sample-7986.eml,22769,2026-08-06,61cfbcf0dbe8db4b6c630a90667a1feb87c4a6ce2f56b481ef80b5714f4e22d1
sample-2487.eml,14131,2026-08-06,a127825b23be9c7a498cc9618b4eaf9077bbbc6478823e3d5b447787e15019c9
sample-1071.eml,20030,2026-08-06,8c0ee361792f5efc09d6023c9e4a77467ef2fa7f7dd55f1ff811c1b1da656bf2
sample-8450.eml,15187,2026-08-06,f76592e976f31adc1b0ce5c856cd3ce684004f21378344a790c45606d1641597
sample-6801.eml,34760,2026-08-06,468da07bd2f656067aaa0bb6cdb9f949e8b94c04e4364e52df47936db3ba2475
sample-21.eml,19456,2026-08-06,650de01eaafcbd139a1105260e1cefe46f2f6474a5fe449918597b9845f1bedc
sample-4242.eml,12642,2026-08-06,af87980a1ff1f6c9e91f24b82fa3893c9818cceafef0d5f7d447a407f9e039c7
sample-7755.eml,16164,2026-08-06,e5d00bbd81ddaa165ed27734322316a8cd1a877ebc660be22a56ccdd00e27c81
sample-6258.eml,52697,2026-08-06,d90be8196abd336123a6861dffe069d6e00e2e7213f699dbe57ec7bc05c818c7
sample-3731.eml,29092,2026-08-06,a7279fa012566fa57fabaa124b9d083d74f846b4355acdc0386578bb1023c6d9
sample-7157.eml,17411,2026-08-06,5e610f14bdeef95b9116636794c151a18566896b61a6ee947e2e003366fde8e5
sample-3176.eml,231294,2026-08-06,ef434d220e02646d32634f2f441d5f22a0edf51caa5d7159f069bc8cd3da69c6
sample-3209.eml,13958,2026-08-06,2dac8fe2bac4c2a16344afa1e9cec37c06066a71f9a768316c793863f1833ecc
sample-2771.eml,18395,2026-08-06,fb2c9fc0078228dbff4c0aae287ce6be3fc7a9e24c1f0d95c51b06a05bd341ab
sample-439.eml,21535,2026-08-06,e4630f9fd6b2310561a92413b9318ed882e0529512f58d1b238fd48afdaaf62b
sample-4136.eml,40304,2026-08-06,9673f036cf0792b81bd3563f583f3b5cc88d6272e7241d8b7eb9d802279cf9da
sample-95.eml,13986,2026-08-06,d04f703111126b7d2d3afdddac982982d3f487ab7595f386755b700b9975761a
sample-2442.eml,27651,2026-08-06,1fd124582cc4d774f3ceff41dd2f93e46388a100bcc3fa85e75e8e3b93a7e63a
sample-6289.eml,50735,2026-08-06,e30d38cee10fd7012e4eac836e3f9f71e31668233f40e32f70da78ed0bdc0989
sample-539.eml,55342,2026-08-06,b3e4d230134008d8494b8be0ffe48c13c4bdab9542e5df523d55e8f176c8dc20
sample-6623.eml,24428,2026-08-06,4fbb0008973ba18eeec47a09b7d14062add6deb4b49c63a11b5a3fbb3ddf95ae
sample-6528.eml,22588,2026-08-06,c1d25efe42679ce3ee197bba78448cf7ab77e99e765d5d3cb89a732240380789
sample-4978.eml,16420,2026-08-06,a54b25ef27f721366c15257a50e21d1bb9bdbea59b698737d800302961e3d9ac
sample-1361.eml,39945,2026-08-06,779b9a4a510b000a14fb71e5bba4764533e8e76497131e742a3a21f0208e41ac
sample-663.eml,25280,2026-08-06,b29e63eba7d1a035fdbd604c88f18294afde388cd8517c118a1e9be82c102069
sample-3580.eml,18832,2026-08-06,8438a7eacfee778271df251bf0efa512fb539f0adf60700b692e7a2d7e6f4406
sample-2027.eml,26035,2026-08-06,8a63973c32b35cbfb5508bc29fcda6aaf36187f71f20afc0190098f4850874be
sample-301.eml,7866,2026-08-06,e57343c5415289c0c71b7e8a7a967637a25bceb3ef1dfb4bc53239d9c65383dc
sample-3722.eml,26717,2026-08-06,a33000f31e58746570e143da790cc4e865c111b505005a7e73d236b9d10aa110
sample-2613.eml,25163,2026-08-06,3d8165b424a14b4959c7522f74b475bd8cf91983e46be73723b15691cc5a41a5
sample-5500.eml,22178,2026-08-06,048086517182e093475bbfd35ef9e2a74cafc8e90a0ecc63fab36546eb2b2086
sample-8564.eml,11665,2026-08-06,cad48fb08e945560abde23e07c28d6b171bfdba21bfb4c8a3c8041b5684c7a81
sample-2691.eml,30863,2026-08-06,9b2c29be60b21410cedad54429dbeb175d2c889649c89dbc9ea0653cf595be76
sample-1475.eml,26019,2026-08-06,39dcfb6f91ac89b1c05ae17c205d728265739fbac5ae9dc6edb90205a085b07a
sample-6521.eml,19524,2026-08-06,f69313932e90900a03555b2fd926b5d8d38b13eb7f16708daf5ed5e9cde8a7bc
sample-8604.eml,467226,2026-08-06,b27f3d6eedc441bf4b053beb8860d7ce88907b3f2b9e4f450a0f0fae27877dbb
sample-1136.eml,189840,2026-08-06,8e10e5c250c5b34b5cbe8aa0987c2f4a7c97295e028c620050968e4970db3d08
sample-2515.eml,9557,2026-08-06,0019aad031a62e2d0fb577a28093e846f534ae853cbead1f37c8a70307fc7841
sample-2483.eml,10970,2026-08-06,7078fb6a0adb8c975d840b1c14f49e8be8695c09038b185a82263f74be118652
sample-4624.eml,15603,2026-08-06,81c83722a534cd180841b0d478559054615a1142b71afe0d351e1a8235fd93b8
sample-775.eml,12429,2026-08-06,991d6587741b92111787235ceec1ad6ba1f90e95f3dd410554d562aae6c43b0d
sample-513.eml,20710,2026-08-06,151b1b6207cd78b398e795b426da980e2f2557e9fdfe28b601298b1d7c171ef4
sample-3880.eml,14490,2026-08-06,fe5625c3d616b9d634af9044ede5c423f22bfce7192571c25cd9924c8c387a51
sample-1415.eml,18233,2026-08-06,6aa5531c31f3db7b0721035afbb0770b8a0236a30d8dcde4b10f67a6bfb83338
sample-1052.eml,19918,2026-08-06,86debbc3ea1160e443bd1c15bcd8ef7c1d40724e1f335e6ef49bcbee64f61fab
sample-1772.eml,20571,2026-08-06,8487af4a84e768cd12f35f3e79098e400ee2afb02627417cf211cf34f6a3e44d
sample-826.eml,20091,2026-08-06,b37474c8f7c6126b2ed66cd0a6d2967aab414c56c58ae1ef6f08e2bccb5deacf
sample-1580.eml,17005,2026-08-06,d96f37d2c3209eb26725b563267c9e323471f8c6976f11f2783db39abb73dc30
sample-1234.eml,52730,2026-08-06,2dc0c4ecb17e15532b50d762caf151e76a02d13f1e565fe2fc4a8e09751ebbe1
sample-6555.eml,93647,2026-08-06,048d3b61481080236635bef3c6624fae71a1cf02474953736f1604de5a707f91
sample-2629.eml,105731,2026-08-06,9da8697529fd9f205853c30bde60b6d60f75021dc1c852388d14f874f400685f
sample-1672.eml,20363,2026-08-06,470ab1269feb5d5779f898f8fbf85c5e666d08ded11c8fa7352412ac848802a7
sample-2045.eml,18715,2026-08-06,fea4aca3fcaa0fb6f6f647352c1eb1b9f624c1baf2808ea77754e93c6a816da1
sample-4235.eml,10712,2026-08-06,7d188077d94f4aecd9797159f8c62fd83e3efb4b62e018fa64989b67038dd56a
sample-6711.eml,16567,2026-08-06,ce36636fda5ea1a662bcbaaec509eb2313e629dcbd44986472f0fd589e590dc1
sample-7551.eml,26795,2026-08-06,1c1450d279e948299273bc92e15759fbf81d8d6077c125cafea143b055e96d32
sample-2270.eml,21375,2026-08-06,80884b30ea4bf6d9e0b756d6b6ceb6980b6260043069d57bb2daf99ab01e1bce
sample-2763.eml,18303,2026-08-06,f7a2d8c3300ceb2b8a68e404061f87162dff44c87490e7c64422fde5834ee40f
sample-338.eml,38058,2026-08-06,feca811f38217a738608d52451ffcb887c86f89a97e8e1d786cd96f4cfe67eae
sample-7294.eml,21741,2026-08-06,6cd09a973ea5b90654b2c5261fd3b9d8deeff5d52a5235b8dcf9bb958b3cdf63
sample-1887.eml,46801,2026-08-06,2b7e997c27176623b622cc3ac21776b46139b592960e13bc7d8048b6a41ca601
sample-8228.eml,465827,2026-08-06,b88d598aef2b70bd6522cb1f323714c492b0dfcdc91073b5cbcd4fc8f74d07a0
sample-3219.eml,21043,2026-08-06,66c8cbde827f4131b973a4bfb064d392b1610fae0d79a690a9524ed95fcaef0e
sample-916.eml,25367,2026-08-06,c632bd73b9e2b57f3b1fdc7cae3ef0c34600440c690d794906a992dfc69fd5f9
sample-7572.eml,18891,2026-08-06,11e8ee98e7dedd762181b2ed7701806ea5da68d3c67846ed8958ce447ee6b99d
sample-667.eml,88857,2026-08-06,fc9e361ca8bdada76fd429ff256bf14af290383796449b938ad8fc43b0526d23
sample-2951.eml,13968,2026-08-06,3213ccc156b824f5130086996dc58fb6132a78d5879f57c64dd5299453718f73
sample-6540.eml,20633,2026-08-06,268bb2a578ea6a4fcba5880b230054f5cc11908575d9727d70bf1b138085c6aa
sample-4932.eml,11130,2026-08-06,04db776529462c41d6896a07bd04cf872926ff264e8f78bbf8930f446f33f49e
sample-5951.eml,41615,2026-08-06,39ab1a1bc8fa63f6afce727cedd11cb4e20ad8829dbdf44818fe0511359b4d0b
sample-3566.eml,15185,2026-08-06,7b8c7a42aaa6d606c982a0e8af994e3fd63531922596b5957ac6be58e600f483
sample-5096.eml,18379,2026-08-06,131642dd0d2015d449d67819cd1863c65e7003524dc1bf4226cf0511c886322f
sample-27.eml,46230,2026-08-06,663ee171a3b8f98243408fc897e25affa82aa5ba54502f28c65137b1f4c95059
sample-6354.eml,18549,2026-08-06,76e3ef0cf2700d96a7c1b78d5e6fb816461453654ccc314819de96c01fc886df
sample-3762.eml,28004,2026-08-06,966283f51d9c1a38435538680f53ee79495c3d0114c13db65963940729a57269
sample-5352.eml,16106,2026-08-06,26760a82d712989fe8d520bf01a55695c1a2b22fa37e036200fa25e247331abf
sample-6626.eml,56713,2026-08-06,d9daf46cf952b314bd71cf11df98f132ca6dcaa9b00c05445f0a67c9058f7801
sample-7844.eml,20214,2026-08-06,5a6608373f904aff2f9fe819993c255a568003f9c8ee306ed9caa821dd4a1237
sample-607.eml,45859,2026-08-06,e6922bb62cfb74d8cc8faa8344463940a765b4a1159000e7e9b8f407a7945c97
sample-5130.eml,14411,2026-08-06,8dda51dfea4222d13145a2b6356e564b190fbac67ca337a38ba94f7735dd3ab9
sample-1161.eml,4406,2026-08-06,8fcedc4d18d8999088ba09f0ae74061b1b7302d0afe17594e5dd7da3d0f9cb36
sample-5423.eml,39408,2026-08-06,221f53bc43fdc0da08ef982d4a280a714b36a2f03fa04ed836a11116c33a4b01
sample-7276.eml,15487,2026-08-06,5de8a9c3553d22e6255e1436d7cf78973e7499868f0ec3ac96268cd3a927df43
sample-503.eml,17555,2026-08-06,f48643b57031c2dc1477d61d7e98cd726a68a7e5d6d1ba8ac646522121ff5aba
sample-927.eml,22776,2026-08-06,0cd2801b58c017b376aca189455a894dbb4f82349ab399abd515d1fe41c810ff
sample-2900.eml,20191,2026-08-06,a40fa8da89bff128a444e354040bb59eef5710937755bf965bef73ff0c1d1f64
sample-8513.eml,26405,2026-08-06,cc584faf95040e12982e9615d9b173a0dd86cf9e1a9d647c39d1fa3c04e51e5f
sample-7683.eml,21941,2026-08-06,c395fbfcad7f03a085591333daebe7b848d146830b1345cecc048065aee3e81a
sample-6755.eml,20824,2026-08-06,eb18e79001c2afb0314b5ec78488fca8629a4216f4050d175ef28836acf63cd1
sample-5076.eml,14226,2026-08-06,c0378e81ec9f0250282ca21df9c317f07538227cbec8e40c9eeaa0f82bae5e22
sample-8397.eml,16325,2026-08-06,f8a5e8e0afb10836a2c1cce6e868f77c247b0d528fe36baa91813b657028a243
sample-4068.eml,19595,2026-08-06,844b4ae150daa70c58927d47b3b72b512ae5113e0dcb298c0b2e6b2b582a1020
sample-1508.eml,16275,2026-08-06,66415069488dd744b8cd68e657a15ce54e59965e1038ca74f4b889596ed304e2
sample-8211.eml,14135,2026-08-06,3373e04746069d61179ec491d696c46c97dbec64ab5cfcf32d7ef60ba25e1d79
sample-6423.eml,23092,2026-08-06,c0a255466819c8ea7fff9b214a3dcb58aeaa82aedc3a020af1eb8a19e587c6dc
sample-3146.eml,10967,2026-08-06,a0f81a76ed38d5070de6b8b9a2fdce9101ad1e7158a2e7885b0e254e16b155f8
sample-7637.eml,14240,2026-08-06,4f36ba825c2bc349e861cb6f3e45e7efd919a857c3750ffa52f3e0ef2602d6c0
sample-6576.eml,30465,2026-08-06,752593edfaddd2320dae36942a5b59ae7fbeb44f5fbd78154fee58d9796ffb25
sample-7475.eml,22082,2026-08-06,a939bc6e02600d386581e09a261834de439a2bbfa641a531a94c1d9f0609d7b7
sample-3218.eml,11132,2026-08-06,4f24eb186bcc852619372695fcdf1acb62875afe9fd5ac1280f0e70a5c569ec5
sample-8451.eml,12909,2026-08-06,91590e185065d565c962240bd12b7797239f2d71800a7c41dc6b46be84c092e0
sample-7207.eml,16320,2026-08-06,d97884b31ace5734eb5cbd68f7305b9828e326807d24215cabf9b425e3651931
sample-8350.eml,471529,2026-08-06,cb02f0dad9b3d3a070ebd203c1633601633ea602a73058e6d965e973260215d3
sample-7967.eml,21340,2026-08-06,4565e11addf55340ede03853498298dbb62fa30ece142c808a40ee8eba6c6b68
sample-923.eml,15466,2026-08-06,11493507e19c726b7c0c584bd13e3f72b1ecb06d704fcd94c02ca99a7d269a36
sample-4208.eml,29127,2026-08-06,533d18cd5d0e7462c6da30364139aaac7a5e71d5bfd71d0b1d508c70cf51e162
sample-3346.eml,11096,2026-08-06,2535aae4fc650c709a4df79e3464f86e4b12442e1e602e539fca7fe31d13ef1e
sample-6186.eml,18872,2026-08-06,7770c2601c62e4575e4483a6d4dd12a3c56a7814b27101cfbf4cae6d50e2e65a
sample-3058.eml,18664,2026-08-06,32be96ff396b2f4d6f88f7f757a36c9c0d87118ef404ad5a433de2d5d6e188d9
sample-435.eml,19196,2026-08-06,89ee03041422a3b290ed3089e789c9bd1e271d9223f2ef27af532103265fa6d9
sample-7960.eml,27690,2026-08-06,28a99f0632694d70c85be983d8bc2496abedcea2ff92cd17552b96dea6da5aec
sample-2159.eml,21591,2026-08-06,64943fcad28dfc0c0563d451ec571806d5833dfd6e762d34747f2719758cb1e8
sample-7016.eml,16183,2026-08-06,b5d7e93795adb7403b8d11853ed3bae213a7a638d834cd5b6a0ec976e403356b
sample-487.eml,23671,2026-08-06,a3329da11008637e2fe7a48cb69e8c40e20bccdbec5b0378133ac24efcb24a4d
sample-2079.eml,20884,2026-08-06,765f00016eb18ed1161d3a4a7e5380842e39d99e19050cbc0d633d1862adb9df
sample-7602.eml,22137,2026-08-06,5b964d83deb423e0f5c91ae894557585b7659023ea987a0ccd20458df2007771
sample-4075.eml,12244,2026-08-06,39d36de8d0bc0c41183e965be43c959cbf36acee645fab23a342dd62e25283ba
sample-2946.eml,18364,2026-08-06,fe0c1818fe848f1700ed5d99cf2d5cb19acdf04295a0fd43c5798d110e2c7ec3
sample-300.eml,10978,2026-08-06,a104e689cb8f231a7e036228a2d73ec862e76b7851ab8b01ebb195829991ae8a
sample-7225.eml,40003,2026-08-06,0c8250933ec5abb93c2a09f17d0357c165d58d0b9bdcf880de843e85e3f4906b
sample-8083.eml,481943,2026-08-06,1e140d79606745bf79f850334c2af7b52cf5dbc8e2d33eb7fdbd06b877875ed9
sample-832.eml,19480,2026-08-06,b75893ab47ec61eef7cf5cb3270ee099d3b2b7f4b704d412985673380e7df5d7
sample-3319.eml,14823,2026-08-06,075a5cbfb054ed2eb756ae2349665c88abe768837a9153d2c0fe06eeb14c8f10
sample-3808.eml,29217,2026-08-06,c36afce352b8b8ba2c91c39f62251f494d035d9611c8045c287ee083d4b65c0e
sample-3041.eml,20884,2026-08-06,61b8fe598726c687aa1d276556bb18f2f77d00cdae8532e5244f76f25690a639
sample-563.eml,24189,2026-08-06,4e4ca60bcbdf50bc8872f4ff680ace313e0115a7bb2676934353e44c88af5309
sample-7560.eml,21054,2026-08-06,bc886a17feba93d62a0e5facc87efc2d5a508f5b9b903d1b1f46ef517ba7f53b
sample-3653.eml,28067,2026-08-06,51d86561ee0735ac5255df9a8b5a5024baf23961b044d2b2b04bfef659713654
sample-1710.eml,18619,2026-08-06,56404baf56d53a7e351ccac3193445149e169929db5fd6598e915609467c91fc
sample-5256.eml,15932,2026-08-06,37963828f71636de9eba0cfbf382d66009aa057a471f7568e8a6d190832e6ac5
sample-1369.eml,19084,2026-08-06,2de719d21674fd14703de1db899a2608c571780d6a508cd3a9e0ecd5fe9531a9
sample-4101.eml,22364,2026-08-06,d2afa913838194df7c10e0c45f9f8069d1240908319712b98b5c8d1fc2e7b9d2
sample-5024.eml,40698,2026-08-06,09e9e8f43e636cb3c2e7bba447f27f3dd2e8e7c9cebe1e6b794bd54eb9947fb9
sample-486.eml,27618,2026-08-06,e575da67efa68106d5a48036208d5e9c6aec438913b2dadfc5f0284fef27d6dd
sample-3494.eml,12507,2026-08-06,2c4d6e2c94a5f9e92426a28eb7e8fab8697c7641166de6394e25c3d7ab410239
sample-4732.eml,14156,2026-08-06,a13b8b232b28b1550e0e4681f7fb6e043987e84c4680be67a0e84533743adf0c
sample-3402.eml,33973,2026-08-06,1317586a1e6d25e2c2770f53d7251b5600639d5c6c459d8f9ab8121fa376dc08
sample-2362.eml,38377,2026-08-06,9832af061edda0fece6231ec0842a6397e38d63f776603f77fb71f8a339baea5
sample-5879.eml,56900,2026-08-06,79f6ee97d2d901fbfe9e3966287d2282f8bdee6cc098a893e7ab7cf353b62d4e
sample-6629.eml,19941,2026-08-06,8e9493d8fa4fe5700ec8ca2ca52789de0ea0f2001282a0309494cba84e068fec
sample-1091.eml,18165,2026-08-06,db6540659810daceb5fc88cd05cc1aa15f02f172977c1495a5f237de2cdaf567
sample-6775.eml,19881,2026-08-06,552ff43912b9a8da8781fe6d4456298ade7c9190b172384154663a0255fa651e
sample-2222.eml,43732,2026-08-06,d9c0148f725515e9d6ab6e28f015fc33149206e2adc41f602a897c245756d945
sample-6325.eml,24074,2026-08-06,c805bd61b44c573fbf9132cd66e589c1865d6bb06d64e3aef7907a3362e6a404
sample-3283.eml,14248,2026-08-06,978c1ef6089ae2a973031b6c79308158507f8ef1a9acd6d281f0603eb22d592a
sample-1231.eml,25240,2026-08-06,65803f2a8b141fdafb3a0a1e14324a8b37ddab01118af2cca46243ad4ac7d505
sample-8527.eml,15209,2026-08-06,4a525d3cabe6d20f1e99ab194b0c55becaaa054942e9b0b53ec3a4a4d863fffa
sample-7022.eml,60297,2026-08-06,6b0aad95d71ebdc5e303757be3234aeb2a367ea751d5756c34d0817d20b83ddb
sample-7151.eml,25855,2026-08-06,ea5339d311207b1636da09431d3a18f574e6d043ad730a40869da70a6f0aa71c
sample-6371.eml,14933,2026-08-06,deeac87d424c43b98209ae3d971ba834ea42a86c62a72a0de685492cdd5a32f9
sample-4275.eml,22724,2026-08-06,bf2952fc3af009f7698d269c235c8296baa4020f49f7b7ba04b122c9b0bc36c3
sample-4148.eml,40021,2026-08-06,699956c248b903dfcc880ad20dda88701040904a930969c499d355c0033806c1
sample-1986.eml,19105,2026-08-06,dca583504cd5de67a1a5d35483d2e25696193f247a60f411aa0fab43eaf33008
sample-1711.eml,18891,2026-08-06,60b7499c84256e06402843e6e889a2e9d5438a1c772e33f91d023e1ba0fa3938
sample-2757.eml,105202,2026-08-06,a47c11706941fed480c57ba0cfcae3baab389a503c34ce5100ce63ece9f6a912
sample-2703.eml,22722,2026-08-06,bf5ca8d3bbd85e5d78f9a2e6a68ca83f7d1848504f9d8ba41195d8a93d192739
sample-1451.eml,18821,2026-08-06,3506d02198be6297eaa08bb7f5d22f6519ffd21ee801daefb7530fffcfd904a4
sample-4892.eml,40912,2026-08-06,30059287c212e35a031183865108cd95c49175e4b8c613cc6c0249fb12c922a2
sample-4222.eml,17989,2026-08-06,e34b12815ed698094b25fd57ca460ca08cd4ce2e249d0b36748668d9e1add264
sample-5533.eml,14123,2026-08-06,8b65454c45965d6196003eccd3f9d852a99dfa61f0a054f294ed8738fcf88f90
sample-6937.eml,16960,2026-08-06,713ecac79c6b548fcb88b1d14d7bd8e311be595808b93beb990e2a423dbcc309
sample-5685.eml,15671,2026-08-06,fc5368102436646e3fa4109b1ae741a0ba8d005dde7116a31b6b1fe7d49b707e
sample-4947.eml,14564,2026-08-06,37a0b47ddcae0b64604c2630ebff70a843ccafad7b216cea60767e258a2ded27
sample-568.eml,76928,2026-08-06,9be931e75fdd925b659aa6e6861659f734f36753e80b6c7898255543ed2427ea
sample-647.eml,101467,2026-08-06,7a27704277026e8e2e9402a272f270ab774bef04852b43ca1f05d1b8296c5de6
sample-6674.eml,21634,2026-08-06,41710b1a05400006afccfe64d04bb64b101a1619071b1e0175a8711aad1669a6
sample-91.eml,18412,2026-08-06,bef704e9b2ec66dc019edc03991a0954259f3c9b02e4b39b667bbb45970fbb0b
sample-3273.eml,21349,2026-08-06,1968df1a089d0779b43a80b7c3be51742e6b5a8e9ffff625b58bbc581b548019
sample-536.eml,24126,2026-08-06,aba0a7b92782139e6563f600284c6c3d71701a8e74fefd65b4e69a3ba778f36a
sample-3854.eml,40595,2026-08-06,fa1e4785a7340b60c9b6700835248b1d42db4dbaa9ae4255dfeb10da67fbbbd9
sample-3079.eml,38749,2026-08-06,f8642c03b0510a9e2320869ffb0b14207d67812ee020d73f5b5ad62f871ac284
sample-5932.eml,24997,2026-08-06,ff9be52b817da06b6dc0939cd2e93d6d58defeec4d17ef99053aa08595b35748
sample-6486.eml,60508,2026-08-06,896b61193ca8cf60eb1e4e0a68d1e5b69da1ca6fa7c7839bc7cde488d15e4fbe
sample-4071.eml,33769,2026-08-06,c1350593830abdfb2e29a49f8d6f5b906562a7b9ac9c96d7aa2e2efa65be339e
sample-7646.eml,40989,2026-08-06,abeb784360e22dd3e2a5d57e77f955a42174dd4f5f839d7145a468e0973e1b5f
sample-5911.eml,28571,2026-08-06,d0a5ce75a35a002f173a7fce68159ef4ce0faa08410b7aee5d8578b0a0a6ffd2
sample-8180.eml,17702,2026-08-06,38ba5c20d969a13fec91dcd1134446a1b86457749cf6e73f5add2a750180c9d1
sample-5935.eml,17758,2026-08-06,ede066352b19001268a302f44ac9fa6ede34774fd9b27d8244523891288647c9
sample-7749.eml,19431,2026-08-06,3c0a4c2bfe0f7e88680a9fe8551eab0b25ce25660fea3a5f69fdca4ad410e311
sample-5953.eml,18640,2026-08-06,8e7a6e7dc4ba1d826d240bca9769113fd93b2a8f002e3a32fbca8216c7ae8e2f
sample-8356.eml,18352,2026-08-06,a53d89a56511b32e1174ecd763642ac1847eb4560585bf65757f7d5b33f05808
sample-450.eml,21525,2026-08-06,3c935a91dd18753da117f00d8481756756584fd2c76c9bc79c1c4a58e4f085c6
sample-6616.eml,22743,2026-08-06,28cfadac43500baa69d3bfa08423cb78e3570dee822445a7f665e1ef9f942e66
sample-106.eml,19467,2026-08-06,7faba33ba7e9d89fc5812e309ae1910de5f6291c9575701782e84b6e68fb5587
sample-2200.eml,282164,2026-08-06,8f6f15dae99a78a8c19e6a7f05c6b07bcb94114bd2005c7d3b5e08eb9a4cf9e3
sample-2852.eml,22849,2026-08-06,5db1534727ff3467454b3aa6d2bcc91d22efb6eabd29495a15643299e35c6901
sample-6194.eml,16464,2026-08-06,1eb7ff2c1c8e0655936671facb8a31df2d6dc05091b9f0a0bb6db005bc9fe880
sample-6830.eml,15806,2026-08-06,d66c7ed35ef37f0224c27307d751d695c43c56547b2ecba14deb7c8355ae6a3f
sample-4287.eml,14962,2026-08-06,93cc2b7ecb2c62441ccda7a590b4dc9ef0895f90358f14833b4e3749d3c359f5
sample-8074.eml,473913,2026-08-06,7fad501b00977eafdadd4452bd426fe70f1cf88539c29773ca9410c4e986663c
sample-2679.eml,28486,2026-08-06,892e7cf9adc38d425367d7690e1f596f0fa95da3fcd4451fb43df5f415f9861d
sample-6298.eml,14080,2026-08-06,a692647cbe9e3e94e0798efdee99bb4e72fb2ad90f6cfbd570b25624dd8fe388
sample-5026.eml,15119,2026-08-06,e06544c985d639aed373609008d689177fac04cd393f76c041501c310006cf8d
sample-248.eml,12335,2026-08-06,6a2ffafddf2039d3684d5592f3368101ed48ec11634e1d54f22998acfc634109
sample-7548.eml,17593,2026-08-06,6959d81d10a8634c2457e50ca7ce009bfa1b11c41bab317cc5b8c13604b84af8
sample-7604.eml,23276,2026-08-06,b902e4cdbd61fbd3528c234caa1d5ded4c6ea50d716984b87f2e9b09cb8173ef
sample-4387.eml,16103,2026-08-06,8c02a324e9a0d0fd07ea6c44547f79d3cb846fdede0464c36d7498fc32e1eb02
sample-1572.eml,22922,2026-08-06,d9d4c0ffcb2fcde0fa753433283781bcd9c0ef183ed4aaee98b0023f7af93d60
sample-1220.eml,26862,2026-08-06,35ee5909343ccb194cf585172ae14e8c53afab894586e9d9a48614e0eef61847
sample-2175.eml,19826,2026-08-06,272c784b859777c34f4179e9b32960aeff428e77c5595473e4d70468549abe4b
sample-7784.eml,19608,2026-08-06,d197916ba159dcd100919329ac6efaf86160d1e4c2cc993d546515976f12f3fb
sample-4795.eml,15069,2026-08-06,467e9b7e86f855cb88d78e9465514fbb0d35b13838d910c1d7c8ae2f16062954
sample-2379.eml,52573,2026-08-06,f3eca972f1a30b65308c614d779836605c1880f8037c42d33af5ec4f95ea5fc7
sample-534.eml,24020,2026-08-06,53d55e0539afc5f3a5ec2cba75cf607bc129aa8fe111e27dc12b2e0f8f72ccbf
sample-8142.eml,466360,2026-08-06,e723a4c9e68a71daf582ed0dcd75088d3083e34377101225659cff6df2f58b29
sample-7530.eml,35741,2026-08-06,7298de1e078f35c405d926647291bb8f4832b80ef87b4aac039525abd54e878a
sample-6479.eml,16989,2026-08-06,1f1caaa320c466f37b3df0dc6329e1eca291c8dc1a1c8faa23ecda078af212a3
sample-254.eml,16176,2026-08-06,55c16c5ec70fc28e829996869eeb0a1a68e943b5f2dd717519a1efdedf42ce4f
sample-5134.eml,15651,2026-08-06,0bb2af2c2088246c17232c521a4ca857246ea1a877699dfae131cb5de99d9c5d
sample-2742.eml,18254,2026-08-06,247cd1eecfe1ad9dc8fb7e3c48ee6c6770ab56e785c7fa336caa8594f824d5f6
sample-8578.eml,473200,2026-08-06,9585e417198d70be488b9aed3d6df35f3f73595b7252c3d8ba27410045f32639
sample-5854.eml,22424,2026-08-06,ba8db6f88b47f65b4e0afc54fceb53967fc7f150f2dd76ab3f2c574c7836abf3
sample-2280.eml,124627,2026-08-06,2c4627d28f897a9c35e60dd3dbb71a790c45ef9267e10acd375b9bbc34906c7c
sample-5473.eml,32535,2026-08-06,56a834d1bfde987842bf695e18590369163da9342000c36e2d8d971ce53a38e7
sample-373.eml,36205,2026-08-06,c18725c91e93ac7925ff41ccb6b82a922c4eab9790bab943731f632f99b3691a
sample-2191.eml,21359,2026-08-06,c0c60db6e76cb67619f2bccab9eb06ce8bbea348ebe6735a62f0379c01ec9c9c
sample-167.eml,20223,2026-08-06,4cd352b431060b9ab81ea450ba808739e00d070030c962b368d10520d828250f
sample-4930.eml,85462,2026-08-06,29dc808fa3e1e65428ba994f3304f883fac1c7f83562a978401f2a66ed79ebf1
sample-8431.eml,16246,2026-08-06,2004f0ab76ab82c0be7655f10e3e6aaf9c95d3b3c5edac0f121d0e8046d731d3
sample-5504.eml,9976,2026-08-06,c0acccf5b864ad610d1ed90bdf404d5f0b630b02de89c0eec129f1179eb8d8d4
sample-5331.eml,45630,2026-08-06,979d05ff991aadcccb6a3d4b6cc8fe4260f46b994e4e9a1ee803a3d429b2fc9f
sample-7166.eml,15866,2026-08-06,2170baf9b679a9a461a7761567839e980118c03423401ba0cd5b9fb84f3fb298
sample-52.eml,51386,2026-08-06,01c75c3e05c93afda98d43bf65aa510fd069570960c0cabe4a653db9620ddd7b
sample-5601.eml,18294,2026-08-06,d35c15f53e58547d760525a8bfd80676851bc9f0e84a578bebb5ac8ff7ca15ee
sample-2219.eml,19599,2026-08-06,b8772a46f3b4896be3ca44e667437821379ead6571d37a8fe4d2899b914528bf
sample-4794.eml,53241,2026-08-06,6e5c0dd2ea1eda7354ea66bdf5bca0d8b9695579308e53963c7e69fd9d3d05eb
sample-5739.eml,13019,2026-08-06,85a88b59bb0193e994cdc89f4de92b25923635f08cde476066a88089c462e292
sample-854.eml,18345,2026-08-06,5f338a3e8660263efde6afe1ed8770a410c900533560763933ffe61b328a3561
sample-4691.eml,24661,2026-08-06,a04c2171838bcba5740cac26e4daa324c8cdea5c7506b9bc450bc89b609fa499
sample-1244.eml,30251,2026-08-06,688e673bae17fc20e9d4ceb532a18269bc6facbdcbf91ca05aca122a854ad8d5
sample-4692.eml,24055,2026-08-06,47eda3c950791a83162241694698a48e6065454cb8c8f610b78b8714704e8feb
sample-4808.eml,10843,2026-08-06,21c827e6bdf7a94aa69a0a830951fc04a2b38d8b9e7bee92c7a5c119024cb70d
sample-700.eml,281944,2026-08-06,c49219c2a3c2f494c97f732e02f738d996361f3ba16e5c6e74cd8fd4c7d48b9a
sample-2577.eml,105350,2026-08-06,0fa6669341e5b828eeb45e5573094c157ddfdc2f9bcbae4e1a3ae00b4acd91f3
sample-2657.eml,104909,2026-08-06,96da006fbd677a489af741fb4600b00a523a67be618f6011f17cc218e224899d
sample-4252.eml,39938,2026-08-06,d4406ee42cafe4e942a264a32e035e0307f5413d7ce3860b9246ec3f929d56f7
sample-8209.eml,13899,2026-08-06,7c8b788762b1df63152d755fa63b495948ecfcebea1921c55facac7695cb4890
sample-7487.eml,25721,2026-08-06,4b6c26307aaa6bfca2fda984a053f08465ea56cf47275ce46cdbd5452969b3e5
sample-6349.eml,27920,2026-08-06,424df70ee8354a0dd0de7e4970e44931f485390a957eee858b7e542a4d742803
sample-367.eml,6936,2026-08-06,9152fb8622585c61c21c079a50a0ffa178596c37bac9c8debb25a4fdd275e963
sample-8077.eml,473702,2026-08-06,12a8f18fa53f2fb4d7771e2d3ac8b6f355cc100747978821fe0e2a546919b5b3
sample-6337.eml,55266,2026-08-06,8656c057fac8e96d4cc8c06872c30ba866e5de2e3fa6ddfaf28d3b1e46264681
sample-3020.eml,38440,2026-08-06,9be94ae503fd2854f1fd782af4fa27ad2774ccd624aa48addab8808970c9e5a6
sample-6935.eml,20542,2026-08-06,0a1011bf99ce0d63325057c086af0b9345ae07b7884a405f7faa36be3b1a03a9
sample-257.eml,31395,2026-08-06,18b99e44d9739ab1d5f795340d8f2248036a0d7731e7465c19c9d161c48151d8
sample-6794.eml,14600,2026-08-06,2fa42fef5c9848029944097ce710de3a3c1bac900ba6e1cbd37c438dab77fc07
sample-180.eml,20107,2026-08-06,46ae7788115d840c9be3e5dd7e3ff9fea64cebe85e21a7bdfc110c7565cf80a8
sample-3651.eml,26331,2026-08-06,72aa83d651c87345c2ea17dc5284f5f6dbd760bde1f969d1af3b9b3d141b7b32
sample-1201.eml,268733,2026-08-06,b9b8f8a85add437ea913e83d237d42f3d00daa733ebba329d85d1f0008b0f803
sample-4679.eml,27053,2026-08-06,09b3548f54ec555f363aaacadd239284145afb50938cc691872b987bd9262583
sample-6102.eml,27056,2026-08-06,afa1e7c46edf9971742fd37bbf27f7b13916a9d33ea442fa6157180f41a1fa77
sample-5669.eml,11455,2026-08-06,e36723fa13319a19a1879b0c7b86fa633e16af42dcf14389f7e903ed48dbe039
sample-6073.eml,26680,2026-08-06,02e209c11af18c2dc0122b5093c4151d7af5f90f136ed555a6083ffa7f2b95e2
sample-5498.eml,15007,2026-08-06,ed8ef9b8a629fbe50e36ec81f033aba9292ebac64dd782d0a2cae1256a3181ad
sample-7072.eml,17196,2026-08-06,1671af7d75cfcf060e55cf35f7505d6480875edf108cd65181b024cfaca48a35
sample-838.eml,147486,2026-08-06,3a9872d13c1f2f704f9e65ced3152637a867648d3debe37a08d25a9448e9c2a0
sample-1105.eml,15496,2026-08-06,b130321e1db38d29432d7b5769830527e89e23ecf2ea6b525805f340d002dbb7
sample-1632.eml,18736,2026-08-06,9d9c44f5fbd0bbf83b09d9e0e9474e216b4ca3ec31977790abe18c6eda0450fd
sample-1310.eml,13805,2026-08-06,b3b241b9dbcf723db1c7802db66f460be80bd92a6ac24ea58a7fa9346f0804e6
sample-2403.eml,105282,2026-08-06,c3a4d9b05f90335a19cbc5fe02dc7adc09b924b73ab509b164fa5d66dd4e71bc
sample-2056.eml,105216,2026-08-06,8f8234ab9002d024a1b5484930e07e03da867d9421beb35e071b7afdcd3c8712
sample-364.eml,9646,2026-08-06,7cb2e056f945311e0b549128ace749c44ec89162c048fa522f191211c2e0a4bd
sample-2605.eml,105204,2026-08-06,b75582fe6571b0fb96aedaca05baa5d2e3ad0ae0227e90014ab16666777364e7
sample-5604.eml,21910,2026-08-06,4091c498a7a3b71741a774141fd263ad53d3296bd123c0531952c00ad8004a2b
sample-5164.eml,15820,2026-08-06,e335ce6ebbf0fd11581675cc32306eb8d964b18101d07db8b67f8e6421224bab
sample-3925.eml,28824,2026-08-06,7e39b081f15f67003224ed175c118e6602dedc33a9405307aa11a61dd0297f02
sample-6694.eml,18940,2026-08-06,62a5815182c9c94e7e9c2e44996d3e9f3d811da7dd1b6b4e8aab074c6c4a9d6b
sample-2000.eml,35333,2026-08-06,a54c57d5c5a924b3b51ef72d2bfa1649582d236318b97a27c9c60a5a867ad5bb
sample-7178.eml,15850,2026-08-06,ea45121f044ddbd6a3a4023e8419a3be02cf05a091b8aeb2b29871f07a03a8a8
sample-2868.eml,19659,2026-08-06,dfb1a54c80e2533516c6f9ddb153edddf372cbe655ddb706e3b500f5f2e2f328
sample-4989.eml,11006,2026-08-06,64fa7ff949cb58236d948fd78288c79eb3dc1138bba093b85ae7dae8d851628a
sample-1297.eml,15443,2026-08-06,a0c35545f28343f3306dfe6cdf6ebe9d2ac28978e561bf115347bfb767491e15
sample-2127.eml,10357,2026-08-06,54b90c9d1b2da2c4027b4e0270440514c2db0feb9c56ca5d732048ef1e9fecc2
sample-3603.eml,12670,2026-08-06,152383dd3ca8ed83a4a6aeb93ba73c1b634dfcbe6415c89ea0f9825eb04f8a37
sample-2337.eml,8908,2026-08-06,9f9823f21f57c77b0ac4feab13f61ee0c1f47623dfd67c353cb786e55d1a8b33
sample-458.eml,52034,2026-08-06,4b9dc33e90047f4522a0dd70f8cb6cc00068cbe3f21943a9bfbcc6af06eeb9c3
sample-3607.eml,27331,2026-08-06,6314470216b1875e912a0a5e037725b108a9b2eaa963c74d7fae3311ed55ec73
sample-3021.eml,19309,2026-08-06,99f8145f26aab7b8439c8d8f64830bc5ef02fdc9420bd8492b29137bad02f9c2
sample-4419.eml,43053,2026-08-06,81b8b411fc597c619a161607174d58a079dc289c8e1ee1f303ff77d135da3816
sample-1041.eml,15566,2026-08-06,e372cf8ad3516704751fa40f63a369230b0c6a3ba44e6e7743f31e6e0a44d3af
sample-7822.eml,19791,2026-08-06,a910f9895009710a4e103f97ef0b223ff6050c4c9849b2c79bd32dfea6a014a6
sample-3132.eml,20749,2026-08-06,dfd7d3184ee67a30d19a6f96f6226069b769cc5b3b3a0d15ccf843224bc3e48c
sample-1384.eml,116975,2026-08-06,8d316260dc7f70a82b9690fa7f13c95b5b659a974a27fe652e89b25f99c481ad
sample-3999.eml,15390,2026-08-06,7c0f4d0788f2c239bc6588a65d6a2b6ea7a7c2e82c6dbcc0791bdd448f03ac99
sample-4750.eml,18497,2026-08-06,b83be5575e3bdae84816d4219eff7d3f0482b87aeb95daed76967cba0469c610
sample-901.eml,12806,2026-08-06,20000801a6afbf11fb8ab9e606304eb6e920763bc3639d1370bb3b499c8c1e7a
sample-4733.eml,14190,2026-08-06,2f4f6edee0bc44758985a730b5d288190e8d0306094928939152107ca96f0985
sample-7509.eml,15606,2026-08-06,ec1329de815a3354668447639a45819dccd0ec20e4b5bf4aecf5517b25de3b40
sample-8587.eml,467416,2026-08-06,2e5208014f32f2f3971f25620d40fa63fc4f43f6589fb4d6c589a0c3a242e03a
sample-6835.eml,30726,2026-08-06,03645369c17ed90dd4767812f1aea6e0270515355ad26e90bcfad9714e593b08
sample-2971.eml,25840,2026-08-06,9d3c197e9b5f11bf01ecb2fd425edbb689e904c10d9dbef6067e5fe4812d7d1d
sample-3343.eml,20996,2026-08-06,81846673c9705ec926c91d5875a382e2289f2fec4b88a2f53cc65fcf66deccce
sample-3969.eml,30287,2026-08-06,a7409fd526a840904e80f4689dcae280c3d8720cdc6f7291c194bfe42d6e4ad9
sample-3570.eml,17654,2026-08-06,3a330d645d65f056ece58554cbcc9d2a646b66b5a84095f8ce3fce309b2fe2b6
sample-4680.eml,20387,2026-08-06,c890fe35ee3c149a5c04e124bcdef6394b77c38dbe0c09b00914b30b7c78c01a
sample-1193.eml,20115,2026-08-06,4c9b501de1afe728107e960275ffd2575b5d33ece5dc49b3d566fced6b4f959e
sample-8267.eml,16113,2026-08-06,7cd6a3d7754a6e0cea18a0241716922d11cea0c0a476d55aec89a9811c012e70
sample-1069.eml,15801,2026-08-06,7b7c87439dee40a4b779937a4d5a8f23a60f5266db22200004bf2dfeb10fc53f
sample-4462.eml,11491,2026-08-06,835b2368526c6ca248fcc68853b9ebe32e571b08aff5bd6e70b3cea20c5a0ad8
sample-4740.eml,14455,2026-08-06,dbbdcfda3f9c47cdce6c004c04090774caa801192d79ac3bd8991b34026673e2
sample-836.eml,18884,2026-08-06,a4f393cccc9feba27e7eab41a11786b40c89bc51456c23869ba1341cf11378ac
sample-5612.eml,29082,2026-08-06,2e5dca108fa2d520b9951537f2d2c665c604ae699d24d6e5a703396c30570731
sample-7152.eml,24814,2026-08-06,291f08721e8d3ff5314b4a5c82e95cc6cc44a33c060aeef8771cddc059258ac5
sample-1577.eml,25121,2026-08-06,39b18e11db0088df1bc05f773b15d4cbd60d8f4344e2f2907db4511c4c331053
sample-6646.eml,20409,2026-08-06,e3a25f588d3a5ce0be6752fdc3e8174f05cefed4228da0d94007993b4a020d01
sample-787.eml,22982,2026-08-06,daa6898ee3b8f1997f44421b2f96ec9ca9f7fa6f473177128481b4b2c3df9441
sample-3265.eml,13600,2026-08-06,f20b7f9165f25d55c453da64e6d2d47835088cc891b3d8ff6433780d28530329
sample-1653.eml,41886,2026-08-06,cd3fca870520843bdb79221424859dbfe8a24b0cb021313b734ed3b7113371f3
sample-739.eml,22174,2026-08-06,c23d055cce856517b6d30495221479a614724ad1ae99941d3bc8a7b446ba6d6d
sample-235.eml,15884,2026-08-06,5042cb59f5f19505fb4fa062f93f4494936649259958f79daea5ab8b8d9424bb
sample-4629.eml,73124,2026-08-06,f8dc2b7b00ac7009e6078290e07a5b5ef5ffa23c2cf55b1a4cdf950ea35d6491
sample-1633.eml,18336,2026-08-06,5f6602202ff753a0b8311555d088de5d26be78c4193c7c7635a7a6014ab0f97d
sample-1395.eml,21760,2026-08-06,ba957b4f7d165d483c6e608ce2262e1726b13d81425d849e82baf54dbfad9547
sample-87.eml,11883,2026-08-06,47dc94471db2e0a8b149047544257e97afc8e99d9869fa85b8f4caadcdfad0e1
sample-421.eml,10275,2026-08-06,fe47c07ae8fc863b596bf729eb0a5f7cbb94d114eb249f24cac3bfd6160be0e2
sample-5449.eml,18359,2026-08-06,38e8aba7d96840eb7c0759013b761af2e28ce387cc6f7045838b754b0cceac78
sample-5796.eml,15902,2026-08-06,23d33b6c73c04c2133a18df324ad2213cc9b9e92128c6f8bf6a749f2f3946bc6
sample-4520.eml,12612,2026-08-06,3fe00c8130050a4a82294e13c572b97341788c7673c7633a01839ea4648caae1
sample-8511.eml,21022,2026-08-06,84898cd21f0ed66a883b29593c475a099ed1f73111cee903aa3269cbead5af66
sample-2669.eml,105206,2026-08-06,860b3137124101731c5422c6783fae6b8e87c84c89befd626f09eb600da888ef
sample-8160.eml,465570,2026-08-06,ac9ff715a44531404fc8ca853b79acaf13ae8c0320c51d9d144ec6273d7e0129
sample-7570.eml,26721,2026-08-06,d87a0dced6438ae8b853de51c67351d6e67fa07f22c1cb832920c0e07bbbeda1
sample-1850.eml,46434,2026-08-06,3e73d12c80aefd3bd77b33c3127fa02901dc2f837b4995749e8e85e02e14cedc
sample-4427.eml,23714,2026-08-06,f73d5f2f33f6d090a8b412dcdd8a3658bb2229c9a6ae3ccdc665752e0e9a184c
sample-4087.eml,9537,2026-08-06,b149f48a43959d4f3c3b7c0d1c018d61fed637d0af268d5cb8e2fe97158c4c6f
sample-4453.eml,100298,2026-08-06,cbb4ce03de8cf696fb2bf0a99d43ce37df4fe5228ab5cd60d2b96ad2f5fd0f1b
sample-2713.eml,30541,2026-08-06,eb03f58a19d8e93cc22c72f2aa38d53b6535377fc5abdbee9403ee19ea8bcd27
sample-5792.eml,19309,2026-08-06,4980f89c35f63c579c97b8805f29038cd46e9d6f7f94c7cc871cfd467081d540
sample-945.eml,15209,2026-08-06,10fa844b18c38bcb378e71be5e176288d1d71ed0a86f109ce290ba42b5fef9a6
sample-2242.eml,19176,2026-08-06,95b4f0a356410c83398e2b7b23471e765599b118b0ca41971638729814036eb4
sample-1157.eml,70634,2026-08-06,6539b25126e45fb71a4f939a9708197ce80eeb69cfb9a89f20367ae45b36d823
sample-2407.eml,8730,2026-08-06,febe4f02aa41dc041caf1b6f9f583d96a3545227a0e4bf7fe170b6cd30e24189
sample-5882.eml,170075,2026-08-06,0917444886e2a3e62ecac1fe4f5722aaaf51c75691b19f1b713aa4029fa7d4aa
sample-4353.eml,9839,2026-08-06,6dce8cb46cc4c78db2bf6d19222a062a765227798be2c8407daca9a1d94ce152
sample-4285.eml,14923,2026-08-06,9bb2ba0e17e8fccb0795ca4a9a001d598fc939abad7e7bce3f3654aae380b9fc
sample-1738.eml,18519,2026-08-06,8f0f780630f0192ce24844cd33e2fc05982e2637169010fc0c5950d6515c9c00
sample-5015.eml,14844,2026-08-06,94f7b33159ecba84a7dfb5bfbb8349d1313722b3d5dbd6655a44c9f84564bd65
sample-6653.eml,34652,2026-08-06,be0021cb176aa973fa6f32d0ad26899840683f795fb503ce728e1f44f8f46587
sample-7944.eml,14367,2026-08-06,15d50f0c0fe9f49292716733b193fa0182ed6da506bd612331c13d9f7cd9104d
sample-1345.eml,138558,2026-08-06,8ddacce877120417886d0c832c533daf4f296bd1772a6838fd6d6a762754906b
sample-4836.eml,37457,2026-08-06,4f349720cf676f5f4524854bb21533cc7ee41408514c030a8f6009cd2646eb7f
sample-2091.eml,31495,2026-08-06,cbf6d297fd75b3686d10c2a580047473b93a07ddb38e48c94853ec7639e3572e
sample-5170.eml,16619,2026-08-06,9ce8cb28d86a6091098c7d109e0c7eb790af601d9fc241c7304a987157e4b073
sample-5862.eml,20211,2026-08-06,9688a10cdf3617813d00db3782a8f8482203fab605d226abc090d46b13160ea3
sample-2681.eml,105461,2026-08-06,0a4a01fdc1ee4ab4c88f7fe25526c4fdc47b76c6fde408a5543c0d8f140959f4
sample-4467.eml,82909,2026-08-06,a32e93ebb65e8c1de203b4e4eab994f3f47c708eea520782bbd11d977a26d567
sample-4443.eml,23217,2026-08-06,1320eaf6f3cd0d2b394899299f5d49f373302cb387f180d9db4d55f304125af9
sample-3046.eml,19563,2026-08-06,57665312a918480d1681a109125b2151681b6671ade05f70c36c5f102f6552a3
sample-4618.eml,10847,2026-08-06,885900263a0bd0b81cbaa470df8264d4340baa3f1f72d0920ec5c971ff2a99a3
sample-2016.eml,18151,2026-08-06,ed0c6d7900b180d0193458a59c97f868581a802554189b944ae309703cedfd78
sample-2714.eml,21809,2026-08-06,910eb4cdf567a0b0f7e51e843d1f242227ddae19ae15bc7ae8ae2f213a4f96a6
sample-727.eml,50495,2026-08-06,cd4496f297459d37c17f4376c1230793ef78b22a1bf6d4b52acbc5d86b59a455
sample-484.eml,31338,2026-08-06,b392f0120acfe3ce884c2e217203c8b6aea59d6cdad8f5f8ce61215b3a5366ae
sample-8514.eml,20564,2026-08-06,9b489ca4ac93ebf9352e6846f2bb3f845d8f8a4fc9b68965b5d95da95dd7bcb0
sample-4574.eml,104403,2026-08-06,d76c8656dd1203cbf30ac22d5d2d5f6958ed0ede9cf2571e2e39786df7e21759
sample-5512.eml,12960,2026-08-06,1405111a8a5527ac4ad5ebb9b2ab045e81eb5239bb67888a656d51646fce1719
sample-2664.eml,105211,2026-08-06,f9d8d8474b95815a9f6a6b916ea2b038b7d20ec056bede4a3f8324e5be168a85
sample-7456.eml,26485,2026-08-06,8e3b88c23b0b50484a1065a41f650d35f3b1800c4c92aabaad5d149ed6421edd
sample-5850.eml,15711,2026-08-06,6b96ba9fda5627b3a483a915b398ef018eaf3a27b2fad34fd5a702350a1cd35a
sample-8531.eml,15207,2026-08-06,bb1e26bd096997e7d28c305c780c5ab7ebcc1ddbb51e7aa98f81078d11059ed8
sample-270.eml,10294,2026-08-06,56d3dfe7e82a799c73a6ce6b64fdce6eb6d51eaa17cd12f327c738a1307f20bd
sample-6013.eml,12517,2026-08-06,b209e5db57fc1c4ac218f14ab344ac066b81cf255d792917dcec955b46b3eff8
sample-371.eml,16374,2026-08-06,71ed811246d1d18b58e18a1b26740fcad30924a30138ebcd0fbe68496bb7d17c
sample-5349.eml,22941,2026-08-06,cac9798e446e519bbbaf262a10bdbc10839808a6914ab87c3776e82600bfa7dc
sample-7284.eml,24784,2026-08-06,f7d30caa59ecd1b09be001d23a12fe84c06c07d04645a065a31edb93000ecc4c
sample-6025.eml,26192,2026-08-06,ecc1df7cc2c59872dc5b8c3bc2ad7aea61e9cb65c4cfdb7578768b4bc409696f
sample-8002.eml,15185,2026-08-06,8661e1f10bbce20c24bc276928e65c3813d65997b9c7628419df0cae060d5364
sample-4974.eml,12564,2026-08-06,c765452d0b83f0eac85d4de97f1f0ec562d844d78cc5fcd57adb2930c82b1148
sample-4872.eml,19209,2026-08-06,eb879b19aa93763df35ff1604b1092f5b8a4cc9407e9f28cc671daa33b2d8683
sample-5353.eml,39394,2026-08-06,af76acb03df5b0cfa1aca33b6576d7e7163e79c42d7d2c47cc426e0638087f0d
sample-4326.eml,39971,2026-08-06,324da8db353abf5d53661f0e4a71b23e35b65b137be54304fbb806a663666f4f
sample-4873.eml,17474,2026-08-06,0da576b512a078c6922b31802fe1dbeb046df8491658eea2ac03094ac674b0ff
